order_id,order_date,customer_id,region,category,product_name,quantity,unit_price,discount,revenue,returned
ORD-13406,2024-11-28,CUST-3898,South,Electronics,Laptop Stand,1,49.99,0.0,49.99,False
ORD-10757,2024-07-09,CUST-2356,East,Electronics,Webcam HD,1,79.99,0.05,75.99,False
ORD-13624,2024-04-26,CUST-4919,North,Electronics,Webcam HD,3,79.99,0.0,239.97,False
ORD-14544,2024-05-01,CUST-1906,South,Home & Garden,Scented Candles,1,19.99,0.05,18.99,True
ORD-13235,2024-03-21,CUST-4518,West,Clothing,Wool Sweater,2,79.99,0.15,135.98,False
ORD-11868,2024-02-18,CUST-4933,East,Electronics,Laptop Stand,4,49.99,0.15,169.97,False
ORD-12916,2024-10-07,CUST-1446,South,Clothing,Yoga Pants,1,44.99,0.05,42.74,False
ORD-13335,2024-10-02,CUST-1394,North,Electronics,USB-C Hub,1,39.99,0.0,39.99,False
ORD-13527,2024-10-07,CUST-4738,North,Clothing,Rain Coat,2,119.99,0.1,215.98,False
ORD-12827,2024-02-25,CUST-4903,North,Home & Garden,Coffee Maker,2,69.99,0.0,139.98,False
ORD-14392,2024-09-04,CUST-1439,West,Electronics,LED Monitor,3,299.99,0.05,854.97,False
ORD-13484,2024-08-22,CUST-4612,East,Home & Garden,Throw Blanket,2,49.99,0.0,99.98,True
ORD-12961,2024-05-16,CUST-3186,North,Clothing,Rain Coat,1,119.99,0.1,107.99,False
ORD-13215,2024-02-12,CUST-4503,North,Electronics,Bluetooth Speaker,4,59.99,0.1,215.96,False
ORD-14301,2024-12-21,CUST-1512,North,Home & Garden,Storage Organizer,1,29.99,0.0,29.99,True
ORD-10615,2024-12-27,CUST-2480,South,Clothing,Wool Sweater,2,79.99,0.0,159.98,False
ORD-10640,2024-01-09,CUST-4704,North,Electronics,Wireless Headphones,1,89.99,0.0,89.99,False
ORD-13708,2024-04-16,CUST-1131,West,Clothing,Winter Jacket,1,149.99,0.2,119.99,False
ORD-12366,2024-02-08,CUST-3014,South,Electronics,Laptop Stand,1,49.99,0.0,49.99,False
ORD-12755,2024-04-25,CUST-4973,East,Home & Garden,LED Desk Lamp,3,44.99,0.0,134.97,True
ORD-12318,2024-06-01,CUST-2498,South,Home & Garden,Storage Organizer,1,29.99,0.0,29.99,False
ORD-14171,2024-12-13,CUST-2867,West,Clothing,Winter Jacket,3,149.99,0.2,359.98,False
ORD-14760,2024-06-28,CUST-4276,North,Clothing,Casual Sneakers,2,89.99,0.0,179.98,False
ORD-12190,2024-04-07,CUST-3730,North,Electronics,USB-C Hub,1,39.99,0.05,37.99,False
ORD-14714,2024-07-11,CUST-3019,East,Clothing,Rain Coat,1,119.99,0.0,119.99,False
ORD-12867,2024-10-03,CUST-2979,North,Clothing,Running Shoes,1,109.99,0.0,109.99,False
ORD-13731,2024-12-12,CUST-2646,West,Clothing,Wool Sweater,1,79.99,0.2,63.99,False
ORD-10470,2024-01-05,CUST-3819,East,Electronics,Bluetooth Speaker,1,59.99,0.0,59.99,False
ORD-12530,2024-10-25,CUST-1948,East,Electronics,Webcam HD,2,79.99,0.05,151.98,False
ORD-12211,2024-11-19,CUST-1544,East,Electronics,LED Monitor,3,299.99,0.05,854.97,False
ORD-10625,2024-05-22,CUST-3601,North,Electronics,Mechanical Keyboard,1,129.99,0.05,123.49,False
ORD-14202,2024-02-14,CUST-3598,East,Electronics,Wireless Headphones,1,89.99,0.15,76.49,False
ORD-14819,2024-03-09,CUST-3783,North,Electronics,Smart Watch,1,199.99,0.1,179.99,True
ORD-11874,2024-10-18,CUST-3148,West,Home & Garden,Plant Pot Set,3,34.99,0.0,104.97,False
ORD-14574,2024-04-16,CUST-2442,South,Electronics,LED Monitor,1,299.99,0.0,299.99,False
ORD-12061,2024-07-03,CUST-4513,North,Home & Garden,Wall Clock,3,39.99,0.05,113.97,False
ORD-13691,2024-07-17,CUST-3183,East,Home & Garden,Plant Pot Set,5,34.99,0.0,174.95,False
ORD-12288,2024-06-20,CUST-1468,East,Home & Garden,Wall Clock,1,39.99,0.1,35.99,False
ORD-14126,2024-10-19,CUST-2375,West,Home & Garden,Throw Blanket,3,49.99,0.05,142.47,True
ORD-10370,2024-02-09,CUST-1750,North,Home & Garden,Scented Candles,1,19.99,0.0,19.99,False
ORD-14398,2024-03-06,CUST-3212,West,Home & Garden,Storage Organizer,4,29.99,0.0,119.96,False
ORD-13244,2024-10-06,CUST-3464,South,Home & Garden,LED Desk Lamp,2,44.99,0.0,89.98,False
ORD-11218,2024-09-19,CUST-3692,North,Electronics,USB-C Hub,3,39.99,0.05,113.97,False
ORD-13503,2024-01-15,CUST-4236,East,Clothing,Rain Coat,1,119.99,0.05,113.99,False
ORD-13557,2024-06-17,CUST-4241,South,Clothing,Cotton T-Shirt,2,24.99,0.15,42.48,False
ORD-10274,2024-07-03,CUST-2519,North,Electronics,Wireless Headphones,4,89.99,0.1,323.96,False
ORD-14550,2024-12-27,CUST-1349,South,Home & Garden,Storage Organizer,2,29.99,0.05,56.98,False
ORD-13070,2024-10-24,CUST-4898,East,Home & Garden,Coffee Maker,1,69.99,0.0,69.99,False
ORD-10195,2024-05-26,CUST-1205,East,Electronics,Wireless Headphones,3,89.99,0.0,269.97,False
ORD-13778,2024-09-01,CUST-1384,South,Electronics,Webcam HD,5,79.99,0.0,399.95,False
ORD-12261,2024-08-15,CUST-2518,East,Home & Garden,Throw Blanket,3,49.99,0.0,149.97,True
ORD-14337,2024-12-19,CUST-2838,South,Electronics,Wireless Headphones,3,89.99,0.05,256.47,False
ORD-11440,2024-12-22,CUST-4207,South,Electronics,Webcam HD,1,79.99,0.05,75.99,False
ORD-11125,2024-07-06,CUST-4773,South,Clothing,Cotton T-Shirt,1,24.99,0.15,21.24,False
ORD-10676,2024-02-13,CUST-4414,East,Electronics,LED Monitor,2,299.99,0.0,599.98,False
ORD-12605,2024-07-05,CUST-1008,North,Home & Garden,Wall Clock,1,39.99,0.0,39.99,False
ORD-13018,2024-01-04,CUST-3881,South,Electronics,LED Monitor,2,299.99,0.0,599.98,False
ORD-13032,2024-10-06,CUST-2601,East,Electronics,Wireless Headphones,4,89.99,0.15,305.97,False
ORD-10161,2024-09-11,CUST-4831,East,Home & Garden,Storage Organizer,5,29.99,0.05,142.45,False
ORD-12063,2024-06-21,CUST-1178,South,Clothing,Wool Sweater,4,79.99,0.15,271.97,False
ORD-13690,2024-11-07,CUST-1980,North,Clothing,Cotton T-Shirt,1,24.99,0.15,21.24,False
ORD-11841,2024-06-28,CUST-4668,South,Home & Garden,Throw Blanket,1,49.99,0.1,44.99,False
ORD-14558,2024-12-08,CUST-2351,West,Clothing,Wool Sweater,1,79.99,0.05,75.99,False
ORD-10078,2024-05-08,CUST-2922,North,Home & Garden,LED Desk Lamp,1,44.99,0.05,42.74,True
ORD-11536,2024-03-10,CUST-4706,North,Clothing,Rain Coat,2,119.99,0.1,215.98,False
ORD-12764,2024-02-21,CUST-4409,South,Electronics,Mechanical Keyboard,1,129.99,0.0,129.99,False
ORD-12921,2024-10-09,CUST-1797,South,Electronics,Wireless Headphones,2,89.99,0.05,170.98,False
ORD-12172,2024-03-25,CUST-1078,North,Home & Garden,Air Purifier,1,159.99,0.05,151.99,False
ORD-14433,2024-12-24,CUST-3986,South,Electronics,Webcam HD,1,79.99,0.0,79.99,False
ORD-10567,2024-06-06,CUST-2341,East,Home & Garden,Throw Blanket,2,49.99,0.1,89.98,False
ORD-11947,2024-02-24,CUST-1286,South,Clothing,Casual Sneakers,1,89.99,0.2,71.99,False
ORD-13383,2024-04-15,CUST-3340,North,Clothing,Denim Jeans,3,59.99,0.1,161.97,False
ORD-11252,2024-02-01,CUST-4048,East,Electronics,Laptop Stand,1,49.99,0.05,47.49,False
ORD-11982,2024-06-17,CUST-4949,West,Clothing,Wool Sweater,3,79.99,0.25,179.98,False
ORD-10402,2024-07-14,CUST-2236,East,Electronics,Laptop Stand,2,49.99,0.0,99.98,False
ORD-13893,2024-06-27,CUST-4062,East,Electronics,Bluetooth Speaker,1,59.99,0.0,59.99,False
ORD-14434,2024-01-18,CUST-1759,East,Clothing,Running Shoes,1,109.99,0.05,104.49,False
ORD-12316,2024-04-12,CUST-1789,South,Electronics,Laptop Stand,3,49.99,0.0,149.97,False
ORD-10687,2024-04-14,CUST-3215,South,Home & Garden,Plant Pot Set,3,34.99,0.0,104.97,False
ORD-10459,2024-02-04,CUST-1296,South,Electronics,Webcam HD,2,79.99,0.05,151.98,False
ORD-10145,2024-01-24,CUST-4308,North,Clothing,Denim Jeans,1,59.99,0.15,50.99,False
ORD-14758,2024-06-14,CUST-1627,West,Clothing,Rain Coat,1,119.99,0.0,119.99,False
ORD-12754,2024-12-22,CUST-4279,North,Electronics,Smart Watch,2,199.99,0.05,379.98,False
ORD-14138,2024-09-04,CUST-1366,West,Home & Garden,LED Desk Lamp,5,44.99,0.0,224.95,False
ORD-14311,2024-12-11,CUST-1350,South,Clothing,Yoga Pants,2,44.99,0.2,71.98,False
ORD-11569,2024-06-18,CUST-4237,West,Home & Garden,Scented Candles,1,19.99,0.05,18.99,True
ORD-11227,2024-04-15,CUST-3939,East,Electronics,Laptop Stand,2,49.99,0.1,89.98,False
ORD-13788,2024-02-06,CUST-3408,South,Home & Garden,LED Desk Lamp,2,44.99,0.05,85.48,True
ORD-12688,2024-06-13,CUST-4557,South,Clothing,Casual Sneakers,3,89.99,0.25,202.48,True
ORD-12036,2024-02-11,CUST-2133,East,Electronics,Bluetooth Speaker,1,59.99,0.05,56.99,False
ORD-11858,2024-11-11,CUST-4868,East,Electronics,LED Monitor,2,299.99,0.05,569.98,False
ORD-13490,2024-02-09,CUST-2820,North,Home & Garden,Wall Clock,1,39.99,0.05,37.99,True
ORD-13735,2024-06-26,CUST-2503,South,Electronics,Smart Watch,1,199.99,0.1,179.99,False
ORD-10004,2024-03-19,CUST-2397,South,Electronics,Smart Watch,3,199.99,0.0,599.97,False
ORD-14133,2024-09-16,CUST-1459,South,Electronics,Laptop Stand,3,49.99,0.0,149.97,False
ORD-11272,2024-11-04,CUST-1298,West,Clothing,Wool Sweater,2,79.99,0.0,159.98,False
ORD-14635,2024-12-25,CUST-4415,South,Clothing,Wool Sweater,2,79.99,0.15,135.98,False
ORD-11343,2024-10-07,CUST-1165,West,Electronics,Bluetooth Speaker,1,59.99,0.0,59.99,False
ORD-13986,2024-02-27,CUST-1976,East,Clothing,Rain Coat,1,119.99,0.1,107.99,False
ORD-10735,2024-12-01,CUST-2129,West,Home & Garden,Storage Organizer,5,29.99,0.0,149.95,False
ORD-11193,2024-09-13,CUST-3954,South,Electronics,Webcam HD,4,79.99,0.05,303.96,False
ORD-13439,2024-12-08,CUST-4188,East,Electronics,Smart Watch,1,199.99,0.0,199.99,False
ORD-13449,2024-01-17,CUST-4435,South,Clothing,Denim Jeans,1,59.99,0.1,53.99,False
ORD-10213,2024-03-16,CUST-4729,West,Clothing,Wool Sweater,2,79.99,0.05,151.98,False
ORD-11637,2024-03-25,CUST-1869,North,Electronics,Mechanical Keyboard,1,129.99,0.05,123.49,False
ORD-11661,2024-07-16,CUST-1027,North,Electronics,Bluetooth Speaker,2,59.99,0.0,119.98,True
ORD-14146,2024-02-26,CUST-1601,South,Clothing,Denim Jeans,4,59.99,0.05,227.96,False
ORD-14348,2024-11-01,CUST-3342,East,Home & Garden,Scented Candles,1,19.99,0.05,18.99,False
ORD-14662,2024-06-12,CUST-3472,South,Clothing,Casual Sneakers,1,89.99,0.15,76.49,False
ORD-10766,2024-11-18,CUST-4481,North,Clothing,Cotton T-Shirt,3,24.99,0.1,67.47,False
ORD-13939,2024-06-24,CUST-3741,East,Clothing,Running Shoes,3,109.99,0.0,329.97,False
ORD-12451,2024-12-06,CUST-1355,North,Electronics,Smart Watch,2,199.99,0.0,399.98,False
ORD-14883,2024-03-04,CUST-2759,North,Clothing,Winter Jacket,4,149.99,0.1,539.96,True
ORD-11382,2024-12-11,CUST-1818,South,Home & Garden,Air Purifier,4,159.99,0.05,607.96,False
ORD-13769,2024-02-03,CUST-1318,East,Clothing,Wool Sweater,1,79.99,0.2,63.99,False
ORD-12610,2024-11-12,CUST-4760,South,Home & Garden,Throw Blanket,4,49.99,0.0,199.96,False
ORD-14310,2024-04-24,CUST-2992,East,Clothing,Running Shoes,5,109.99,0.15,467.46,True
ORD-13874,2024-01-19,CUST-2809,South,Home & Garden,Throw Blanket,1,49.99,0.0,49.99,False
ORD-10876,2024-10-22,CUST-1808,North,Home & Garden,LED Desk Lamp,1,44.99,0.05,42.74,False
ORD-14010,2024-01-25,CUST-3187,North,Electronics,Bluetooth Speaker,2,59.99,0.05,113.98,False
ORD-12304,2024-12-03,CUST-1823,South,Clothing,Running Shoes,1,109.99,0.0,109.99,False
ORD-11731,2024-09-01,CUST-2027,North,Clothing,Casual Sneakers,2,89.99,0.05,170.98,False
ORD-11144,2024-04-08,CUST-1898,South,Clothing,Rain Coat,2,119.99,0.15,203.98,False
ORD-10449,2024-02-18,CUST-4778,East,Clothing,Cotton T-Shirt,2,24.99,0.2,39.98,False
ORD-13375,2024-11-11,CUST-4227,East,Electronics,Webcam HD,1,79.99,0.05,75.99,True
ORD-12643,2024-09-24,CUST-2488,East,Clothing,Casual Sneakers,1,89.99,0.2,71.99,False
ORD-10723,2024-10-11,CUST-4967,West,Clothing,Winter Jacket,1,149.99,0.25,112.49,False
ORD-10561,2024-03-28,CUST-3061,South,Electronics,Bluetooth Speaker,2,59.99,0.0,119.98,False
ORD-12273,2024-09-05,CUST-1778,North,Electronics,LED Monitor,1,299.99,0.05,284.99,False
ORD-11634,2024-12-05,CUST-1188,East,Clothing,Denim Jeans,4,59.99,0.2,191.97,False
ORD-10194,2024-05-02,CUST-3844,North,Clothing,Denim Jeans,3,59.99,0.05,170.97,False
ORD-13190,2024-04-10,CUST-4265,East,Home & Garden,Wall Clock,2,39.99,0.0,79.98,False
ORD-10770,2024-02-19,CUST-4101,North,Electronics,Laptop Stand,1,49.99,0.0,49.99,False
ORD-10616,2024-01-15,CUST-3022,South,Home & Garden,LED Desk Lamp,2,44.99,0.05,85.48,False
ORD-14079,2024-03-09,CUST-1763,East,Clothing,Casual Sneakers,2,89.99,0.0,179.98,False
ORD-13613,2024-11-23,CUST-3891,East,Electronics,Smart Watch,3,199.99,0.0,599.97,False
ORD-12447,2024-03-03,CUST-3348,North,Clothing,Denim Jeans,3,59.99,0.2,143.98,False
ORD-11095,2024-03-21,CUST-2250,East,Electronics,Smart Watch,4,199.99,0.05,759.96,False
ORD-12421,2024-01-20,CUST-2563,West,Clothing,Casual Sneakers,4,89.99,0.1,323.96,False
ORD-14030,2024-10-25,CUST-3085,North,Home & Garden,Air Purifier,3,159.99,0.05,455.97,False
ORD-12466,2024-05-10,CUST-1736,North,Electronics,Smart Watch,1,199.99,0.0,199.99,False
ORD-13598,2024-05-25,CUST-4043,West,Clothing,Yoga Pants,4,44.99,0.2,143.97,False
ORD-13765,2024-04-21,CUST-1126,South,Electronics,LED Monitor,1,299.99,0.05,284.99,False
ORD-11178,2024-11-12,CUST-1768,South,Electronics,Mechanical Keyboard,3,129.99,0.0,389.97,False
ORD-14440,2024-12-24,CUST-1290,South,Home & Garden,Air Purifier,1,159.99,0.0,159.99,False
ORD-10446,2024-12-22,CUST-1590,East,Clothing,Denim Jeans,1,59.99,0.05,56.99,False
ORD-10172,2024-07-02,CUST-3169,South,Clothing,Casual Sneakers,3,89.99,0.1,242.97,False
ORD-14285,2024-08-26,CUST-4363,East,Clothing,Running Shoes,1,109.99,0.05,104.49,False
ORD-13816,2024-05-27,CUST-2163,West,Home & Garden,Storage Organizer,3,29.99,0.05,85.47,False
ORD-11179,2024-07-22,CUST-2042,South,Clothing,Rain Coat,1,119.99,0.0,119.99,False
ORD-10732,2024-09-15,CUST-1802,North,Home & Garden,Scented Candles,4,19.99,0.1,71.96,False
ORD-11901,2024-01-03,CUST-3820,South,Clothing,Denim Jeans,2,59.99,0.0,119.98,False
ORD-12670,2024-09-01,CUST-3873,East,Home & Garden,Air Purifier,1,159.99,0.1,143.99,False
ORD-11124,2024-09-16,CUST-4478,East,Electronics,USB-C Hub,2,39.99,0.0,79.98,False
ORD-12646,2024-12-07,CUST-1186,East,Electronics,Webcam HD,3,79.99,0.0,239.97,False
ORD-12338,2024-02-13,CUST-2109,North,Clothing,Rain Coat,2,119.99,0.05,227.98,False
ORD-10318,2024-03-22,CUST-4281,North,Clothing,Yoga Pants,1,44.99,0.1,40.49,False
ORD-14036,2024-12-03,CUST-3682,South,Clothing,Rain Coat,4,119.99,0.15,407.97,False
ORD-11003,2024-10-11,CUST-3883,South,Electronics,LED Monitor,1,299.99,0.15,254.99,False
ORD-12725,2024-04-25,CUST-1422,West,Clothing,Winter Jacket,2,149.99,0.0,299.98,False
ORD-14154,2024-04-02,CUST-2850,West,Home & Garden,Wall Clock,1,39.99,0.0,39.99,False
ORD-11391,2024-01-18,CUST-3189,East,Home & Garden,Scented Candles,1,19.99,0.0,19.99,False
ORD-13677,2024-05-27,CUST-1340,East,Electronics,USB-C Hub,1,39.99,0.0,39.99,False
ORD-13159,2024-04-01,CUST-3348,South,Electronics,Wireless Headphones,1,89.99,0.0,89.99,False
ORD-10981,2024-11-05,CUST-4360,East,Clothing,Rain Coat,1,119.99,0.05,113.99,False
ORD-12761,2024-01-04,CUST-4575,North,Electronics,USB-C Hub,3,39.99,0.05,113.97,False
ORD-11206,2024-10-01,CUST-1662,North,Home & Garden,Scented Candles,1,19.99,0.05,18.99,True
ORD-10594,2024-12-23,CUST-3812,East,Home & Garden,Air Purifier,1,159.99,0.1,143.99,False
ORD-13945,2024-01-24,CUST-4722,North,Electronics,Webcam HD,2,79.99,0.0,159.98,False
ORD-12120,2024-11-07,CUST-4030,West,Clothing,Yoga Pants,3,44.99,0.25,101.23,False
ORD-13814,2024-04-19,CUST-4560,South,Electronics,Bluetooth Speaker,1,59.99,0.0,59.99,False
ORD-14720,2024-05-10,CUST-4990,East,Home & Garden,LED Desk Lamp,1,44.99,0.0,73.96,False
ORD-12432,2024-12-13,CUST-2905,West,Clothing,Winter Jacket,1,149.99,0.2,119.99,False
ORD-11406,2024-11-05,CUST-1359,North,Home & Garden,Plant Pot Set,3,34.99,0.05,99.72,False
ORD-10739,2024-05-10,CUST-2797,West,Electronics,Bluetooth Speaker,2,59.99,0.0,119.98,False
ORD-14286,2024-12-26,CUST-1263,East,Clothing,Wool Sweater,2,79.99,0.0,159.98,False
ORD-10921,2024-06-20,CUST-2719,East,Home & Garden,Plant Pot Set,2,34.99,0.0,69.98,False
ORD-12547,2024-05-27,CUST-2488,South,Clothing,Casual Sneakers,1,89.99,,76.49,False
ORD-13571,2024-07-14,CUST-1104,West,Electronics,Smart Watch,1,199.99,0.05,189.99,False
ORD-12740,2024-05-20,CUST-2145,East,Clothing,Winter Jacket,1,149.99,0.05,142.49,False
ORD-13062,2024-08-04,CUST-3625,West,Electronics,LED Monitor,4,299.99,0.05,1139.96,True
ORD-10699,2024-06-07,CUST-2542,West,Electronics,USB-C Hub,2,39.99,0.0,79.98,False
ORD-14649,2024-03-20,CUST-4216,East,Electronics,LED Monitor,1,299.99,0.05,284.99,False
ORD-11602,2024-03-09,CUST-1617,North,Home & Garden,Storage Organizer,4,29.99,0.0,119.96,False
ORD-12395,2024-05-10,CUST-3290,North,Home & Garden,Storage Organizer,3,29.99,0.0,89.97,False
ORD-12077,2024-06-12,CUST-3529,West,Electronics,Mechanical Keyboard,2,129.99,0.1,233.98,False
ORD-10473,2024-12-17,CUST-1741,North,Clothing,Denim Jeans,2,59.99,0.15,101.98,False
ORD-10138,2024-05-21,CUST-2181,West,Electronics,Laptop Stand,1,49.99,0.05,47.49,False
ORD-13756,2024-03-13,CUST-4664,North,Home & Garden,LED Desk Lamp,2,44.99,0.05,85.48,False
ORD-13021,2024-06-13,CUST-4220,East,Clothing,Casual Sneakers,1,89.99,0.05,85.49,False
ORD-10474,2024-07-18,CUST-3017,West,Electronics,Webcam HD,1,79.99,0.05,75.99,False
ORD-12244,2024-11-08,CUST-2377,South,Clothing,Denim Jeans,1,59.99,0.1,53.99,False
ORD-10328,2024-06-10,CUST-2210,North,Clothing,Running Shoes,1,109.99,0.25,82.49,False
ORD-14047,2024-07-14,CUST-2193,East,Home & Garden,Wall Clock,1,39.99,0.0,39.99,True
ORD-13006,2024-12-20,CUST-2880,North,Clothing,Running Shoes,1,109.99,0.0,109.99,False
ORD-14856,2024-02-22,CUST-1911,East,Electronics,LED Monitor,1,299.99,0.1,269.99,False
ORD-10746,2024-05-12,CUST-1575,South,Electronics,Laptop Stand,1,49.99,0.15,42.49,False
ORD-14597,2024-03-13,CUST-3617,East,Electronics,Webcam HD,1,79.99,0.15,67.99,False
ORD-13377,2024-03-08,CUST-1730,North,Electronics,Smart Watch,1,199.99,0.0,199.99,False
ORD-12780,2024-01-14,CUST-2249,East,Clothing,Yoga Pants,1,44.99,0.05,42.74,False
ORD-12082,2024-06-02,CUST-1956,North,Electronics,Wireless Headphones,1,89.99,0.05,85.49,False
ORD-12996,2024-03-19,CUST-3564,West,Home & Garden,Throw Blanket,1,49.99,0.1,44.99,False
ORD-12103,2024-10-02,CUST-1856,North,Clothing,Wool Sweater,3,79.99,0.0,239.97,False
ORD-12626,2024-02-16,CUST-1232,North,Clothing,Casual Sneakers,1,89.99,0.1,80.99,False
ORD-14105,2024-09-27,CUST-3793,East,Electronics,USB-C Hub,2,39.99,0.0,79.98,False
ORD-12498,2024-12-15,CUST-4839,South,Clothing,Cotton T-Shirt,2,24.99,0.15,42.48,True
ORD-13105,2024-06-23,CUST-3651,South,Home & Garden,Coffee Maker,2,69.99,0.0,139.98,True
ORD-11170,2024-08-06,CUST-2821,West,Electronics,LED Monitor,5,299.99,0.05,1424.95,False
ORD-11335,2024-09-09,CUST-2900,East,Clothing,Wool Sweater,1,79.99,0.25,59.99,False
ORD-12659,2024-09-04,CUST-2255,North,Electronics,Bluetooth Speaker,5,59.99,0.0,299.95,False
ORD-10207,2024-09-05,CUST-2907,South,Home & Garden,Coffee Maker,1,69.99,0.05,66.49,True
ORD-13832,2024-11-13,CUST-2454,North,Home & Garden,Throw Blanket,1,49.99,0.0,49.99,False
ORD-14420,2024-02-10,CUST-3537,North,Home & Garden,Plant Pot Set,1,34.99,0.0,34.99,False
ORD-11873,2024-11-08,CUST-2963,North,Home & Garden,LED Desk Lamp,1,44.99,0.0,44.99,False
ORD-12933,2024-07-11,CUST-2123,East,Clothing,Winter Jacket,4,149.99,0.0,599.96,True
ORD-14306,2024-06-09,CUST-4936,North,Clothing,Yoga Pants,1,44.99,0.15,38.24,False
ORD-14621,2024-11-02,CUST-1119,South,Clothing,Casual Sneakers,3,89.99,0.05,256.47,False
ORD-11422,2024-01-26,CUST-1032,South,Clothing,Casual Sneakers,1,89.99,0.15,76.49,False
ORD-14939,2024-11-18,CUST-3737,South,Home & Garden,Coffee Maker,1,69.99,0.0,69.99,True
ORD-12853,2024-12-18,CUST-2392,North,Electronics,Wireless Headphones,2,89.99,0.0,179.98,True
ORD-12392,2024-06-27,CUST-3099,South,Home & Garden,Storage Organizer,2,29.99,0.05,56.98,False
ORD-14684,2024-11-15,CUST-1246,East,Home & Garden,Scented Candles,2,19.99,0.0,39.98,True
ORD-12981,2024-03-07,CUST-1074,South,Clothing,Rain Coat,2,119.99,0.1,215.98,False
ORD-13313,2024-01-22,CUST-4092,South,Clothing,Casual Sneakers,2,89.99,0.1,161.98,False
ORD-12522,2024-04-08,CUST-2468,South,Clothing,Rain Coat,2,119.99,0.25,179.98,False
ORD-10500,2024-10-09,CUST-3533,North,Electronics,Bluetooth Speaker,2,59.99,0.0,119.98,True
ORD-12406,2024-05-04,CUST-4612,South,Electronics,Smart Watch,5,199.99,0.0,999.95,False
ORD-14059,2024-12-04,CUST-4275,West,Home & Garden,Wall Clock,3,39.99,0.0,119.97,False
ORD-13038,2024-01-05,CUST-3654,North,Home & Garden,LED Desk Lamp,1,44.99,0.0,44.99,False
ORD-13942,2024-02-07,CUST-4730,North,Clothing,Cotton T-Shirt,2,24.99,0.25,37.48,False
ORD-14685,2024-05-13,CUST-4159,East,Electronics,Webcam HD,1,79.99,0.15,67.99,False
ORD-12343,2024-05-14,CUST-1771,North,Electronics,Mechanical Keyboard,2,129.99,0.0,259.98,False
ORD-12413,2024-01-18,CUST-4462,West,Clothing,Denim Jeans,4,59.99,0.15,203.97,False
ORD-13899,2024-11-07,CUST-4701,South,Home & Garden,LED Desk Lamp,2,44.99,0.0,89.98,False
ORD-12893,2024-09-23,CUST-1507,South,Clothing,Denim Jeans,2,59.99,0.25,89.98,False
ORD-13283,2024-12-24,CUST-2504,East,Electronics,Wireless Headphones,4,89.99,0.0,359.96,False
ORD-14644,2024-10-23,CUST-1594,West,Clothing,Yoga Pants,1,44.99,0.25,33.74,False
ORD-11390,2024-03-10,CUST-3377,East,Home & Garden,Wall Clock,1,39.99,0.0,39.99,False
ORD-12414,2024-07-28,CUST-1246,North,Electronics,Smart Watch,2,199.99,0.05,379.98,False
ORD-10767,2024-12-06,CUST-3017,North,Electronics,Bluetooth Speaker,1,59.99,0.0,59.99,False
ORD-11537,2024-10-28,CUST-4509,South,Clothing,Winter Jacket,3,149.99,0.1,404.97,False
ORD-14417,2024-01-23,CUST-3721,East,Electronics,LED Monitor,1,299.99,0.1,269.99,False
ORD-10188,2024-07-21,CUST-1618,West,Home & Garden,Wall Clock,2,39.99,0.0,79.98,False
ORD-14922,2024-08-13,CUST-4628,South,Electronics,LED Monitor,2,299.99,0.15,509.98,False
ORD-14808,2024-04-08,CUST-4153,East,Home & Garden,Coffee Maker,2,69.99,0.0,139.98,False
ORD-11146,2024-11-05,CUST-4873,West,Clothing,Casual Sneakers,4,89.99,0.0,359.96,False
ORD-14752,2024-10-22,CUST-3827,South,Clothing,Yoga Pants,1,44.99,0.0,44.99,False
ORD-14502,2024-04-12,CUST-3173,South,Electronics,Smart Watch,2,199.99,0.0,399.98,False
ORD-14424,2024-04-09,CUST-4608,South,Clothing,Rain Coat,2,119.99,0.25,179.98,False
ORD-11459,2024-09-07,CUST-2727,North,Electronics,Bluetooth Speaker,1,59.99,0.05,56.99,False
ORD-13983,2024-03-22,CUST-1974,South,Clothing,Wool Sweater,2,79.99,0.15,135.98,False
ORD-11793,2024-10-24,CUST-2669,South,Home & Garden,Air Purifier,5,159.99,0.0,799.95,False
ORD-14857,2024-12-23,CUST-3300,South,Home & Garden,Throw Blanket,2,49.99,0.0,99.98,False
ORD-11990,2024-11-11,CUST-4051,West,Clothing,Denim Jeans,1,59.99,0.0,59.99,False
ORD-12397,2024-01-26,CUST-4874,West,Home & Garden,Scented Candles,1,19.99,0.1,17.99,False
ORD-10427,2024-12-19,CUST-2823,South,Clothing,Cotton T-Shirt,2,24.99,0.15,42.48,False
ORD-14693,2024-07-24,CUST-1503,North,Clothing,Winter Jacket,1,149.99,0.05,142.49,False
ORD-13666,2024-11-28,CUST-1038,North,Home & Garden,Throw Blanket,3,49.99,0.0,149.97,False
ORD-10909,2024-05-07,CUST-2859,North,Electronics,Smart Watch,1,199.99,0.1,179.99,False
ORD-11561,2024-03-16,CUST-2738,East,Clothing,Yoga Pants,3,44.99,0.1,121.47,False
ORD-12461,2024-12-20,CUST-2636,West,Electronics,Bluetooth Speaker,1,59.99,0.1,53.99,False
ORD-11458,2024-03-05,CUST-1824,South,Electronics,Webcam HD,1,79.99,0.05,75.99,False
ORD-10700,2024-07-04,CUST-2074,North,Clothing,Cotton T-Shirt,1,24.99,0.1,22.49,False
ORD-13067,2024-12-13,CUST-1257,East,Home & Garden,Throw Blanket,2,49.99,0.0,99.98,False
ORD-13795,2024-09-26,CUST-2926,South,Home & Garden,Plant Pot Set,2,34.99,0.0,69.98,False
ORD-11398,2024-08-06,CUST-3693,South,Home & Garden,Wall Clock,1,39.99,0.0,39.99,False
ORD-10054,2024-08-17,CUST-4431,West,Clothing,Wool Sweater,1,79.99,0.1,71.99,False
ORD-13303,2024-05-13,CUST-4132,West,Clothing,Cotton T-Shirt,2,24.99,0.2,39.98,False
ORD-11584,2024-12-22,CUST-2789,South,Clothing,Winter Jacket,1,149.99,0.15,127.49,False
ORD-14778,2024-04-08,CUST-1308,East,Home & Garden,Coffee Maker,1,69.99,0.0,69.99,True
ORD-11058,2024-06-06,CUST-3361,West,Electronics,USB-C Hub,1,39.99,0.05,37.99,True
ORD-14913,2024-03-25,CUST-4889,East,Electronics,USB-C Hub,2,39.99,0.0,79.98,False
ORD-11845,2024-04-26,CUST-3943,North,Electronics,Bluetooth Speaker,1,59.99,0.1,53.99,False
ORD-13961,2024-05-22,CUST-2781,North,Home & Garden,Scented Candles,1,19.99,0.0,19.99,True
ORD-13445,2024-09-14,CUST-1609,South,Electronics,Mechanical Keyboard,1,129.99,0.0,129.99,False
ORD-13324,2024-11-03,CUST-4855,East,Electronics,LED Monitor,1,299.99,0.05,284.99,False
ORD-10788,2024-06-17,CUST-3900,East,Clothing,Casual Sneakers,1,89.99,0.0,89.99,False
ORD-14400,2024-02-26,CUST-3930,East,Clothing,Cotton T-Shirt,1,24.99,0.0,24.99,False
ORD-11965,2024-08-18,CUST-2042,East,Clothing,Wool Sweater,2,79.99,0.2,127.98,False
ORD-14119,2024-10-03,CUST-1097,North,Electronics,Laptop Stand,1,49.99,0.0,49.99,False
ORD-10210,2024-07-23,CUST-1857,North,Electronics,LED Monitor,1,299.99,0.0,299.99,False
ORD-11598,2024-02-18,CUST-3910,South,Home & Garden,Throw Blanket,2,49.99,0.0,99.98,False
ORD-10588,2024-02-13,CUST-4492,South,Clothing,Wool Sweater,2,79.99,0.0,159.98,False
ORD-12167,2024-02-04,CUST-3466,North,Electronics,Wireless Headphones,1,89.99,0.0,89.99,False
ORD-11137,2024-06-13,CUST-4489,East,Electronics,Wireless Headphones,2,89.99,0.0,179.98,False
ORD-12242,2024-08-11,CUST-4933,West,Clothing,Casual Sneakers,1,89.99,0.15,76.49,False
ORD-13037,2024-12-16,CUST-2190,East,Clothing,Denim Jeans,2,59.99,0.05,113.98,False
ORD-12117,2024-08-28,CUST-2929,East,Clothing,Casual Sneakers,1,89.99,0.15,76.49,False
ORD-13944,2024-02-18,CUST-4046,West,Electronics,Wireless Headphones,2,89.99,0.05,170.98,False
ORD-11807,2024-03-13,CUST-4488,East,Electronics,Wireless Headphones,2,89.99,0.15,152.98,False
ORD-12534,2024-10-06,CUST-1900,North,Clothing,Yoga Pants,3,44.99,0.05,128.22,False
ORD-11521,2024-12-28,CUST-3049,North,Home & Garden,Wall Clock,2,39.99,0.0,79.98,False
ORD-14980,2024-12-14,CUST-3909,North,Electronics,Smart Watch,2,199.99,0.0,399.98,False
ORD-12425,2024-12-09,CUST-1234,East,Clothing,Rain Coat,2,119.99,0.0,239.98,False
ORD-10960,2024-02-16,CUST-3011,South,Electronics,USB-C Hub,3,39.99,0.05,113.97,False
ORD-11114,2024-08-04,CUST-4163,East,Clothing,Cotton T-Shirt,4,24.99,0.05,94.96,False
ORD-14510,2024-03-02,CUST-4002,South,Electronics,Mechanical Keyboard,2,129.99,0.0,259.98,False
ORD-13702,2024-04-15,CUST-1538,East,Home & Garden,Air Purifier,1,159.99,0.1,143.99,False
ORD-12378,2024-06-23,CUST-4254,North,Home & Garden,Air Purifier,1,159.99,0.0,159.99,True
ORD-14537,2024-08-25,CUST-4829,West,Home & Garden,Air Purifier,4,159.99,0.05,607.96,True
ORD-12631,2024-10-12,CUST-3298,East,Clothing,Cotton T-Shirt,4,24.99,0.15,84.97,False
ORD-14177,2024-11-20,CUST-4537,South,Clothing,Rain Coat,1,119.99,0.25,89.99,False
ORD-11104,2024-12-14,CUST-1011,South,Clothing,Cotton T-Shirt,1,24.99,0.15,21.24,False
ORD-13897,2024-11-17,CUST-2308,North,Home & Garden,Storage Organizer,1,29.99,0.0,29.99,False
ORD-14954,2024-06-07,CUST-4594,West,Clothing,Yoga Pants,1,44.99,0.1,40.49,False
ORD-14989,2024-11-15,CUST-1911,West,Home & Garden,Air Purifier,1,159.99,0.0,159.99,True
ORD-14527,2024-12-16,CUST-2701,South,Home & Garden,LED Desk Lamp,2,44.99,0.0,89.98,False
ORD-14515,2024-05-14,CUST-1062,West,Clothing,Yoga Pants,2,44.99,0.0,89.98,False
ORD-14715,2024-05-17,CUST-4640,East,Clothing,Denim Jeans,1,59.99,0.0,59.99,False
ORD-14318,2024-05-20,CUST-4917,South,Electronics,Smart Watch,3,199.99,0.0,599.97,False
ORD-14314,2024-12-23,CUST-2292,East,Home & Garden,Throw Blanket,1,49.99,0.0,49.99,False
ORD-14410,2024-01-20,CUST-3932,South,Clothing,Casual Sneakers,1,89.99,0.1,80.99,False
ORD-13390,2024-05-20,CUST-3885,West,Clothing,Casual Sneakers,1,89.99,0.1,80.99,False
ORD-10187,2024-07-12,CUST-2830,South,Clothing,Denim Jeans,1,59.99,0.1,53.99,False
ORD-11090,2024-12-08,CUST-3654,South,Electronics,Wireless Headphones,1,89.99,0.0,89.99,False
ORD-14299,2024-08-23,CUST-2746,South,Clothing,Winter Jacket,1,149.99,0.1,134.99,False
ORD-14091,2024-05-27,CUST-1818,North,Clothing,Rain Coat,1,119.99,0.1,107.99,False
ORD-13612,2024-05-19,CUST-3806,South,Clothing,Denim Jeans,1,59.99,0.2,47.99,False
ORD-10305,2024-12-25,CUST-4674,East,Electronics,USB-C Hub,1,39.99,0.15,33.99,False
ORD-10661,2024-12-09,CUST-4527,East,Home & Garden,Plant Pot Set,3,34.99,0.0,104.97,True
ORD-12805,2024-12-05,CUST-3500,South,Clothing,Wool Sweater,2,79.99,0.0,159.98,False
ORD-10678,2024-12-10,CUST-2256,East,Electronics,LED Monitor,2,299.99,0.1,539.98,False
ORD-12169,2024-05-18,CUST-1194,North,Electronics,LED Monitor,2,299.99,0.0,599.98,False
ORD-14175,2024-12-24,CUST-4440,East,Home & Garden,Scented Candles,1,19.99,0.1,17.99,False
ORD-10562,2024-02-05,CUST-2534,South,Electronics,LED Monitor,1,299.99,0.05,284.99,False
ORD-11059,2024-09-12,CUST-1498,East,Home & Garden,LED Desk Lamp,4,44.99,0.0,179.96,False
ORD-11262,2024-04-21,CUST-1958,South,Clothing,Denim Jeans,3,59.99,0.1,161.97,False
ORD-12857,2024-01-25,CUST-3182,East,Clothing,Cotton T-Shirt,2,24.99,0.0,49.98,False
ORD-12000,2024-04-15,CUST-2761,West,Clothing,Denim Jeans,4,59.99,0.1,215.96,False
ORD-13492,2024-12-25,CUST-1440,West,Home & Garden,Scented Candles,3,19.99,0.05,56.97,False
ORD-14934,2024-06-25,CUST-3695,East,Electronics,LED Monitor,1,299.99,0.0,299.99,False
ORD-12757,2024-12-23,CUST-1551,East,Clothing,Rain Coat,2,119.99,0.05,227.98,True
ORD-10889,2024-04-10,CUST-1248,East,Electronics,Smart Watch,3,199.99,0.0,599.97,False
ORD-10985,2024-06-21,CUST-2340,South,Home & Garden,Coffee Maker,2,69.99,0.1,125.98,False
ORD-10183,2024-12-18,CUST-2680,East,Electronics,Bluetooth Speaker,1,59.99,0.05,56.99,False
ORD-11625,2024-10-16,CUST-2775,West,Home & Garden,Coffee Maker,1,69.99,0.05,66.49,False
ORD-12717,2024-12-26,CUST-2803,West,Electronics,Bluetooth Speaker,3,59.99,0.05,170.97,False
ORD-11435,2024-01-03,CUST-2377,East,Electronics,Smart Watch,2,199.99,0.0,399.98,False
ORD-11940,2024-01-25,CUST-3453,South,Clothing,Rain Coat,3,119.99,0.2,287.98,False
ORD-10674,2024-06-21,CUST-3042,North,Home & Garden,LED Desk Lamp,3,44.99,0.0,134.97,False
ORD-12509,2024-12-26,CUST-2735,West,Home & Garden,Scented Candles,2,19.99,0.0,39.98,False
ORD-14525,2024-06-20,CUST-2937,North,Clothing,Yoga Pants,5,44.99,0.15,191.21,False
ORD-12842,2024-12-11,CUST-1953,North,Electronics,LED Monitor,1,299.99,0.0,299.99,False
ORD-12927,2024-12-11,CUST-4125,East,Electronics,Bluetooth Speaker,2,59.99,0.0,119.98,False
ORD-11381,2024-05-16,CUST-2795,West,Electronics,Wireless Headphones,2,89.99,0.05,170.98,False
ORD-11564,2024-11-06,CUST-2025,North,Clothing,Yoga Pants,1,44.99,0.15,38.24,False
ORD-11549,2024-09-23,CUST-1807,East,Electronics,Wireless Headphones,2,89.99,0.05,170.98,False
ORD-11489,2024-06-14,CUST-1433,East,Electronics,Laptop Stand,1,49.99,0.0,49.99,False
ORD-14071,2024-10-06,CUST-4454,North,Home & Garden,Air Purifier,2,159.99,0.0,319.98,False
ORD-14478,2024-08-23,CUST-4407,North,Electronics,USB-C Hub,2,39.99,0.0,79.98,False
ORD-12152,2024-10-15,CUST-1185,East,Electronics,LED Monitor,3,299.99,0.0,899.97,True
ORD-11498,2024-05-02,CUST-4877,West,Clothing,Wool Sweater,2,79.99,0.0,159.98,False
ORD-12881,2024-11-07,CUST-1618,East,Home & Garden,Scented Candles,2,19.99,0.0,39.98,False
ORD-13087,2024-01-15,CUST-3675,North,Electronics,Wireless Headphones,1,89.99,0.0,89.99,False
ORD-13464,2024-03-15,CUST-4853,East,Clothing,Running Shoes,4,109.99,0.15,373.97,False
ORD-14935,2024-05-07,CUST-4356,North,Electronics,Wireless Headphones,2,89.99,0.0,179.98,False
ORD-14852,2024-11-25,CUST-1232,East,Home & Garden,Plant Pot Set,1,34.99,0.05,33.24,False
ORD-13199,2024-05-11,CUST-2535,North,Home & Garden,Scented Candles,3,19.99,0.05,56.97,True
ORD-10831,2024-06-27,CUST-1696,North,Home & Garden,Throw Blanket,1,49.99,0.05,47.49,True
ORD-12749,2024-09-04,CUST-3034,North,Electronics,Smart Watch,2,199.99,0.0,399.98,False
ORD-10229,2024-09-03,CUST-4930,South,Electronics,LED Monitor,3,299.99,0.0,899.97,False
ORD-11648,2024-11-05,CUST-1151,North,Clothing,Yoga Pants,1,44.99,0.0,44.99,False
ORD-13360,2024-11-17,CUST-3182,East,Electronics,Laptop Stand,5,49.99,0.0,249.95,False
ORD-14383,2024-07-21,CUST-3047,South,Home & Garden,Scented Candles,3,19.99,0.05,56.97,False
ORD-10718,2024-02-20,CUST-2918,North,Home & Garden,Coffee Maker,2,69.99,0.1,125.98,False
ORD-12681,2024-11-02,CUST-2323,West,Home & Garden,Scented Candles,1,19.99,0.0,19.99,False
ORD-12862,2024-12-24,CUST-1299,East,Home & Garden,Wall Clock,1,39.99,0.0,39.99,False
ORD-14780,2024-01-16,CUST-1266,North,Clothing,Winter Jacket,4,149.99,0.0,599.96,False
ORD-11196,2024-12-03,CUST-3617,East,Electronics,Webcam HD,3,79.99,0.1,215.97,False
ORD-10622,2024-05-07,CUST-1603,North,Electronics,Mechanical Keyboard,4,129.99,0.0,519.96,False
ORD-14707,2024-03-03,CUST-2705,West,Clothing,Rain Coat,2,119.99,0.1,215.98,False
ORD-12116,2024-06-11,CUST-4931,North,Electronics,Webcam HD,4,79.99,0.05,303.96,False
ORD-14366,2024-02-13,CUST-1494,East,Home & Garden,Plant Pot Set,3,34.99,0.0,104.97,False
ORD-12341,2024-01-25,CUST-4956,North,Electronics,USB-C Hub,3,39.99,0.05,113.97,False
ORD-11806,2024-09-13,CUST-4306,North,Clothing,Casual Sneakers,2,89.99,0.2,143.98,False
ORD-12835,2024-12-10,CUST-1269,South,Home & Garden,Storage Organizer,3,29.99,0.05,85.47,False
ORD-13609,2024-12-05,CUST-2932,North,Electronics,LED Monitor,2,299.99,0.05,569.98,False
ORD-14374,2024-07-28,CUST-4100,South,Electronics,Mechanical Keyboard,1,129.99,0.1,116.99,False
ORD-11557,2024-06-13,CUST-1375,North,Home & Garden,Air Purifier,1,159.99,0.1,143.99,False
ORD-12234,2024-09-09,CUST-1326,East,Electronics,Webcam HD,2,79.99,0.05,151.98,False
ORD-10737,2024-11-25,CUST-3404,South,Electronics,Bluetooth Speaker,2,59.99,0.1,107.98,False
ORD-10798,2024-10-20,CUST-4576,North,Clothing,Running Shoes,1,109.99,0.1,98.99,False
ORD-14653,2024-11-21,CUST-4650,South,Clothing,Rain Coat,2,119.99,0.1,215.98,False
ORD-14380,2024-01-28,CUST-1626,West,Clothing,Wool Sweater,1,79.99,0.05,75.99,False
ORD-10387,2024-03-16,CUST-1332,East,Home & Garden,Air Purifier,1,159.99,0.05,151.99,False
ORD-13538,2024-10-05,CUST-1427,South,Electronics,Laptop Stand,1,49.99,0.0,49.99,False
ORD-10979,2024-08-27,CUST-1955,South,Clothing,Rain Coat,1,119.99,0.1,107.99,False
ORD-13174,2024-01-16,CUST-3781,East,Clothing,Winter Jacket,2,149.99,0.1,269.98,False
ORD-13457,2024-10-15,CUST-4185,East,Clothing,Winter Jacket,1,149.99,0.25,112.49,False
ORD-11791,2024-10-20,CUST-3595,South,Home & Garden,Scented Candles,1,19.99,0.0,19.99,False
ORD-14129,2024-01-14,CUST-2023,North,Home & Garden,Storage Organizer,4,29.99,0.0,119.96,True
ORD-10708,2024-04-14,CUST-3196,West,Clothing,Denim Jeans,1,59.99,0.1,53.99,False
ORD-10950,2024-08-01,CUST-2152,North,Electronics,Mechanical Keyboard,3,129.99,0.1,350.97,False
ORD-12079,2024-11-12,CUST-1935,West,Electronics,Smart Watch,2,199.99,0.0,399.98,False
ORD-14269,2024-12-23,CUST-4986,South,Electronics,Mechanical Keyboard,1,129.99,0.0,129.99,False
ORD-10915,2024-06-27,CUST-4898,East,Electronics,USB-C Hub,1,39.99,0.0,39.99,False
ORD-11175,2024-07-18,CUST-4679,East,Clothing,Winter Jacket,2,149.99,0.2,239.98,False
ORD-10681,2024-04-27,CUST-4646,East,Clothing,Winter Jacket,1,149.99,0.1,134.99,False
ORD-12345,2024-09-10,CUST-4894,East,Home & Garden,Throw Blanket,1,49.99,0.1,44.99,True
ORD-13384,2024-01-12,CUST-4092,South,Clothing,Denim Jeans,3,59.99,0.05,170.97,False
ORD-13092,2024-05-09,CUST-3532,South,Electronics,LED Monitor,3,299.99,0.05,854.97,False
ORD-11591,2024-12-14,CUST-2241,North,Electronics,Laptop Stand,3,49.99,0.0,149.97,False
ORD-11434,2024-02-12,CUST-4926,East,Clothing,Rain Coat,2,119.99,0.0,239.98,False
ORD-10171,2024-01-21,CUST-3449,East,Home & Garden,Throw Blanket,1,49.99,0.0,49.99,False
ORD-12296,2024-03-02,CUST-4358,South,Home & Garden,Plant Pot Set,1,34.99,0.0,34.99,True
ORD-12794,2024-06-15,CUST-4175,North,Home & Garden,Storage Organizer,2,29.99,0.0,59.98,True
ORD-12887,2024-05-18,CUST-2627,North,Electronics,Bluetooth Speaker,1,59.99,0.1,53.99,False
ORD-12264,2024-08-08,CUST-3667,North,Home & Garden,Plant Pot Set,1,34.99,0.0,34.99,False
ORD-10934,2024-03-05,CUST-2238,South,Electronics,USB-C Hub,4,39.99,0.1,143.96,False
ORD-14828,2024-04-25,CUST-4250,North,Electronics,Smart Watch,2,199.99,0.0,399.98,False
ORD-14702,2024-09-08,CUST-2094,East,Home & Garden,Scented Candles,1,19.99,0.1,17.99,True
ORD-11921,2024-01-09,CUST-4350,North,Clothing,Wool Sweater,2,79.99,0.25,119.98,False
ORD-11702,2024-04-23,CUST-3816,East,Home & Garden,Scented Candles,4,19.99,0.0,79.96,False
ORD-10905,2024-12-16,CUST-4406,North,Electronics,Smart Watch,1,199.99,0.15,169.99,False
ORD-12781,2024-11-16,CUST-1613,North,Home & Garden,Throw Blanket,1,49.99,0.0,49.99,True
ORD-13815,2024-08-21,CUST-3729,East,Clothing,Yoga Pants,3,44.99,0.0,134.97,False
ORD-14759,2024-12-23,CUST-4108,North,Electronics,Webcam HD,2,79.99,0.0,159.98,False
ORD-14493,2024-11-22,CUST-3901,South,Clothing,Denim Jeans,1,59.99,0.0,59.99,False
ORD-14155,2024-01-17,CUST-1668,South,Clothing,Wool Sweater,1,79.99,0.1,71.99,False
ORD-14266,2024-09-15,CUST-2078,East,Electronics,Laptop Stand,1,49.99,0.05,47.49,False
ORD-13974,2024-04-11,CUST-1005,South,Electronics,LED Monitor,3,299.99,0.0,899.97,False
ORD-10453,2024-12-28,CUST-1660,North,Clothing,Winter Jacket,2,149.99,0.1,269.98,False
ORD-11060,2024-12-26,CUST-1876,East,Electronics,Wireless Headphones,1,89.99,0.0,89.99,False
ORD-12976,2024-11-11,CUST-1849,West,Clothing,Running Shoes,2,109.99,0.0,219.98,False
ORD-10722,2024-01-02,CUST-4874,North,Clothing,Winter Jacket,1,149.99,0.1,134.99,False
ORD-11423,2024-02-25,CUST-3919,East,Electronics,USB-C Hub,1,39.99,0.0,39.99,False
ORD-12892,2024-11-09,CUST-4828,South,Clothing,Denim Jeans,4,59.99,0.05,227.96,False
ORD-11118,2024-04-05,CUST-3823,North,Clothing,Cotton T-Shirt,1,24.99,0.1,22.49,False
ORD-13660,2024-07-23,CUST-3557,East,Clothing,Running Shoes,3,109.99,0.2,263.98,False
ORD-12016,2024-05-11,CUST-1823,North,Clothing,Cotton T-Shirt,1,24.99,0.25,18.74,False
ORD-13329,2024-10-06,CUST-1289,East,Home & Garden,Scented Candles,5,19.99,0.0,99.95,False
ORD-12272,2024-06-08,CUST-2078,East,Clothing,Winter Jacket,1,149.99,0.05,142.49,False
ORD-10886,2024-09-21,CUST-4492,North,Home & Garden,Storage Organizer,1,29.99,0.1,26.99,False
ORD-12174,2024-03-06,CUST-2121,North,Home & Garden,LED Desk Lamp,1,44.99,0.1,40.49,False
ORD-11323,2024-03-14,CUST-3627,North,Home & Garden,Air Purifier,1,159.99,0.1,143.99,False
ORD-12269,2024-07-11,CUST-1150,North,Clothing,Wool Sweater,1,79.99,0.15,67.99,False
ORD-10799,2024-12-06,CUST-1003,North,Clothing,Cotton T-Shirt,2,24.99,0.25,37.48,False
ORD-11216,2024-02-27,CUST-1104,South,Electronics,Smart Watch,1,199.99,0.0,199.99,False
ORD-14991,2024-08-19,CUST-4143,South,Home & Garden,Wall Clock,1,39.99,0.0,39.99,True
ORD-10569,2024-05-19,CUST-1731,East,Home & Garden,Coffee Maker,4,69.99,0.0,279.96,False
ORD-14034,2024-03-10,CUST-2593,North,Clothing,Cotton T-Shirt,3,24.99,0.1,67.47,False
ORD-11046,2024-03-15,CUST-4361,East,Electronics,Wireless Headphones,1,89.99,0.05,85.49,False
ORD-14044,2024-06-24,CUST-2631,South,Clothing,Yoga Pants,1,44.99,0.1,40.49,False
ORD-11136,2024-11-24,CUST-1771,West,Electronics,Mechanical Keyboard,1,129.99,0.0,129.99,False
ORD-10596,2024-09-19,CUST-1651,West,Clothing,Denim Jeans,1,59.99,0.2,47.99,False
ORD-11688,2024-08-22,CUST-1320,East,Electronics,Wireless Headphones,2,89.99,0.15,152.98,False
ORD-13978,2024-01-22,CUST-3623,North,Clothing,Denim Jeans,1,59.99,0.1,53.99,False
ORD-11276,2024-04-16,CUST-1747,,Electronics,Mechanical Keyboard,3,129.99,0.05,370.47,False
ORD-13368,2024-03-05,CUST-4350,South,Home & Garden,Plant Pot Set,1,34.99,0.0,34.99,False
ORD-10407,2024-01-17,CUST-3586,East,Electronics,USB-C Hub,3,39.99,0.0,119.97,False
ORD-11640,2024-07-01,CUST-3626,North,Home & Garden,Air Purifier,1,159.99,0.0,159.99,False
ORD-11523,2024-02-01,CUST-2996,North,Home & Garden,Storage Organizer,2,29.99,0.0,59.98,True
ORD-10433,2024-02-28,CUST-2770,East,Clothing,Casual Sneakers,2,89.99,0.0,179.98,False
ORD-10132,2024-02-10,CUST-2315,North,Home & Garden,LED Desk Lamp,2,44.99,0.05,85.48,False
ORD-12607,2024-04-08,CUST-2721,North,Clothing,Winter Jacket,1,149.99,0.1,134.99,True
ORD-13957,2024-06-01,CUST-4454,North,Clothing,Casual Sneakers,2,89.99,0.2,143.98,False
ORD-11555,2024-03-26,CUST-3401,North,Electronics,Mechanical Keyboard,1,129.99,0.0,129.99,False
ORD-10419,2024-10-17,CUST-3160,South,Electronics,USB-C Hub,1,39.99,0.0,39.99,False
ORD-13197,2024-12-06,CUST-1984,South,Clothing,Winter Jacket,5,149.99,0.15,637.46,False
ORD-14626,2024-05-03,CUST-4965,South,Home & Garden,Coffee Maker,2,69.99,0.05,132.98,False
ORD-12431,2024-11-25,CUST-4915,West,Home & Garden,Coffee Maker,1,69.99,0.05,66.49,False
ORD-10325,2024-10-02,CUST-4671,North,Home & Garden,Throw Blanket,1,49.99,0.0,49.99,False
ORD-14086,2024-02-19,CUST-2844,South,Electronics,Wireless Headphones,2,89.99,0.0,179.98,False
ORD-14224,2024-08-27,CUST-3843,West,Electronics,Mechanical Keyboard,3,129.99,0.05,370.47,False
ORD-13918,2024-10-24,CUST-4850,North,Clothing,Wool Sweater,1,79.99,0.15,67.99,False
ORD-12215,2024-04-16,CUST-3543,East,Electronics,Smart Watch,1,199.99,0.05,189.99,False
ORD-11772,2024-12-19,CUST-3332,East,Home & Garden,Throw Blanket,3,49.99,0.05,142.47,False
ORD-10431,2024-11-24,CUST-3546,West,Clothing,Wool Sweater,1,79.99,0.0,79.99,False
ORD-10680,2024-11-27,CUST-3421,North,Clothing,Casual Sneakers,3,89.99,0.2,215.98,False
ORD-14593,2024-04-17,CUST-2535,North,Electronics,Smart Watch,1,199.99,0.15,169.99,False
ORD-10650,2024-02-12,CUST-2257,South,Clothing,Cotton T-Shirt,2,24.99,0.05,47.48,True
ORD-10664,2024-02-24,CUST-4544,North,Clothing,Running Shoes,1,109.99,0.05,104.49,False
ORD-10426,2024-06-16,CUST-4116,South,Clothing,Rain Coat,2,119.99,0.1,215.98,False
ORD-14494,2024-10-26,CUST-1506,East,Clothing,Running Shoes,1,109.99,0.05,104.49,False
ORD-11979,2024-11-03,CUST-3374,South,Clothing,Denim Jeans,3,59.99,0.0,179.97,False
ORD-13224,2024-03-02,CUST-4162,South,Electronics,LED Monitor,4,299.99,0.1,1079.96,False
ORD-13255,2024-02-10,CUST-1990,East,Clothing,Winter Jacket,4,149.99,0.05,569.96,False
ORD-13194,2024-05-27,CUST-4155,East,Clothing,Denim Jeans,1,59.99,0.0,59.99,False
ORD-10444,2024-11-04,CUST-2818,West,Electronics,Mechanical Keyboard,3,129.99,0.0,389.97,False
ORD-11429,2024-12-04,CUST-3542,South,Home & Garden,Wall Clock,1,39.99,0.0,39.99,False
ORD-11260,2024-04-20,CUST-1800,South,Clothing,Denim Jeans,4,59.99,0.0,239.96,False
ORD-14955,2024-10-07,CUST-4356,North,Electronics,Wireless Headphones,2,89.99,0.0,179.98,False
ORD-13564,2024-06-13,CUST-1641,South,Clothing,Denim Jeans,1,59.99,0.1,53.99,False
ORD-11062,2024-11-05,CUST-3258,North,Home & Garden,Scented Candles,2,19.99,0.0,39.98,False
ORD-11538,2024-03-21,CUST-1435,South,Electronics,LED Monitor,1,299.99,0.0,299.99,False
ORD-14360,2024-01-02,CUST-1749,South,Electronics,Laptop Stand,1,49.99,0.0,49.99,False
ORD-13117,2024-01-26,CUST-1118,East,Clothing,Cotton T-Shirt,3,24.99,0.2,59.98,False
ORD-13787,2024-06-15,CUST-2925,South,Electronics,Laptop Stand,3,49.99,0.0,149.97,False
ORD-12728,2024-04-19,CUST-2952,West,Home & Garden,LED Desk Lamp,2,44.99,0.1,80.98,False
ORD-13505,2024-09-22,CUST-3892,North,Electronics,Laptop Stand,3,49.99,0.05,142.47,False
ORD-13938,2024-03-02,CUST-3512,East,Home & Garden,Scented Candles,1,19.99,0.0,19.99,False
ORD-10631,2024-12-08,CUST-4882,West,Clothing,Wool Sweater,1,79.99,0.0,79.99,False
ORD-14300,2024-02-04,CUST-1706,South,Clothing,Cotton T-Shirt,1,24.99,0.15,21.24,False
ORD-10415,2024-06-04,CUST-4617,East,Electronics,LED Monitor,4,299.99,0.0,1199.96,False
ORD-14492,2024-07-04,CUST-1824,East,Electronics,Wireless Headphones,2,89.99,0.0,179.98,False
ORD-10083,2024-01-09,CUST-4294,North,Clothing,Casual Sneakers,2,89.99,0.15,152.98,False
ORD-12054,2024-11-04,CUST-1098,South,Home & Garden,Air Purifier,1,159.99,0.1,143.99,False
ORD-12163,2024-11-14,CUST-3749,South,Home & Garden,Throw Blanket,2,49.99,0.0,99.98,False
ORD-10131,2024-03-19,CUST-3141,East,Electronics,Smart Watch,3,199.99,0.0,599.97,False
ORD-12510,2024-01-12,CUST-1250,West,Electronics,Smart Watch,1,199.99,0.1,179.99,False
ORD-11747,2024-04-07,CUST-2456,North,Clothing,Winter Jacket,2,149.99,0.2,239.98,False
ORD-10372,2024-02-18,CUST-1360,West,Home & Garden,LED Desk Lamp,1,44.99,0.1,40.49,False
ORD-10840,2024-01-02,CUST-2641,East,Electronics,Webcam HD,1,79.99,0.1,71.99,True
ORD-11684,2024-02-16,CUST-3697,South,Electronics,Webcam HD,2,79.99,0.0,159.98,False
ORD-13124,2024-08-04,CUST-3432,West,Clothing,Denim Jeans,1,59.99,0.1,53.99,False
ORD-10245,2024-12-02,CUST-4810,North,Electronics,Bluetooth Speaker,1,59.99,0.0,59.99,False
ORD-11352,2024-06-10,CUST-3829,South,Home & Garden,Air Purifier,1,159.99,0.0,159.99,True
ORD-11674,2024-11-23,CUST-1815,South,Electronics,Wireless Headphones,1,89.99,0.15,76.49,False
ORD-11781,2024-12-02,CUST-1784,North,Electronics,USB-C Hub,1,39.99,0.1,35.99,False
ORD-12460,2024-12-17,CUST-2841,South,Clothing,Rain Coat,1,119.99,0.15,101.99,False
ORD-12123,2024-06-02,CUST-1000,,Electronics,Bluetooth Speaker,3,59.99,0.0,179.97,False
ORD-13830,2024-05-04,CUST-1892,North,Clothing,Yoga Pants,2,44.99,0.2,71.98,False
ORD-10095,2024-06-08,CUST-4140,East,Clothing,Casual Sneakers,1,89.99,0.2,71.99,False
ORD-13667,2024-03-19,CUST-1068,East,Clothing,Yoga Pants,1,44.99,0.05,42.74,False
ORD-14969,2024-06-18,CUST-1440,North,Home & Garden,Storage Organizer,1,29.99,0.05,28.49,False
ORD-10672,2024-02-20,CUST-3560,South,Home & Garden,Plant Pot Set,1,34.99,0.0,34.99,False
ORD-11580,2024-03-23,CUST-1647,North,Home & Garden,Coffee Maker,3,69.99,0.0,209.97,False
ORD-14942,2024-11-24,CUST-1107,West,Clothing,Yoga Pants,2,44.99,0.2,71.98,False
ORD-13179,2024-10-02,CUST-1010,North,Clothing,Cotton T-Shirt,1,24.99,0.15,21.24,False
ORD-10773,2024-05-15,CUST-2051,North,Clothing,Cotton T-Shirt,3,24.99,0.0,74.97,False
ORD-13129,2024-11-04,CUST-3948,East,Clothing,Winter Jacket,1,149.99,0.0,149.99,False
ORD-14705,2024-06-07,CUST-3174,East,Clothing,Casual Sneakers,4,89.99,0.2,287.97,False
ORD-14938,2024-11-28,CUST-1540,South,Electronics,LED Monitor,1,299.99,0.1,269.99,False
ORD-13811,2024-06-11,CUST-1533,East,Home & Garden,LED Desk Lamp,3,44.99,0.05,128.22,False
ORD-14868,2024-08-26,CUST-1616,North,Clothing,Rain Coat,2,119.99,0.05,227.98,False
ORD-11141,2024-05-11,CUST-2400,South,Electronics,Webcam HD,2,79.99,0.0,159.98,False
ORD-14207,2024-07-19,CUST-3371,North,Clothing,Denim Jeans,3,59.99,0.2,143.98,False
ORD-10089,2024-06-21,CUST-2777,South,Electronics,LED Monitor,1,299.99,0.0,299.99,False
ORD-12801,2024-12-17,CUST-3702,West,Home & Garden,Scented Candles,2,19.99,0.0,39.98,False
ORD-10929,2024-04-20,CUST-2093,North,Home & Garden,Coffee Maker,1,69.99,0.1,62.99,False
ORD-11328,2024-09-07,CUST-1056,North,Electronics,Bluetooth Speaker,1,59.99,0.0,59.99,False
ORD-13315,2024-09-26,CUST-1720,North,Clothing,Winter Jacket,2,149.99,0.1,269.98,False
ORD-12270,2024-02-20,CUST-4477,North,Electronics,Webcam HD,4,79.99,0.05,303.96,False
ORD-14514,2024-07-24,CUST-4442,North,Home & Garden,Coffee Maker,1,69.99,0.05,66.49,True
ORD-14600,2024-03-05,CUST-2044,East,Electronics,Laptop Stand,4,49.99,0.0,199.96,False
ORD-13276,2024-11-11,CUST-2919,South,Clothing,Denim Jeans,4,59.99,0.15,203.97,True
ORD-12017,2024-12-05,CUST-1219,West,Electronics,Webcam HD,3,79.99,0.05,227.97,False
ORD-14131,2024-03-03,CUST-4396,South,Home & Garden,LED Desk Lamp,1,44.99,0.0,44.99,False
ORD-10412,2024-12-17,CUST-4066,North,Clothing,Wool Sweater,3,79.99,0.1,215.97,True
ORD-14596,2024-10-25,CUST-4957,West,Clothing,Winter Jacket,4,149.99,0.0,599.96,False
ORD-12417,2024-01-15,CUST-3881,South,Electronics,USB-C Hub,2,39.99,0.0,79.98,False
ORD-12940,2024-04-21,CUST-3645,,Clothing,Winter Jacket,1,149.99,0.05,142.49,False
ORD-13470,2024-01-06,CUST-4418,East,Home & Garden,Throw Blanket,2,49.99,0.1,89.98,False
ORD-13757,2024-05-09,CUST-1660,North,Electronics,LED Monitor,1,299.99,0.0,299.99,False
ORD-14599,2024-04-24,CUST-2186,West,Home & Garden,Throw Blanket,1,49.99,0.0,49.99,True
ORD-14634,2024-02-10,CUST-3441,North,Electronics,Bluetooth Speaker,3,59.99,0.05,170.97,False
ORD-14317,2024-01-01,CUST-4109,East,Home & Garden,Coffee Maker,1,69.99,0.1,62.99,False
ORD-14961,2024-03-03,CUST-3818,South,Electronics,Bluetooth Speaker,2,59.99,0.0,119.98,False
ORD-12616,2024-05-21,CUST-3292,South,Clothing,Winter Jacket,2,149.99,0.1,269.98,False
ORD-14491,2024-10-13,CUST-4944,South,Home & Garden,Air Purifier,3,159.99,0.0,479.97,False
ORD-12838,2024-11-06,CUST-2347,North,Home & Garden,Plant Pot Set,2,34.99,0.0,69.98,False
ORD-10665,2024-03-28,CUST-4049,West,Clothing,Casual Sneakers,2,89.99,0.1,161.98,False
ORD-10760,2024-03-27,CUST-3942,West,Home & Garden,Scented Candles,1,19.99,0.1,17.99,False
ORD-11493,2024-01-27,CUST-1650,North,Home & Garden,Air Purifier,3,159.99,0.05,455.97,False
ORD-14274,2024-08-26,CUST-4980,West,Clothing,Rain Coat,1,119.99,0.1,107.99,False
ORD-14931,2024-05-27,CUST-3439,North,Clothing,Running Shoes,2,109.99,0.05,208.98,False
ORD-13898,2024-07-20,CUST-4993,North,Electronics,Laptop Stand,2,49.99,0.05,94.98,False
ORD-11790,2024-03-21,CUST-3728,South,Home & Garden,Plant Pot Set,1,34.99,0.0,34.99,False
ORD-10356,2024-01-12,CUST-2238,North,Home & Garden,Plant Pot Set,1,34.99,0.0,34.99,False
ORD-10695,2024-08-12,CUST-3186,East,Clothing,Yoga Pants,1,44.99,0.1,40.49,False
ORD-10638,2024-04-04,CUST-1850,North,Clothing,Rain Coat,2,119.99,0.0,239.98,False
ORD-12289,2024-03-18,CUST-3368,North,Clothing,Yoga Pants,2,44.99,0.1,80.98,False
ORD-11723,2024-02-21,CUST-1220,South,Electronics,Webcam HD,3,79.99,0.0,239.97,False
ORD-13340,2024-12-20,CUST-3139,North,Electronics,Mechanical Keyboard,1,129.99,0.0,129.99,False
ORD-12333,2024-10-10,CUST-4254,East,Electronics,Webcam HD,1,79.99,0.0,79.99,False
ORD-10651,2024-07-18,CUST-2544,South,Electronics,Wireless Headphones,3,89.99,0.0,269.97,False
ORD-13699,2024-04-10,CUST-2620,North,Electronics,Laptop Stand,1,49.99,0.0,49.99,False
ORD-14506,2024-10-25,CUST-2987,East,Electronics,Mechanical Keyboard,1,129.99,0.0,129.99,False
ORD-12379,2024-11-04,CUST-3887,South,Electronics,Webcam HD,2,79.99,0.0,159.98,False
ORD-11163,2024-10-10,CUST-3585,North,Electronics,USB-C Hub,2,39.99,0.0,79.98,False
ORD-12703,2024-01-24,CUST-4936,East,Electronics,Mechanical Keyboard,1,129.99,0.05,123.49,False
ORD-11627,2024-07-19,CUST-2213,,Electronics,Wireless Headphones,4,89.99,0.0,359.96,False
ORD-11732,2024-07-07,CUST-2730,North,Clothing,Wool Sweater,1,79.99,0.1,71.99,False
ORD-13061,2024-02-24,CUST-2014,North,Home & Garden,Wall Clock,4,39.99,0.1,143.96,False
ORD-13995,2024-06-02,CUST-1593,West,Home & Garden,Storage Organizer,4,29.99,0.0,119.96,False
ORD-11057,2024-05-26,CUST-1857,East,Home & Garden,Wall Clock,4,39.99,0.0,159.96,False
ORD-14022,2024-10-17,CUST-4590,East,Home & Garden,Wall Clock,2,39.99,0.0,79.98,False
ORD-13126,2024-10-16,CUST-3502,East,Home & Garden,Storage Organizer,1,29.99,0.05,28.49,False
ORD-13952,2024-12-26,CUST-4159,West,Home & Garden,Storage Organizer,1,29.99,0.0,29.99,False
ORD-13262,2024-06-23,CUST-2457,South,Home & Garden,Air Purifier,1,159.99,0.1,261.13,False
ORD-13227,2024-05-12,CUST-3819,North,Home & Garden,Air Purifier,2,159.99,0.05,303.98,True
ORD-10006,2024-01-20,CUST-1154,North,Clothing,Cotton T-Shirt,3,24.99,0.1,67.47,False
ORD-14865,2024-09-01,CUST-4729,North,Electronics,Wireless Headphones,2,89.99,0.0,179.98,False
ORD-13924,2024-12-28,CUST-1663,South,Clothing,Casual Sneakers,2,89.99,0.15,152.98,True
ORD-12600,2024-09-27,CUST-4769,West,Electronics,Mechanical Keyboard,2,129.99,0.05,246.98,False
ORD-14974,2024-04-15,CUST-2921,North,Clothing,Casual Sneakers,2,89.99,0.2,143.98,False
ORD-14594,2024-06-05,CUST-3124,North,Electronics,Wireless Headphones,4,89.99,0.0,359.96,False
ORD-14871,2024-02-10,CUST-2170,West,Electronics,Wireless Headphones,1,89.99,0.1,80.99,False
ORD-12575,2024-09-27,CUST-1421,South,Clothing,Wool Sweater,1,79.99,0.1,71.99,False
ORD-13052,2024-04-02,CUST-1304,East,Electronics,Webcam HD,3,79.99,0.0,239.97,False
ORD-12168,2024-10-10,CUST-4398,North,Clothing,Casual Sneakers,3,89.99,0.1,242.97,False
ORD-12599,2024-02-06,CUST-2576,East,Clothing,Rain Coat,1,119.99,0.05,113.99,False
ORD-13033,2024-02-19,CUST-1301,South,Home & Garden,LED Desk Lamp,4,44.99,0.05,170.96,False
ORD-12789,2024-12-03,CUST-1348,East,Clothing,Cotton T-Shirt,1,24.99,0.0,24.99,False
ORD-10800,2024-10-19,CUST-4069,South,Electronics,USB-C Hub,4,39.99,0.0,159.96,True
ORD-12265,2024-09-13,CUST-3363,North,Clothing,Wool Sweater,3,79.99,0.0,239.97,False
ORD-14746,2024-03-08,CUST-1407,South,Electronics,Laptop Stand,4,49.99,,199.96,False
ORD-10517,2024-11-14,CUST-3028,East,Home & Garden,Coffee Maker,3,69.99,0.0,209.97,False
ORD-13839,2024-10-02,CUST-2819,North,Clothing,Casual Sneakers,2,89.99,0.15,152.98,False
ORD-11721,2024-02-05,CUST-4621,North,Clothing,Winter Jacket,1,149.99,0.1,134.99,False
ORD-14996,2024-02-13,CUST-3134,West,Clothing,Denim Jeans,1,59.99,0.1,53.99,False
ORD-14804,2024-11-26,CUST-2690,North,Clothing,Cotton T-Shirt,4,24.99,0.15,84.97,False
ORD-10051,2024-11-10,CUST-1505,North,Electronics,Webcam HD,4,79.99,0.0,319.96,True
ORD-13362,2024-10-17,CUST-3128,North,Clothing,Yoga Pants,2,44.99,0.1,80.98,False
ORD-12858,2024-01-15,CUST-2907,North,Clothing,Denim Jeans,2,59.99,0.25,89.98,False
ORD-11228,2024-12-26,CUST-1408,North,Clothing,Denim Jeans,1,59.99,0.1,53.99,False
ORD-10511,2024-06-21,CUST-4420,North,Clothing,Cotton T-Shirt,1,24.99,0.2,19.99,False
ORD-10961,2024-08-27,CUST-3921,West,Electronics,Bluetooth Speaker,5,59.99,0.15,254.96,False
ORD-14816,2024-12-24,CUST-4645,East,Clothing,Casual Sneakers,1,89.99,0.2,71.99,False
ORD-13772,2024-05-06,CUST-1693,North,Home & Garden,LED Desk Lamp,2,44.99,0.1,80.98,False
ORD-12436,2024-05-05,CUST-1309,North,Home & Garden,Plant Pot Set,4,34.99,0.0,139.96,False
ORD-11916,2024-12-24,CUST-2756,East,Home & Garden,Storage Organizer,3,29.99,0.05,85.47,False
ORD-10212,2024-09-22,CUST-4718,North,Home & Garden,LED Desk Lamp,3,44.99,0.0,134.97,False
ORD-11875,2024-07-09,CUST-1469,West,Clothing,Winter Jacket,3,149.99,0.05,427.47,False
ORD-11209,2024-12-03,CUST-1989,West,Home & Garden,Plant Pot Set,2,34.99,0.0,69.98,False
ORD-10115,2024-12-26,CUST-2832,North,Clothing,Running Shoes,1,109.99,0.0,109.99,False
ORD-13060,2024-04-24,CUST-1866,East,Home & Garden,Scented Candles,1,19.99,0.0,19.99,False
ORD-12099,2024-05-05,CUST-4790,South,Clothing,Denim Jeans,1,59.99,0.0,59.99,False
ORD-13025,2024-05-22,CUST-3449,South,Electronics,USB-C Hub,1,39.99,0.15,33.99,False
ORD-14262,2024-06-17,CUST-3356,West,Home & Garden,Wall Clock,2,39.99,0.05,75.98,False
ORD-11127,2024-05-16,CUST-1811,East,Electronics,Wireless Headphones,1,89.99,0.0,89.99,False
ORD-14151,2024-01-04,CUST-3724,North,Home & Garden,LED Desk Lamp,2,44.99,0.0,89.98,False
ORD-12886,2024-07-13,CUST-3795,South,Home & Garden,Wall Clock,2,39.99,0.0,79.98,True
ORD-10491,2024-09-21,CUST-3612,North,Electronics,Webcam HD,1,79.99,0.15,67.99,False
ORD-14211,2024-08-06,CUST-1200,East,Home & Garden,Coffee Maker,1,69.99,0.05,117.9,False
ORD-10377,2024-01-02,CUST-1940,East,Electronics,Laptop Stand,5,49.99,0.0,249.95,True
ORD-12204,2024-10-13,CUST-1383,South,Home & Garden,Wall Clock,2,39.99,0.0,79.98,False
ORD-10231,2024-07-08,CUST-3669,North,Clothing,Running Shoes,1,109.99,0.0,109.99,False
ORD-11757,2024-06-20,CUST-3744,North,Clothing,Running Shoes,2,109.99,0.15,186.98,False
ORD-13989,2024-12-14,CUST-4643,North,Home & Garden,Plant Pot Set,3,34.99,0.0,104.97,True
ORD-14917,2024-05-16,CUST-3347,South,Clothing,Cotton T-Shirt,1,24.99,0.2,19.99,False
ORD-10422,2024-02-23,CUST-4353,East,Clothing,Denim Jeans,1,59.99,0.15,50.99,False
ORD-14346,2024-11-16,CUST-3339,North,Clothing,Denim Jeans,2,59.99,0.05,113.98,False
ORD-14696,2024-07-10,CUST-4384,East,Clothing,Denim Jeans,1,59.99,0.15,50.99,False
ORD-12623,2024-12-16,CUST-4726,East,Clothing,Running Shoes,2,109.99,0.05,208.98,False
ORD-13987,2024-06-18,CUST-3733,North,Electronics,LED Monitor,2,299.99,0.1,539.98,False
ORD-11849,2024-09-14,CUST-1930,East,Home & Garden,Plant Pot Set,1,34.99,0.0,34.99,False
ORD-11699,2024-07-10,CUST-1655,North,Electronics,Smart Watch,3,199.99,0.05,569.97,False
ORD-13506,2024-12-03,CUST-1580,West,Clothing,Rain Coat,5,119.99,0.1,539.95,False
ORD-12516,2024-01-24,CUST-3095,South,Clothing,Cotton T-Shirt,2,24.99,0.1,44.98,False
ORD-12864,2024-06-06,CUST-2321,North,Home & Garden,Throw Blanket,1,49.99,0.0,49.99,False
ORD-14033,2024-12-01,CUST-3388,East,Clothing,Denim Jeans,3,59.99,0.1,161.97,False
ORD-12410,2024-10-17,CUST-4280,East,Home & Garden,Wall Clock,4,39.99,0.0,159.96,False
ORD-14265,2024-06-10,CUST-2020,South,Electronics,Smart Watch,1,199.99,0.0,199.99,False
ORD-13497,2024-12-08,CUST-1456,North,Clothing,Denim Jeans,3,59.99,0.05,170.97,False
ORD-10186,2024-11-08,CUST-2062,West,Clothing,Casual Sneakers,1,89.99,0.15,76.49,False
ORD-11771,2024-11-13,CUST-3526,South,Clothing,Yoga Pants,4,44.99,0.05,170.96,False
ORD-11012,2024-12-04,CUST-1354,East,Home & Garden,Wall Clock,1,39.99,0.0,39.99,False
ORD-12556,2024-07-22,CUST-3144,East,Electronics,Smart Watch,4,199.99,0.0,799.96,False
ORD-14249,2024-12-10,CUST-4454,South,Home & Garden,LED Desk Lamp,2,44.99,0.0,89.98,False
ORD-10635,2024-06-25,CUST-1590,North,Clothing,Denim Jeans,3,59.99,0.05,170.97,False
ORD-13001,2024-11-02,CUST-4824,East,Electronics,LED Monitor,1,299.99,0.05,284.99,False
ORD-13908,2024-08-13,CUST-2367,South,Clothing,Cotton T-Shirt,1,24.99,0.15,21.24,False
ORD-11078,2024-03-02,CUST-1328,West,Clothing,Winter Jacket,1,149.99,0.1,134.99,False
ORD-10742,2024-10-18,CUST-3127,West,Home & Garden,Coffee Maker,2,69.99,0.1,125.98,True
ORD-10721,2024-03-12,CUST-1189,South,Home & Garden,LED Desk Lamp,1,44.99,0.0,44.99,True
ORD-12134,2024-10-18,CUST-3970,East,Clothing,Rain Coat,2,119.99,0.1,215.98,False
ORD-10932,2024-12-18,CUST-4772,East,Electronics,Wireless Headphones,3,89.99,0.0,269.97,False
ORD-10255,2024-07-28,CUST-3956,North,Clothing,Rain Coat,1,119.99,0.25,89.99,False
ORD-10315,2024-10-05,CUST-1620,North,Clothing,Casual Sneakers,3,89.99,0.0,269.97,False
ORD-11167,2024-07-03,CUST-3112,North,Home & Garden,Wall Clock,1,39.99,0.1,35.99,False
ORD-13621,2024-03-14,CUST-1748,West,Electronics,Webcam HD,1,79.99,0.05,75.99,False
ORD-12015,2024-06-08,CUST-4631,South,Clothing,Casual Sneakers,2,89.99,0.1,161.98,False
ORD-13328,2024-02-14,CUST-3577,North,Electronics,Laptop Stand,1,49.99,0.0,49.99,False
ORD-10807,2024-12-21,CUST-2182,North,Electronics,LED Monitor,5,299.99,0.15,1274.96,False
ORD-11032,2024-03-10,CUST-3232,South,Electronics,Wireless Headphones,2,89.99,0.0,179.98,False
ORD-14896,2024-02-21,CUST-2103,East,Electronics,LED Monitor,2,299.99,0.0,599.98,False
ORD-12889,2024-11-26,CUST-3419,North,Clothing,Wool Sweater,2,79.99,0.2,127.98,False
ORD-14429,2024-11-09,CUST-2823,South,Clothing,Rain Coat,2,119.99,0.15,203.98,False
ORD-10360,2024-05-16,CUST-1766,East,Electronics,USB-C Hub,1,39.99,0.0,39.99,True
ORD-14225,2024-10-04,CUST-1882,North,Electronics,USB-C Hub,1,39.99,0.15,33.99,False
ORD-11774,2024-11-16,CUST-1307,South,Clothing,Casual Sneakers,1,89.99,0.1,80.99,False
ORD-10584,2024-09-23,CUST-1394,North,Home & Garden,Storage Organizer,1,29.99,0.0,29.99,False
ORD-11610,2024-12-02,CUST-4585,North,Home & Garden,LED Desk Lamp,1,44.99,0.0,44.99,False
ORD-11854,2024-12-21,CUST-2120,North,Clothing,Casual Sneakers,1,89.99,0.15,76.49,False
ORD-11991,2024-03-05,CUST-4517,South,Electronics,Webcam HD,2,79.99,0.0,159.98,False
ORD-10179,2024-02-03,CUST-2624,South,Electronics,Wireless Headphones,1,89.99,0.0,89.99,False
ORD-14344,2024-08-16,CUST-4309,South,Clothing,Winter Jacket,1,149.99,0.1,134.99,False
ORD-10378,2024-11-09,CUST-3988,South,Electronics,Wireless Headphones,2,89.99,0.1,161.98,False
ORD-10667,2024-03-22,CUST-4634,South,Electronics,Bluetooth Speaker,1,59.99,0.05,56.99,False
ORD-11677,2024-05-19,CUST-3155,West,Home & Garden,Throw Blanket,3,49.99,0.1,134.97,False
ORD-14772,2024-03-13,CUST-1478,North,Home & Garden,Scented Candles,3,19.99,0.0,59.97,False
ORD-14679,2024-09-21,CUST-1811,North,Clothing,Casual Sneakers,2,89.99,0.15,152.98,False
ORD-11086,2024-08-14,CUST-3350,West,Home & Garden,LED Desk Lamp,3,44.99,0.0,134.97,False
ORD-10860,2024-11-05,CUST-1485,South,Electronics,Wireless Headphones,2,89.99,0.0,179.98,False
ORD-11450,2024-06-26,CUST-3030,South,Clothing,Running Shoes,1,109.99,0.2,87.99,False
ORD-13371,2024-08-03,CUST-4365,East,Electronics,Wireless Headphones,1,89.99,0.0,89.99,False
ORD-14039,2024-08-28,CUST-2937,East,Clothing,Casual Sneakers,3,89.99,0.05,256.47,False
ORD-12463,2024-07-01,CUST-4480,East,Electronics,Mechanical Keyboard,2,129.99,0.0,259.98,False
ORD-13848,2024-10-25,CUST-3911,North,Electronics,Smart Watch,4,199.99,0.05,759.96,False
ORD-14064,2024-12-10,CUST-4906,West,Clothing,Running Shoes,1,109.99,0.1,98.99,False
ORD-10423,2024-06-15,CUST-3284,South,Clothing,Winter Jacket,3,149.99,0.2,359.98,False
ORD-12027,2024-12-11,CUST-4066,East,Clothing,Rain Coat,3,119.99,0.2,287.98,False
ORD-13132,2024-12-12,CUST-1006,South,Clothing,Wool Sweater,4,79.99,0.05,303.96,False
ORD-10414,2024-09-09,CUST-3140,North,Home & Garden,Storage Organizer,1,29.99,0.0,29.99,False
ORD-12419,2024-05-15,CUST-1411,South,Electronics,Mechanical Keyboard,2,129.99,0.05,246.98,False
ORD-14988,2024-10-24,CUST-3563,North,Clothing,Casual Sneakers,4,89.99,0.1,323.96,False
ORD-11802,2024-05-16,CUST-4692,North,Clothing,Denim Jeans,1,59.99,0.1,53.99,False
ORD-12138,2024-03-10,CUST-1942,East,Home & Garden,Wall Clock,4,39.99,0.05,151.96,False
ORD-14838,2024-01-22,CUST-3576,South,Home & Garden,LED Desk Lamp,2,44.99,0.05,85.48,False
ORD-14711,2024-06-07,CUST-3286,East,Clothing,Casual Sneakers,2,89.99,0.15,152.98,False
ORD-14472,2024-03-28,CUST-4657,East,Electronics,Laptop Stand,1,49.99,0.0,49.99,False
ORD-12683,2024-05-04,CUST-3243,East,Electronics,LED Monitor,1,299.99,0.05,284.99,False
ORD-14075,2024-08-02,CUST-1646,North,Electronics,Smart Watch,1,199.99,0.0,199.99,False
ORD-14520,2024-12-27,CUST-4711,South,Electronics,Webcam HD,3,79.99,0.0,239.97,False
ORD-12845,2024-05-27,CUST-2586,West,Home & Garden,Throw Blanket,1,49.99,0.0,49.99,True
ORD-10892,2024-11-03,CUST-4116,North,Clothing,Cotton T-Shirt,1,24.99,0.15,21.24,False
ORD-12985,2024-12-03,CUST-1854,,Home & Garden,Wall Clock,1,39.99,0.0,39.99,False
ORD-13858,2024-05-05,CUST-4995,East,Clothing,Running Shoes,2,109.99,0.0,219.98,True
ORD-10048,2024-07-14,CUST-1967,West,Electronics,Bluetooth Speaker,2,59.99,0.1,107.98,False
ORD-13906,2024-07-11,CUST-3224,West,Home & Garden,Coffee Maker,1,69.99,0.05,66.49,False
ORD-10156,2024-10-20,CUST-3822,North,Home & Garden,Storage Organizer,1,29.99,0.0,29.99,False
ORD-14584,2024-10-16,CUST-3609,West,Clothing,Cotton T-Shirt,3,24.99,0.1,67.47,False
ORD-12706,2024-02-07,CUST-4709,West,Home & Garden,Wall Clock,2,39.99,0.05,75.98,True
ORD-12185,2024-12-28,CUST-3286,West,Clothing,Yoga Pants,1,44.99,0.25,33.74,False
ORD-11402,2024-01-14,CUST-3958,South,Home & Garden,Plant Pot Set,1,34.99,0.0,34.99,False
ORD-13309,2024-06-09,CUST-4892,North,Clothing,Winter Jacket,1,149.99,0.2,119.99,False
ORD-10492,2024-04-04,CUST-2508,South,Clothing,Wool Sweater,5,79.99,0.0,399.95,False
ORD-12682,2024-01-07,CUST-4655,North,Electronics,Smart Watch,1,199.99,0.0,199.99,False
ORD-13326,2024-11-15,CUST-1768,West,Clothing,Casual Sneakers,2,89.99,0.0,179.98,False
ORD-11236,2024-12-11,CUST-4018,West,Electronics,Wireless Headphones,2,89.99,0.1,161.98,False
ORD-10100,2024-01-16,CUST-3323,North,Home & Garden,LED Desk Lamp,4,44.99,0.05,170.96,False
ORD-11256,2024-03-02,CUST-4712,East,Electronics,Wireless Headphones,3,89.99,0.0,269.97,False
ORD-13954,2024-03-24,CUST-1663,North,Home & Garden,Scented Candles,1,19.99,0.0,19.99,False
ORD-11208,2024-04-10,CUST-4328,North,Home & Garden,LED Desk Lamp,1,44.99,0.05,42.74,False
ORD-13123,2024-06-08,CUST-3181,East,Clothing,Yoga Pants,1,44.99,0.1,40.49,True
ORD-12405,2024-08-23,CUST-1412,East,Home & Garden,Scented Candles,3,19.99,0.0,59.97,False
ORD-14463,2024-02-02,CUST-1943,East,Clothing,Casual Sneakers,3,89.99,0.1,242.97,False
ORD-11258,2024-01-07,CUST-1598,East,Electronics,Bluetooth Speaker,1,59.99,0.05,56.99,False
ORD-10513,2024-12-01,CUST-2807,South,Electronics,Wireless Headphones,1,89.99,0.0,89.99,True
ORD-12813,2024-03-15,CUST-2318,East,Clothing,Running Shoes,3,109.99,0.2,263.98,False
ORD-10917,2024-12-06,CUST-1947,South,Home & Garden,Air Purifier,5,159.99,0.0,799.95,False
ORD-14899,2024-12-19,CUST-4993,North,Home & Garden,Wall Clock,3,39.99,0.0,119.97,False
ORD-10644,2024-02-14,CUST-1327,West,Clothing,Rain Coat,1,119.99,0.1,107.99,False
ORD-12608,2024-10-08,CUST-4515,South,Clothing,Cotton T-Shirt,1,24.99,0.05,23.74,False
ORD-12685,2024-01-02,CUST-3952,South,Electronics,LED Monitor,3,299.99,0.05,854.97,False
ORD-10087,2024-09-11,CUST-1521,South,Electronics,LED Monitor,1,299.99,0.0,299.99,True
ORD-12691,2024-08-21,CUST-4471,East,Electronics,Bluetooth Speaker,2,59.99,0.0,119.98,False
ORD-11107,2024-10-16,CUST-4954,East,Clothing,Rain Coat,2,119.99,0.0,239.98,False
ORD-14149,2024-11-01,CUST-1254,East,Home & Garden,Wall Clock,1,39.99,0.05,37.99,False
ORD-14268,2024-11-24,CUST-3618,East,Electronics,Wireless Headphones,1,89.99,0.05,85.49,False
ORD-13003,2024-09-24,CUST-4307,South,Electronics,Wireless Headphones,1,89.99,0.1,80.99,False
ORD-14933,2024-06-26,CUST-2962,South,Electronics,LED Monitor,1,299.99,0.1,269.99,False
ORD-13395,2024-12-09,CUST-1935,South,Clothing,Casual Sneakers,1,89.99,0.15,76.49,False
ORD-14459,2024-07-09,CUST-2710,East,Clothing,Yoga Pants,1,44.99,0.1,40.49,False
ORD-10075,2024-10-10,CUST-1809,West,Clothing,Casual Sneakers,2,89.99,0.0,179.98,False
ORD-12559,2024-07-27,CUST-4921,East,Home & Garden,Plant Pot Set,1,34.99,0.05,33.24,False
ORD-12773,2024-06-20,CUST-2559,West,Clothing,Wool Sweater,1,79.99,0.1,71.99,False
ORD-10974,2024-01-26,CUST-4547,South,Electronics,Bluetooth Speaker,2,59.99,0.0,119.98,False
ORD-12360,2024-01-07,CUST-4973,South,Clothing,Denim Jeans,2,59.99,0.15,101.98,False
ORD-13504,2024-12-01,CUST-1406,North,Home & Garden,Throw Blanket,4,49.99,0.05,189.96,True
ORD-14230,2024-10-25,CUST-4428,East,Clothing,Winter Jacket,1,149.99,0.1,134.99,False
ORD-14613,2024-02-18,CUST-2991,South,Clothing,Denim Jeans,1,59.99,0.15,50.99,False
ORD-12745,2024-11-27,CUST-2984,South,Electronics,Wireless Headphones,1,89.99,0.0,89.99,False
ORD-10712,2024-06-18,CUST-4456,West,Clothing,Cotton T-Shirt,1,24.99,0.25,18.74,False
ORD-12354,2024-10-17,CUST-4454,North,Clothing,Denim Jeans,1,59.99,0.1,53.99,False
ORD-11444,2024-12-15,CUST-4873,West,Home & Garden,Storage Organizer,2,29.99,0.0,59.98,False
ORD-12724,2024-05-09,CUST-2166,West,Clothing,Yoga Pants,2,44.99,0.1,80.98,False
ORD-11430,2024-06-25,CUST-1738,West,Clothing,Wool Sweater,4,79.99,0.1,287.96,False
ORD-10243,2024-05-22,CUST-1290,South,Home & Garden,Coffee Maker,1,69.99,0.1,62.99,False
ORD-12029,2024-09-12,CUST-4125,South,Home & Garden,Air Purifier,2,159.99,0.05,303.98,False
ORD-13053,2024-04-15,CUST-3770,East,Electronics,Webcam HD,2,79.99,0.0,159.98,False
ORD-11189,2024-10-27,CUST-2250,North,Electronics,LED Monitor,2,299.99,0.05,569.98,False
ORD-11836,2024-02-18,CUST-2827,South,Home & Garden,Plant Pot Set,1,34.99,0.1,31.49,False
ORD-14159,2024-07-09,CUST-3533,West,Home & Garden,Storage Organizer,1,29.99,0.05,28.49,False
ORD-13959,2024-01-18,CUST-2358,West,Clothing,Denim Jeans,2,59.99,0.1,107.98,False
ORD-10162,2024-09-23,CUST-3863,North,Electronics,Smart Watch,2,199.99,0.05,379.98,True
ORD-13856,2024-05-04,CUST-1882,West,Home & Garden,Air Purifier,2,159.99,0.05,303.98,False
ORD-12043,2024-02-19,CUST-4474,East,Electronics,Mechanical Keyboard,2,129.99,0.0,259.98,False
ORD-11420,2024-04-12,CUST-1686,South,Clothing,Rain Coat,5,119.99,0.15,509.96,False
ORD-12650,2024-03-01,CUST-3717,North,Clothing,Denim Jeans,1,59.99,0.05,56.99,False
ORD-14074,2024-10-16,CUST-3975,West,Home & Garden,Plant Pot Set,1,34.99,0.1,31.49,False
ORD-14164,2024-08-27,CUST-2130,East,Home & Garden,Air Purifier,1,159.99,0.05,151.99,False
ORD-14097,2024-02-03,CUST-4991,South,Electronics,Bluetooth Speaker,1,59.99,0.0,59.99,False
ORD-11984,2024-02-07,CUST-1504,North,Clothing,Wool Sweater,4,79.99,0.0,319.96,False
ORD-12145,2024-11-04,CUST-1694,West,Electronics,Mechanical Keyboard,3,129.99,0.0,389.97,False
ORD-12193,2024-07-14,CUST-3251,East,Clothing,Denim Jeans,3,59.99,0.0,179.97,False
ORD-14134,2024-08-16,CUST-2190,East,Electronics,Bluetooth Speaker,4,59.99,0.0,239.96,False
ORD-12984,2024-07-11,CUST-1803,West,Clothing,Yoga Pants,4,44.99,0.1,161.96,False
ORD-11533,2024-04-12,CUST-2903,South,Home & Garden,Wall Clock,1,39.99,0.05,37.99,False
ORD-14187,2024-08-18,CUST-3896,East,Home & Garden,Throw Blanket,1,49.99,0.05,47.49,False
ORD-14009,2024-01-06,CUST-3825,West,Clothing,Running Shoes,3,109.99,0.05,313.47,False
ORD-12585,2024-09-03,CUST-2597,South,Home & Garden,LED Desk Lamp,1,44.99,0.1,40.49,False
ORD-13400,2024-01-16,CUST-3861,East,Clothing,Yoga Pants,1,44.99,0.05,42.74,False
ORD-11632,2024-09-20,CUST-4129,East,Clothing,Running Shoes,2,109.99,0.15,186.98,False
ORD-14812,2024-01-12,CUST-2999,East,Home & Garden,Plant Pot Set,1,34.99,0.0,34.99,False
ORD-14836,2024-05-10,CUST-3437,North,Home & Garden,Scented Candles,2,19.99,0.0,39.98,False
ORD-12732,2024-01-28,CUST-3311,East,Clothing,Rain Coat,1,119.99,0.15,101.99,False
ORD-10002,2024-10-07,CUST-3767,South,Clothing,Yoga Pants,2,44.99,0.2,71.98,False
ORD-10313,2024-12-09,CUST-1357,South,Electronics,Wireless Headphones,4,89.99,0.15,305.97,False
ORD-13709,2024-12-07,CUST-2626,South,Electronics,Wireless Headphones,2,89.99,0.0,179.98,False
ORD-12373,2024-06-03,CUST-3531,North,Electronics,Webcam HD,2,79.99,0.1,143.98,False
ORD-14512,2024-02-20,CUST-3672,North,Electronics,LED Monitor,2,299.99,0.0,599.98,False
ORD-11832,2024-08-10,CUST-2714,East,Electronics,Webcam HD,2,79.99,0.1,143.98,False
ORD-10653,2024-10-24,CUST-2566,North,Electronics,LED Monitor,1,299.99,0.0,299.99,False
ORD-11122,2024-12-09,CUST-3498,North,Home & Garden,LED Desk Lamp,4,44.99,0.1,161.96,False
ORD-11925,2024-02-03,CUST-4256,South,Electronics,Mechanical Keyboard,1,129.99,0.0,129.99,False
ORD-11291,2024-02-04,CUST-4137,West,Clothing,Rain Coat,1,119.99,0.25,89.99,False
ORD-14214,2024-09-09,CUST-4078,South,Clothing,Rain Coat,1,119.99,0.0,119.99,False
ORD-13581,2024-11-09,CUST-2129,West,Home & Garden,Throw Blanket,1,49.99,0.05,47.49,False
ORD-12667,2024-09-07,CUST-2995,East,Clothing,Rain Coat,1,119.99,0.2,95.99,False
ORD-10868,2024-12-13,CUST-2289,South,Electronics,Bluetooth Speaker,3,59.99,0.05,170.97,False
ORD-14985,2024-03-03,CUST-2260,West,Electronics,LED Monitor,3,299.99,0.0,899.97,False
ORD-11698,2024-12-27,CUST-2939,West,Clothing,Running Shoes,1,109.99,0.2,87.99,False
ORD-10037,2024-02-24,CUST-1579,South,Home & Garden,LED Desk Lamp,4,44.99,0.05,170.96,False
ORD-12852,2024-03-06,CUST-3259,West,Electronics,Webcam HD,1,79.99,0.1,71.99,False
ORD-11313,2024-11-28,CUST-4914,West,Clothing,Yoga Pants,1,44.99,0.1,40.49,False
ORD-10744,2024-03-06,CUST-1688,South,Clothing,Wool Sweater,1,79.99,0.15,67.99,False
ORD-12905,2024-01-11,CUST-1925,North,Clothing,Casual Sneakers,1,89.99,0.1,80.99,False
ORD-12573,2024-06-25,CUST-2013,East,Home & Garden,Air Purifier,1,159.99,0.1,143.99,True
ORD-10541,2024-08-26,CUST-1442,West,Electronics,Webcam HD,1,79.99,0.05,75.99,False
ORD-10533,2024-07-01,CUST-1460,North,Clothing,Denim Jeans,3,59.99,0.1,161.97,False
ORD-14043,2024-08-09,CUST-1131,South,Clothing,Rain Coat,1,119.99,0.0,119.99,False
ORD-11701,2024-06-06,CUST-4361,East,Home & Garden,Scented Candles,2,19.99,0.0,39.98,False
ORD-13030,2024-03-07,CUST-3672,North,Clothing,Running Shoes,2,109.99,0.1,197.98,False
ORD-12791,2024-12-19,CUST-1160,South,Home & Garden,Wall Clock,2,39.99,0.0,79.98,False
ORD-11042,2024-04-04,CUST-3068,South,Home & Garden,Air Purifier,3,159.99,0.05,455.97,False
ORD-13473,2024-10-25,CUST-3162,West,Home & Garden,Scented Candles,1,19.99,0.0,19.99,True
ORD-11268,2024-08-24,CUST-3535,West,Electronics,Smart Watch,2,199.99,0.05,379.98,False
ORD-12582,2024-07-17,CUST-4661,South,Clothing,Running Shoes,4,109.99,0.2,351.97,False
ORD-13338,2024-08-03,CUST-2650,East,Clothing,Denim Jeans,2,59.99,0.0,119.98,False
ORD-14153,2024-05-05,CUST-1835,South,Home & Garden,Throw Blanket,4,49.99,0.0,199.96,False
ORD-10964,2024-04-28,CUST-1279,East,Electronics,Laptop Stand,3,49.99,0.15,127.47,False
ORD-10147,2024-07-25,CUST-3492,West,Clothing,Running Shoes,2,109.99,0.2,175.98,False
ORD-13715,2024-04-11,CUST-2925,North,Clothing,Yoga Pants,1,44.99,0.05,42.74,False
ORD-12166,2024-09-06,CUST-3945,North,Clothing,Denim Jeans,3,59.99,0.2,143.98,False
ORD-11166,2024-11-22,CUST-3704,East,Electronics,Smart Watch,1,199.99,0.15,169.99,False
ORD-10362,2024-06-04,CUST-1572,East,Home & Garden,Coffee Maker,2,69.99,0.0,139.98,False
ORD-11545,2024-06-13,CUST-3441,North,Home & Garden,Coffee Maker,1,69.99,0.0,69.99,False
ORD-13510,2024-05-04,CUST-3766,South,Electronics,Webcam HD,2,79.99,0.0,159.98,False
ORD-14820,2024-04-02,CUST-1113,North,Clothing,Winter Jacket,1,149.99,0.25,112.49,False
ORD-12281,2024-05-23,CUST-3553,East,Home & Garden,Wall Clock,5,39.99,0.1,179.96,False
ORD-12877,2024-03-12,CUST-1111,North,Clothing,Casual Sneakers,1,89.99,0.0,210.18,False
ORD-14603,2024-05-03,CUST-1952,South,Electronics,Bluetooth Speaker,2,59.99,0.05,113.98,False
ORD-11222,2024-06-15,CUST-2155,South,Home & Garden,LED Desk Lamp,1,44.99,0.0,44.99,True
ORD-12081,2024-01-02,CUST-2322,North,Clothing,Yoga Pants,1,44.99,0.0,44.99,False
ORD-14647,2024-04-17,CUST-1765,East,Clothing,Denim Jeans,2,59.99,0.1,107.98,False
ORD-14867,2024-02-05,CUST-4468,East,Electronics,Bluetooth Speaker,1,59.99,0.0,59.99,False
ORD-12326,2024-11-28,CUST-2366,South,Electronics,Webcam HD,1,79.99,0.0,79.99,False
ORD-11539,2024-07-05,CUST-4455,West,Electronics,USB-C Hub,4,39.99,0.0,159.96,False
ORD-12553,2024-12-18,CUST-1635,West,Home & Garden,Wall Clock,1,39.99,0.0,39.99,False
ORD-14924,2024-01-12,CUST-3432,South,Clothing,Cotton T-Shirt,4,24.99,0.25,74.97,False
ORD-12208,2024-04-14,CUST-1186,South,Clothing,Cotton T-Shirt,2,24.99,0.15,42.48,False
ORD-10070,2024-11-05,CUST-1718,East,Electronics,Mechanical Keyboard,3,129.99,0.15,331.47,False
ORD-12936,2024-11-24,CUST-1724,North,Electronics,Smart Watch,2,199.99,0.0,399.98,False
ORD-10060,2024-05-04,CUST-2168,South,Home & Garden,Throw Blanket,2,49.99,0.0,99.98,False
ORD-11297,2024-02-16,CUST-3703,South,Electronics,Laptop Stand,4,49.99,0.0,199.96,False
ORD-10336,2024-11-04,CUST-1824,West,Home & Garden,LED Desk Lamp,1,44.99,0.0,44.99,False
ORD-10578,2024-06-08,CUST-4369,North,Electronics,Smart Watch,1,199.99,0.15,169.99,False
ORD-12911,2024-01-06,CUST-3202,East,Clothing,Cotton T-Shirt,2,24.99,0.2,39.98,False
ORD-11365,2024-02-25,CUST-1440,South,Electronics,Webcam HD,1,79.99,0.0,79.99,False
ORD-10662,2024-08-15,CUST-3047,East,Home & Garden,Throw Blanket,1,49.99,0.0,49.99,False
ORD-14375,2024-06-07,CUST-2787,South,Clothing,Yoga Pants,2,44.99,0.15,76.48,False
ORD-12090,2024-11-17,CUST-3992,North,Electronics,USB-C Hub,2,39.99,0.05,75.98,True
ORD-13356,2024-10-03,CUST-3186,North,Electronics,Laptop Stand,5,49.99,0.1,224.96,False
ORD-13351,2024-06-25,CUST-1300,East,Electronics,Webcam HD,4,79.99,0.1,287.96,False
ORD-13150,2024-09-28,CUST-3368,North,Electronics,Wireless Headphones,4,89.99,0.05,341.96,False
ORD-12320,2024-12-14,CUST-4477,North,Electronics,Laptop Stand,3,49.99,0.1,134.97,False
ORD-11153,2024-10-26,CUST-1474,East,Home & Garden,LED Desk Lamp,3,44.99,0.05,128.22,False
ORD-14628,2024-09-07,CUST-4949,North,Electronics,USB-C Hub,2,39.99,0.05,75.98,False
ORD-14179,2024-04-19,CUST-2012,South,Clothing,Denim Jeans,2,59.99,0.15,101.98,False
ORD-11283,2024-01-24,CUST-4641,East,Clothing,Cotton T-Shirt,1,24.99,0.25,18.74,False
ORD-14964,2024-06-25,CUST-4853,North,Electronics,Webcam HD,1,79.99,0.05,75.99,False
ORD-11657,2024-04-23,CUST-1431,South,Home & Garden,Storage Organizer,2,29.99,0.1,53.98,False
ORD-12311,2024-12-27,CUST-1317,South,Clothing,Cotton T-Shirt,2,24.99,0.1,44.98,False
ORD-10940,2024-04-05,CUST-4357,North,Electronics,Webcam HD,1,79.99,0.0,79.99,False
ORD-11257,2024-06-09,CUST-2014,North,Home & Garden,LED Desk Lamp,1,44.99,0.0,44.99,False
ORD-12129,2024-06-10,CUST-2409,South,Electronics,Bluetooth Speaker,2,59.99,0.0,119.98,True
ORD-14006,2024-05-01,CUST-2524,South,Electronics,Bluetooth Speaker,1,59.99,0.0,59.99,False
ORD-12276,2024-10-25,CUST-4968,West,Clothing,Rain Coat,1,119.99,0.15,101.99,False
ORD-14893,2024-04-14,CUST-4612,West,Clothing,Casual Sneakers,1,89.99,0.25,67.49,False
ORD-14862,2024-01-23,CUST-1995,East,Clothing,Running Shoes,2,109.99,0.1,197.98,False
ORD-12014,2024-07-27,CUST-3984,North,Electronics,Smart Watch,2,199.99,0.05,379.98,False
ORD-12917,2024-11-15,CUST-3479,South,Clothing,Rain Coat,2,119.99,0.15,203.98,False
ORD-14089,2024-01-10,CUST-1073,North,Clothing,Casual Sneakers,1,89.99,0.1,80.99,True
ORD-13476,2024-12-11,CUST-4425,North,Electronics,Mechanical Keyboard,2,129.99,0.15,220.98,False
ORD-12315,2024-02-15,CUST-1507,South,Electronics,LED Monitor,3,299.99,0.0,899.97,False
ORD-14413,2024-09-13,CUST-2498,East,Home & Garden,Storage Organizer,2,29.99,0.1,53.98,True
ORD-10009,2024-10-11,CUST-2115,North,Electronics,Laptop Stand,5,49.99,0.0,249.95,False
ORD-12160,2024-09-07,CUST-2685,East,Electronics,Laptop Stand,1,49.99,0.0,49.99,True
ORD-11145,2024-12-23,CUST-4410,North,Home & Garden,LED Desk Lamp,1,44.99,0.0,44.99,False
ORD-11263,2024-06-04,CUST-2591,South,Electronics,Smart Watch,3,199.99,0.0,599.97,False
ORD-13253,2024-02-25,CUST-2127,East,Home & Garden,Coffee Maker,1,69.99,0.1,62.99,True
ORD-13203,2024-11-02,CUST-2354,West,Home & Garden,Plant Pot Set,1,34.99,0.0,34.99,False
ORD-10785,2024-12-03,CUST-3670,East,Home & Garden,Air Purifier,5,159.99,0.05,759.95,False
ORD-10609,2024-10-10,CUST-3121,West,Home & Garden,Coffee Maker,3,69.99,0.05,199.47,False
ORD-13114,2024-03-05,CUST-3942,North,Clothing,Winter Jacket,1,149.99,0.05,142.49,False
ORD-10342,2024-03-08,CUST-2264,North,Clothing,Denim Jeans,5,59.99,0.1,269.96,False
ORD-13743,2024-01-11,CUST-1418,West,Clothing,Rain Coat,3,119.99,0.0,359.97,False
ORD-10956,2024-07-28,CUST-2578,East,Electronics,Wireless Headphones,1,89.99,0.15,76.49,False
ORD-14887,2024-10-15,CUST-2374,West,Electronics,Wireless Headphones,1,89.99,0.0,89.99,True
ORD-13885,2024-12-23,CUST-2861,East,Clothing,Winter Jacket,3,149.99,0.1,404.97,False
ORD-14488,2024-11-25,CUST-3495,North,Electronics,LED Monitor,3,299.99,0.1,809.97,False
ORD-11583,2024-06-14,CUST-1082,South,Home & Garden,Plant Pot Set,3,34.99,0.0,104.97,False
ORD-12358,2024-07-22,CUST-3572,East,Electronics,Smart Watch,1,199.99,0.0,199.99,False
ORD-14046,2024-05-28,CUST-4539,West,Clothing,Running Shoes,1,109.99,0.0,109.99,False
ORD-10855,2024-03-03,CUST-3020,East,Clothing,Winter Jacket,2,149.99,0.15,254.98,False
ORD-10445,2024-12-03,CUST-2884,East,Home & Garden,Coffee Maker,4,69.99,0.05,265.96,True
ORD-14029,2024-05-06,CUST-4116,South,Clothing,Rain Coat,1,119.99,0.15,101.99,False
ORD-12470,2024-03-27,CUST-3871,North,Home & Garden,Storage Organizer,2,29.99,0.05,56.98,True
ORD-10405,2024-12-07,CUST-2675,North,Electronics,Laptop Stand,2,49.99,0.1,89.98,False
ORD-10284,2024-08-12,CUST-4137,North,Home & Garden,Air Purifier,1,159.99,0.1,143.99,False
ORD-10345,2024-08-10,CUST-1893,East,Home & Garden,Storage Organizer,1,29.99,0.05,28.49,False
ORD-11061,2024-12-08,CUST-4289,West,Clothing,Yoga Pants,2,44.99,0.25,67.48,False
ORD-11971,2024-11-08,CUST-2631,East,Electronics,Webcam HD,1,79.99,0.1,71.99,False
ORD-13988,2024-05-20,CUST-1620,North,Home & Garden,Storage Organizer,2,29.99,0.05,56.98,False
ORD-14020,2024-06-16,CUST-1552,South,Home & Garden,Air Purifier,1,159.99,0.0,159.99,False
ORD-12562,2024-01-02,CUST-4166,South,Electronics,Webcam HD,1,79.99,0.05,75.99,False
ORD-10968,2024-07-20,CUST-1328,South,Electronics,LED Monitor,1,299.99,0.1,269.99,True
ORD-14658,2024-03-08,CUST-1660,West,Home & Garden,Air Purifier,1,159.99,0.0,159.99,False
ORD-11526,2024-04-19,CUST-3321,South,Clothing,Rain Coat,3,119.99,0.15,305.97,False
ORD-10873,2024-05-01,CUST-4014,West,Home & Garden,Storage Organizer,1,29.99,0.0,29.99,False
ORD-14388,2024-02-28,CUST-1795,West,Home & Garden,Air Purifier,2,159.99,0.0,319.98,False
ORD-11229,2024-05-19,CUST-4001,South,Electronics,Webcam HD,4,79.99,0.05,303.96,False
ORD-11706,2024-09-13,CUST-2347,South,Clothing,Winter Jacket,4,149.99,0.1,539.96,False
ORD-14479,2024-08-19,CUST-2107,East,Home & Garden,LED Desk Lamp,1,44.99,0.0,44.99,False
ORD-12012,2024-12-24,CUST-1478,East,Clothing,Denim Jeans,3,59.99,0.0,179.97,False
ORD-12513,2024-07-03,CUST-2663,North,Home & Garden,Scented Candles,1,19.99,0.0,19.99,False
ORD-13357,2024-05-03,CUST-2815,North,Clothing,Denim Jeans,1,59.99,0.15,50.99,False
ORD-13577,2024-06-09,CUST-3295,North,Clothing,Rain Coat,1,119.99,0.25,89.99,False
ORD-14332,2024-06-13,CUST-3993,South,Electronics,LED Monitor,1,299.99,0.05,284.99,False
ORD-10448,2024-05-22,CUST-1388,West,Electronics,Smart Watch,2,199.99,0.1,359.98,False
ORD-12347,2024-05-17,CUST-1955,North,Electronics,Laptop Stand,1,49.99,0.0,49.99,False
ORD-11015,2024-12-18,CUST-1417,South,Home & Garden,Coffee Maker,2,69.99,0.05,132.98,False
ORD-14395,2024-11-01,CUST-1272,North,Electronics,Bluetooth Speaker,1,59.99,0.0,59.99,False
ORD-14845,2024-05-15,CUST-1508,North,Electronics,Mechanical Keyboard,1,129.99,0.05,123.49,False
ORD-11739,2024-06-23,CUST-1286,South,Home & Garden,Throw Blanket,1,49.99,0.05,47.49,False
ORD-13622,2024-03-01,CUST-1364,South,Clothing,Casual Sneakers,2,89.99,0.2,143.98,True
ORD-10498,2024-12-10,CUST-1684,East,Clothing,Denim Jeans,1,59.99,0.05,56.99,False
ORD-14070,2024-05-20,CUST-2059,North,Electronics,Wireless Headphones,3,89.99,0.15,229.47,False
ORD-11143,2024-07-28,CUST-2193,South,Home & Garden,Throw Blanket,2,49.99,0.1,89.98,True
ORD-14423,2024-10-10,CUST-1873,South,Electronics,LED Monitor,1,299.99,0.05,284.99,False
ORD-13342,2024-09-14,CUST-3458,East,Clothing,Cotton T-Shirt,5,24.99,0.1,112.46,False
ORD-14315,2024-03-28,CUST-4443,West,Clothing,Rain Coat,2,119.99,0.1,215.98,False
ORD-13240,2024-06-05,CUST-4517,East,Clothing,Winter Jacket,2,149.99,0.15,254.98,False
ORD-14818,2024-12-18,CUST-4207,North,Clothing,Rain Coat,1,119.99,0.05,113.99,False
ORD-14350,2024-11-20,CUST-1499,East,Clothing,Cotton T-Shirt,5,24.99,0.15,106.21,False
ORD-14283,2024-01-01,CUST-3133,North,Home & Garden,Plant Pot Set,1,34.99,0.0,34.99,False
ORD-14390,2024-03-15,CUST-3809,North,Clothing,Yoga Pants,1,44.99,0.2,35.99,False
ORD-10452,2024-06-23,CUST-3847,North,Home & Garden,Storage Organizer,1,29.99,0.05,28.49,False
ORD-10028,2024-08-26,CUST-1661,North,Electronics,USB-C Hub,3,39.99,0.0,119.97,False
ORD-10190,2024-02-23,CUST-2807,North,Clothing,Running Shoes,1,109.99,0.15,93.49,False
ORD-10740,2024-06-05,CUST-4414,North,Clothing,Cotton T-Shirt,1,24.99,0.15,21.24,False
ORD-11933,2024-08-06,CUST-1232,South,Clothing,Wool Sweater,3,79.99,0.0,239.97,True
ORD-11962,2024-11-20,CUST-1396,East,Electronics,Bluetooth Speaker,2,59.99,0.0,119.98,False
ORD-13151,2024-04-20,CUST-4786,East,Clothing,Running Shoes,2,109.99,0.0,219.98,False
ORD-13423,2024-01-01,CUST-2985,North,Home & Garden,Throw Blanket,2,49.99,0.0,99.98,True
ORD-12777,2024-03-04,CUST-4331,North,Home & Garden,LED Desk Lamp,2,44.99,0.0,89.98,False
ORD-14402,2024-04-01,CUST-4868,South,Electronics,Smart Watch,1,199.99,0.05,189.99,False
ORD-14914,2024-03-12,CUST-1051,South,Electronics,LED Monitor,1,299.99,0.0,299.99,False
ORD-12108,2024-04-22,CUST-4110,North,Clothing,Denim Jeans,5,59.99,0.2,239.96,False
ORD-12686,2024-02-16,CUST-1330,North,Clothing,Yoga Pants,2,44.99,0.15,76.48,False
ORD-10486,2024-01-13,CUST-2420,South,Electronics,LED Monitor,1,299.99,0.0,299.99,False
ORD-11966,2024-03-05,CUST-4454,South,Clothing,Cotton T-Shirt,1,24.99,0.15,21.24,False
ORD-13466,2024-06-15,CUST-1324,South,Clothing,Casual Sneakers,1,89.99,0.15,76.49,False
ORD-13750,2024-12-07,CUST-2924,West,Clothing,Running Shoes,2,109.99,0.2,175.98,False
ORD-11763,2024-06-06,CUST-2735,West,Clothing,Winter Jacket,4,149.99,0.25,449.97,False
ORD-12053,2024-12-05,CUST-1623,West,Clothing,Winter Jacket,1,149.99,0.1,134.99,False
ORD-13355,2024-01-08,CUST-3034,East,Home & Garden,Storage Organizer,1,29.99,0.0,29.99,True
ORD-13566,2024-08-23,CUST-2605,South,Clothing,Wool Sweater,2,79.99,0.05,151.98,False
ORD-13722,2024-12-04,CUST-2398,South,Home & Garden,Air Purifier,1,159.99,0.0,159.99,False
ORD-14084,2024-03-28,CUST-4787,North,Clothing,Wool Sweater,1,79.99,0.25,59.99,False
ORD-12091,2024-12-14,CUST-2101,North,Electronics,Smart Watch,1,199.99,0.15,169.99,False
ORD-13697,2024-09-12,CUST-4869,South,Clothing,Winter Jacket,1,149.99,0.15,127.49,True
ORD-12055,2024-09-28,CUST-2126,West,Clothing,Yoga Pants,2,44.99,0.1,80.98,False
ORD-11495,2024-09-11,CUST-4941,East,Electronics,USB-C Hub,1,39.99,0.1,35.99,False
ORD-11997,2024-01-12,CUST-3578,East,Clothing,Casual Sneakers,1,89.99,0.05,85.49,False
ORD-10150,2024-12-16,CUST-3218,East,Electronics,LED Monitor,2,299.99,0.0,599.98,False
ORD-12804,2024-07-01,CUST-4683,West,Electronics,Smart Watch,3,199.99,0.0,599.97,False
ORD-13784,2024-11-14,CUST-2633,South,Clothing,Wool Sweater,1,79.99,0.15,67.99,False
ORD-10951,2024-09-16,CUST-1443,South,Home & Garden,Throw Blanket,3,49.99,0.0,149.97,False
ORD-11670,2024-05-17,CUST-4139,East,Home & Garden,LED Desk Lamp,1,44.99,0.05,42.74,False
ORD-11096,2024-03-08,CUST-2677,West,Clothing,Yoga Pants,1,44.99,0.0,44.99,False
ORD-13792,2024-08-20,CUST-1358,East,Clothing,Wool Sweater,1,79.99,0.1,71.99,False
ORD-13081,2024-12-10,CUST-3610,North,Home & Garden,Throw Blanket,3,49.99,0.0,149.97,False
ORD-13452,2024-10-19,CUST-1260,North,Electronics,Smart Watch,2,199.99,0.05,379.98,False
ORD-11905,2024-03-12,CUST-2505,North,Clothing,Yoga Pants,3,44.99,0.0,134.97,False
ORD-13443,2024-12-20,CUST-1027,North,Electronics,Smart Watch,1,199.99,0.05,189.99,True
ORD-14992,2024-05-22,CUST-3229,North,Electronics,Wireless Headphones,3,89.99,0.15,229.47,True
ORD-13192,2024-12-21,CUST-3561,East,Home & Garden,Throw Blanket,4,49.99,0.0,199.96,False
ORD-12595,2024-11-23,CUST-3271,South,Clothing,Cotton T-Shirt,2,24.99,0.15,42.48,False
ORD-10358,2024-12-04,CUST-3685,North,Home & Garden,LED Desk Lamp,4,44.99,0.0,179.96,False
ORD-13738,2024-10-16,CUST-3737,East,Clothing,Winter Jacket,2,149.99,0.1,269.98,False
ORD-12271,2024-05-01,CUST-3222,West,Clothing,Casual Sneakers,1,89.99,0.0,89.99,False
ORD-14002,2024-11-21,CUST-1433,East,Home & Garden,Wall Clock,1,39.99,0.05,37.99,True
ORD-12376,2024-04-06,CUST-1693,East,Electronics,Webcam HD,1,79.99,0.0,79.99,False
ORD-14890,2024-04-14,CUST-3495,East,Electronics,LED Monitor,5,299.99,0.0,1499.95,False
ORD-14486,2024-01-05,CUST-3549,South,Electronics,Mechanical Keyboard,3,129.99,0.0,389.97,False
ORD-13586,2024-06-18,CUST-3992,West,Clothing,Denim Jeans,1,59.99,0.1,53.99,False
ORD-11077,2024-10-21,CUST-2665,North,Home & Garden,Scented Candles,2,19.99,0.0,39.98,False
ORD-11188,2024-04-17,CUST-4095,North,Electronics,Bluetooth Speaker,3,59.99,0.0,179.97,False
ORD-13369,2024-10-11,CUST-1710,North,Home & Garden,Scented Candles,2,19.99,0.0,39.98,True
ORD-13363,2024-04-14,CUST-2378,West,Electronics,Smart Watch,2,199.99,0.05,379.98,False
ORD-14833,2024-03-28,CUST-1107,South,Clothing,Denim Jeans,1,59.99,0.15,50.99,False
ORD-12387,2024-08-26,CUST-4577,West,Clothing,Rain Coat,1,119.99,0.1,107.99,False
ORD-14630,2024-02-13,CUST-1957,West,Home & Garden,Air Purifier,1,159.99,0.0,159.99,False
ORD-14730,2024-02-11,CUST-2598,West,Clothing,Rain Coat,5,119.99,0.25,449.96,False
ORD-11918,2024-05-20,CUST-3622,North,Electronics,Smart Watch,1,199.99,0.0,199.99,False
ORD-12481,2024-12-17,CUST-2067,North,Clothing,Running Shoes,1,109.99,0.1,98.99,False
ORD-13528,2024-12-19,CUST-2890,North,Home & Garden,Coffee Maker,2,69.99,0.0,139.98,False
ORD-12817,2024-01-16,CUST-3094,East,Clothing,Running Shoes,1,109.99,0.2,87.99,False
ORD-11714,2024-01-07,CUST-4838,South,Electronics,Wireless Headphones,1,89.99,0.0,89.99,False
ORD-14418,2024-05-18,CUST-1672,North,Clothing,Wool Sweater,5,79.99,0.0,399.95,False
ORD-13634,2024-02-15,CUST-3232,South,Clothing,Yoga Pants,1,44.99,0.2,35.99,False
ORD-14945,2024-12-28,CUST-4759,West,Clothing,Cotton T-Shirt,3,24.99,0.1,67.47,False
ORD-12346,2024-10-09,CUST-3908,East,Home & Garden,Air Purifier,4,159.99,0.05,607.96,False
ORD-13640,2024-03-02,CUST-3954,South,Electronics,Smart Watch,1,199.99,0.15,169.99,False
ORD-10786,2024-08-12,CUST-1519,South,Clothing,Running Shoes,2,109.99,0.1,197.98,False
ORD-14755,2024-12-09,CUST-4312,East,Electronics,Wireless Headphones,1,89.99,0.0,89.99,False
ORD-14206,2024-08-16,CUST-3975,South,Home & Garden,Coffee Maker,1,69.99,0.05,66.49,False
ORD-13689,2024-01-06,CUST-2669,West,Electronics,Wireless Headphones,1,89.99,0.1,80.99,False
ORD-14092,2024-06-12,CUST-2977,West,Clothing,Wool Sweater,1,79.99,0.15,67.99,False
ORD-14394,2024-12-05,CUST-2354,North,Clothing,Running Shoes,2,109.99,0.2,175.98,False
ORD-12228,2024-04-16,CUST-4308,West,Clothing,Casual Sneakers,2,89.99,0.0,179.98,False
ORD-14817,2024-11-19,CUST-1735,South,Clothing,Yoga Pants,4,44.99,0.2,143.97,False
ORD-11524,2024-06-19,CUST-4107,North,Home & Garden,Air Purifier,1,159.99,0.0,159.99,False
ORD-13628,2024-11-26,CUST-2188,West,Clothing,Running Shoes,3,109.99,0.2,263.98,False
ORD-10531,2024-12-04,CUST-2317,East,Home & Garden,Wall Clock,3,39.99,0.05,113.97,False
ORD-11844,2024-12-03,CUST-4114,East,Electronics,USB-C Hub,2,39.99,0.0,79.98,False
ORD-10420,2024-11-24,CUST-2391,North,Electronics,Wireless Headphones,1,89.99,0.1,80.99,False
ORD-10761,2024-04-23,CUST-4870,West,Electronics,USB-C Hub,2,39.99,0.0,79.98,False
ORD-12200,2024-12-19,CUST-2123,South,Home & Garden,Throw Blanket,1,49.99,0.0,49.99,False
ORD-13519,2024-03-15,CUST-1186,West,Clothing,Denim Jeans,1,59.99,0.2,47.99,False
ORD-12199,2024-05-16,CUST-4421,East,Home & Garden,Scented Candles,1,19.99,0.05,18.99,False
ORD-13801,2024-12-27,CUST-4147,North,Clothing,Winter Jacket,1,149.99,0.1,134.99,False
ORD-12602,2024-10-15,CUST-4259,West,Clothing,Casual Sneakers,1,89.99,0.05,85.49,False
ORD-10340,2024-06-24,CUST-3740,South,Clothing,Winter Jacket,4,149.99,0.1,539.96,False
ORD-11530,2024-04-23,CUST-2506,South,Clothing,Rain Coat,2,119.99,0.05,227.98,False
ORD-11128,2024-05-06,CUST-1055,South,Electronics,Wireless Headphones,1,89.99,0.05,85.49,False
ORD-12467,2024-01-12,CUST-2790,East,Home & Garden,Storage Organizer,2,29.99,0.05,56.98,False
ORD-10884,2024-11-11,CUST-2700,West,Electronics,LED Monitor,1,299.99,0.1,269.99,True
ORD-14329,2024-11-12,CUST-4150,North,Home & Garden,Wall Clock,1,39.99,0.0,39.99,True
ORD-14040,2024-12-11,CUST-1897,North,Clothing,Casual Sneakers,2,89.99,0.05,170.98,False
ORD-12039,2024-04-21,CUST-2123,East,Clothing,Casual Sneakers,1,89.99,0.1,80.99,False
ORD-10392,2024-05-10,CUST-2536,South,Clothing,Casual Sneakers,4,89.99,0.05,341.96,False
ORD-11457,2024-10-02,CUST-1716,North,Electronics,Smart Watch,1,199.99,0.0,199.99,False
ORD-14953,2024-10-02,CUST-3909,East,Home & Garden,Scented Candles,2,19.99,0.05,37.98,False
ORD-13647,2024-06-28,CUST-1856,North,Electronics,Laptop Stand,1,49.99,0.0,49.99,False
ORD-11543,2024-04-22,CUST-2155,South,Clothing,Denim Jeans,2,59.99,0.0,119.98,False
ORD-10098,2024-01-12,CUST-2704,North,Electronics,Mechanical Keyboard,4,129.99,0.15,441.97,False
ORD-10890,2024-10-20,CUST-4198,South,Electronics,LED Monitor,1,299.99,0.05,284.99,False
ORD-13852,2024-08-16,CUST-4305,South,Clothing,Casual Sneakers,2,89.99,0.1,161.98,False
ORD-11039,2024-04-10,CUST-2853,North,Home & Garden,Coffee Maker,2,69.99,0.1,125.98,False
ORD-14965,2024-03-04,CUST-3044,East,Clothing,Rain Coat,1,119.99,0.05,113.99,False
ORD-14632,2024-11-27,CUST-2767,North,Electronics,Smart Watch,2,199.99,0.05,379.98,False
ORD-12355,2024-02-17,CUST-3596,East,Home & Garden,Coffee Maker,2,69.99,0.0,139.98,False
ORD-13106,2024-10-02,CUST-3267,East,Clothing,Running Shoes,3,109.99,0.0,329.97,False
ORD-11447,2024-11-13,CUST-3614,West,Clothing,Cotton T-Shirt,2,24.99,0.25,37.48,False
ORD-12992,2024-07-15,CUST-3117,South,Clothing,Cotton T-Shirt,3,24.99,0.2,59.98,False
ORD-12565,2024-04-26,CUST-1395,East,Electronics,USB-C Hub,5,39.99,0.05,189.95,True
ORD-12306,2024-02-14,CUST-2507,North,Clothing,Denim Jeans,1,59.99,0.0,59.99,False
ORD-10670,2024-03-13,CUST-2098,South,Electronics,Wireless Headphones,2,89.99,0.05,170.98,False
ORD-10713,2024-06-05,CUST-4820,South,Clothing,Denim Jeans,2,59.99,0.2,95.98,False
ORD-11334,2024-12-19,CUST-1806,East,Clothing,Cotton T-Shirt,1,24.99,0.15,21.24,False
ORD-13016,2024-10-21,CUST-1143,East,Home & Garden,Wall Clock,1,39.99,0.0,39.99,False
ORD-12462,2024-09-27,CUST-2142,North,Electronics,Smart Watch,2,199.99,0.1,359.98,False
ORD-10416,2024-04-07,CUST-4067,South,Home & Garden,Air Purifier,3,159.99,0.1,431.97,False
ORD-11544,2024-12-15,CUST-1262,North,Clothing,Casual Sneakers,2,89.99,0.0,179.98,False
ORD-12218,2024-12-10,CUST-4995,West,Home & Garden,Plant Pot Set,1,34.99,0.1,31.49,False
ORD-14335,2024-01-12,CUST-4441,East,Clothing,Running Shoes,2,109.99,0.15,186.98,False
ORD-13933,2024-03-23,CUST-1371,East,Clothing,Winter Jacket,1,149.99,0.0,149.99,False
ORD-12035,2024-05-28,CUST-1742,West,Clothing,Rain Coat,2,119.99,0.15,203.98,False
ORD-13015,2024-05-20,CUST-2133,North,Home & Garden,Storage Organizer,1,29.99,0.0,29.99,True
ORD-11831,2024-08-09,CUST-4166,South,Clothing,Yoga Pants,1,44.99,0.0,44.99,False
ORD-14860,2024-09-13,CUST-2467,North,Home & Garden,Storage Organizer,1,29.99,0.0,29.99,False
ORD-12478,2024-02-18,CUST-4107,West,Clothing,Wool Sweater,2,79.99,0.0,159.98,False
ORD-14381,2024-01-18,CUST-1271,North,Clothing,Yoga Pants,2,44.99,0.05,85.48,False
ORD-14396,2024-04-25,CUST-3749,North,Home & Garden,LED Desk Lamp,3,44.99,0.0,134.97,False
ORD-12586,2024-01-20,CUST-2426,South,Electronics,Smart Watch,3,199.99,0.0,599.97,False
ORD-11745,2024-06-03,CUST-3564,South,Home & Garden,Plant Pot Set,2,34.99,0.0,69.98,False
ORD-10572,2024-05-13,CUST-1768,North,Clothing,Cotton T-Shirt,1,24.99,0.0,24.99,False
ORD-12118,2024-02-08,CUST-2231,North,Clothing,Winter Jacket,2,149.99,0.1,269.98,False
ORD-10734,2024-05-25,CUST-4870,South,Electronics,USB-C Hub,1,39.99,0.0,39.99,False
ORD-13130,2024-11-16,CUST-1565,East,Home & Garden,Plant Pot Set,2,34.99,0.1,62.98,True
ORD-14643,2024-02-17,CUST-3972,North,Electronics,LED Monitor,1,299.99,0.0,299.99,False
ORD-13950,2024-01-07,CUST-2012,South,Clothing,Denim Jeans,2,59.99,0.05,113.98,False
ORD-12141,2024-07-21,CUST-2503,South,Electronics,LED Monitor,3,299.99,0.0,899.97,False
ORD-13835,2024-04-10,CUST-2668,North,Electronics,Smart Watch,1,199.99,0.0,199.99,False
ORD-14553,2024-12-17,CUST-4457,West,Home & Garden,Coffee Maker,3,69.99,0.05,199.47,False
ORD-10400,2024-02-24,CUST-1881,West,Clothing,Winter Jacket,2,149.99,0.1,269.98,False
ORD-14826,2024-10-01,CUST-4683,East,Electronics,Mechanical Keyboard,3,129.99,0.05,370.47,False
ORD-12450,2024-04-07,CUST-4314,West,Clothing,Rain Coat,3,119.99,0.15,305.97,False
ORD-10398,2024-10-27,CUST-4865,East,Clothing,Wool Sweater,2,79.99,0.0,159.98,False
ORD-11788,2024-01-03,CUST-3819,North,Clothing,Denim Jeans,4,59.99,0.1,215.96,False
ORD-11586,2024-10-06,CUST-2050,North,Clothing,Cotton T-Shirt,1,24.99,0.2,19.99,False
ORD-11876,2024-08-01,CUST-1179,North,Clothing,Rain Coat,1,119.99,0.0,119.99,False
ORD-11680,2024-05-03,CUST-1453,West,Home & Garden,Wall Clock,2,39.99,0.0,79.98,False
ORD-10993,2024-08-19,CUST-1367,North,Clothing,Denim Jeans,1,59.99,0.05,56.99,False
ORD-11244,2024-11-07,CUST-3695,West,Clothing,Rain Coat,3,119.99,0.05,341.97,False
ORD-10814,2024-12-03,CUST-3064,East,Home & Garden,Coffee Maker,1,69.99,0.0,69.99,False
ORD-10019,2024-04-05,CUST-4013,West,Clothing,Casual Sneakers,1,89.99,0.1,80.99,False
ORD-13807,2024-05-28,CUST-2078,South,Electronics,Wireless Headphones,4,89.99,0.0,359.96,False
ORD-11414,2024-07-13,CUST-1217,North,Electronics,LED Monitor,5,299.99,0.0,1499.95,False
ORD-10891,2024-11-02,CUST-4159,South,Clothing,Running Shoes,1,109.99,0.0,109.99,True
ORD-10648,2024-11-25,CUST-2577,South,Clothing,Yoga Pants,1,44.99,0.15,38.24,False
ORD-14251,2024-01-15,CUST-2541,West,Clothing,Winter Jacket,2,149.99,0.1,269.98,False
ORD-11949,2024-06-10,CUST-3609,East,Home & Garden,Scented Candles,1,19.99,0.0,19.99,False
ORD-14821,2024-04-25,CUST-1771,East,Clothing,Yoga Pants,1,44.99,0.1,40.49,False
ORD-11035,2024-10-02,CUST-2640,East,Clothing,Yoga Pants,3,44.99,0.1,121.47,False
ORD-14631,2024-04-23,CUST-4397,North,Clothing,Wool Sweater,2,79.99,0.2,127.98,False
ORD-10219,2024-11-25,CUST-1019,South,Clothing,Casual Sneakers,2,89.99,0.15,152.98,False
ORD-11182,2024-09-07,CUST-1931,West,Electronics,Mechanical Keyboard,4,129.99,0.1,467.96,False
ORD-10280,2024-12-06,CUST-1706,East,Electronics,Laptop Stand,2,49.99,0.05,94.98,False
ORD-11436,2024-04-23,CUST-3743,West,Home & Garden,Wall Clock,2,39.99,0.05,75.98,True
ORD-10133,2024-05-24,CUST-3200,South,Electronics,Bluetooth Speaker,3,59.99,0.0,179.97,False
ORD-14139,2024-07-19,CUST-4721,North,Electronics,Laptop Stand,2,49.99,0.1,89.98,False
ORD-14682,2024-12-16,CUST-4952,South,Home & Garden,Throw Blanket,4,49.99,0.05,189.96,False
ORD-14473,2024-05-25,CUST-1114,North,Clothing,Wool Sweater,2,79.99,0.0,159.98,False
ORD-13618,2024-11-01,CUST-2984,West,Electronics,USB-C Hub,1,39.99,0.15,33.99,False
ORD-13494,2024-09-05,CUST-3332,West,Clothing,Winter Jacket,1,149.99,0.1,134.99,False
ORD-11847,2024-03-23,CUST-3743,South,Electronics,Webcam HD,2,79.99,0.0,159.98,False
ORD-11514,2024-03-08,CUST-2117,South,Clothing,Casual Sneakers,5,89.99,0.2,359.96,False
ORD-13591,2024-03-25,CUST-4256,North,Electronics,USB-C Hub,1,39.99,0.05,37.99,False
ORD-11438,2024-03-09,CUST-1714,North,Electronics,Wireless Headphones,1,89.99,0.0,89.99,False
ORD-13435,2024-05-16,CUST-4377,West,Home & Garden,Scented Candles,2,19.99,0.0,39.98,False
ORD-10000,2024-05-19,CUST-3586,East,Clothing,Cotton T-Shirt,1,24.99,0.2,19.99,False
ORD-13716,2024-05-15,CUST-3001,South,Clothing,Rain Coat,1,119.99,0.25,89.99,False
ORD-14021,2024-04-08,CUST-2894,South,Electronics,USB-C Hub,1,39.99,0.05,37.99,False
ORD-13474,2024-11-22,CUST-3404,South,Electronics,LED Monitor,3,299.99,0.05,854.97,False
ORD-10600,2024-03-23,CUST-3979,North,Clothing,Wool Sweater,5,79.99,0.1,359.96,False
ORD-10701,2024-01-18,CUST-4038,East,Home & Garden,Plant Pot Set,2,34.99,0.0,69.98,False
ORD-12658,2024-03-04,CUST-3882,North,Electronics,Bluetooth Speaker,4,59.99,0.0,239.96,False
ORD-14004,2024-02-13,CUST-1317,North,Home & Garden,Wall Clock,5,39.99,0.1,179.96,False
ORD-11682,2024-09-14,CUST-3332,West,Clothing,Cotton T-Shirt,5,24.99,0.15,106.21,False
ORD-12532,2024-04-21,CUST-3924,West,Home & Garden,Wall Clock,3,39.99,0.05,113.97,False
ORD-11320,2024-04-20,CUST-1323,West,Electronics,Wireless Headphones,2,89.99,0.0,179.98,False
ORD-11195,2024-12-15,CUST-4077,South,Electronics,USB-C Hub,2,39.99,0.15,67.98,False
ORD-14242,2024-10-20,CUST-4366,West,Electronics,LED Monitor,3,299.99,0.1,809.97,False
ORD-13478,2024-06-20,CUST-4479,North,Home & Garden,LED Desk Lamp,5,44.99,0.0,224.95,True
ORD-10854,2024-03-03,CUST-4571,South,Electronics,Mechanical Keyboard,1,129.99,0.0,129.99,False
ORD-10487,2024-04-12,CUST-3309,South,Clothing,Running Shoes,3,109.99,0.15,280.47,False
ORD-11281,2024-10-19,CUST-1925,South,Clothing,Winter Jacket,2,149.99,0.15,254.98,False
ORD-11374,2024-04-04,CUST-3474,West,Clothing,Rain Coat,2,119.99,0.1,215.98,False
ORD-12154,2024-02-25,CUST-3935,West,Electronics,LED Monitor,2,299.99,0.0,599.98,False
ORD-12937,2024-08-01,CUST-4974,East,Electronics,Laptop Stand,4,49.99,0.1,179.96,True
ORD-13054,2024-09-20,CUST-3917,South,Electronics,Wireless Headphones,1,89.99,0.0,89.99,False
ORD-13196,2024-12-05,CUST-1057,South,Electronics,Bluetooth Speaker,4,59.99,0.05,227.96,False
ORD-12622,2024-06-08,CUST-4983,North,Electronics,Wireless Headphones,2,89.99,0.15,152.98,False
ORD-12246,2024-01-27,CUST-1724,East,Clothing,Running Shoes,3,109.99,0.2,263.98,False
ORD-13507,2024-06-06,CUST-3015,East,Electronics,Webcam HD,1,79.99,0.0,79.99,False
ORD-14067,2024-12-16,CUST-3529,North,Home & Garden,Plant Pot Set,4,34.99,0.0,139.96,False
ORD-11930,2024-08-23,CUST-2085,South,Home & Garden,Plant Pot Set,1,34.99,0.0,34.99,False
ORD-10413,2024-08-27,CUST-4146,East,Clothing,Rain Coat,1,119.99,0.2,95.99,False
ORD-13665,2024-06-02,CUST-4350,South,Clothing,Rain Coat,1,119.99,0.1,107.99,False
ORD-13841,2024-01-25,CUST-3540,East,Home & Garden,Air Purifier,1,159.99,0.0,159.99,True
ORD-13969,2024-05-26,CUST-2016,West,Electronics,Laptop Stand,2,49.99,0.05,94.98,False
ORD-13386,2024-04-16,CUST-2558,West,Home & Garden,Throw Blanket,3,49.99,0.05,142.47,True
ORD-11082,2024-06-26,CUST-4154,East,Home & Garden,LED Desk Lamp,1,44.99,0.0,44.99,True
ORD-12746,2024-08-17,CUST-2582,East,Home & Garden,LED Desk Lamp,2,44.99,0.0,89.98,False
ORD-13849,2024-01-18,CUST-2330,North,Home & Garden,Air Purifier,3,159.99,0.05,455.97,False
ORD-13222,2024-02-18,CUST-4576,North,Home & Garden,Plant Pot Set,2,34.99,0.0,69.98,True
ORD-10036,2024-04-10,CUST-2245,South,Electronics,Webcam HD,2,79.99,0.0,159.98,False
ORD-13642,2024-06-10,CUST-1617,East,Electronics,Mechanical Keyboard,4,129.99,0.0,519.96,False
ORD-10589,2024-03-02,CUST-3153,North,Clothing,Running Shoes,3,109.99,0.1,296.97,False
ORD-13636,2024-12-15,CUST-3830,South,Clothing,Yoga Pants,2,44.99,,80.98,False
ORD-11814,2024-02-15,CUST-3115,East,Clothing,Denim Jeans,4,59.99,0.25,179.97,False
ORD-12501,2024-11-10,CUST-1060,North,Clothing,Cotton T-Shirt,1,24.99,0.15,21.24,False
ORD-10658,2024-09-01,CUST-4316,South,Clothing,Winter Jacket,1,149.99,0.0,149.99,False
ORD-13879,2024-03-20,CUST-3895,East,Clothing,Running Shoes,1,109.99,0.0,109.99,False
ORD-10020,2024-08-23,CUST-1595,North,Home & Garden,Throw Blanket,1,49.99,0.05,47.49,False
ORD-11235,2024-05-10,CUST-4556,South,Home & Garden,Air Purifier,2,159.99,0.05,303.98,False
ORD-14147,2024-05-24,CUST-1619,West,Clothing,Wool Sweater,2,79.99,0.1,143.98,False
ORD-12258,2024-04-22,CUST-1698,North,Electronics,USB-C Hub,1,39.99,0.05,37.99,False
ORD-11644,2024-02-12,CUST-3178,South,Clothing,Casual Sneakers,2,89.99,0.05,170.98,False
ORD-10540,2024-12-04,CUST-1897,North,Electronics,Mechanical Keyboard,2,129.99,0.0,259.98,False
ORD-13705,2024-12-09,CUST-4387,West,Clothing,Yoga Pants,2,44.99,,80.98,False
ORD-13422,2024-11-09,CUST-2096,North,Clothing,Winter Jacket,1,149.99,0.0,149.99,False
ORD-14747,2024-01-04,CUST-2531,East,Home & Garden,LED Desk Lamp,2,44.99,0.1,80.98,True
ORD-11242,2024-11-18,CUST-4964,East,Home & Garden,Scented Candles,2,19.99,0.05,37.98,False
ORD-12614,2024-04-03,CUST-3163,South,Clothing,Denim Jeans,1,59.99,0.0,59.99,False
ORD-10580,2024-06-25,CUST-1295,East,Home & Garden,Throw Blanket,2,49.99,0.0,99.98,False
ORD-11286,2024-02-20,CUST-2123,South,Electronics,Mechanical Keyboard,1,129.99,0.0,129.99,False
ORD-14250,2024-05-08,CUST-4816,North,Home & Garden,Throw Blanket,2,49.99,0.0,99.98,False
ORD-14825,2024-03-10,CUST-4300,South,Clothing,Casual Sneakers,5,89.99,0.05,427.45,False
ORD-10479,2024-07-18,CUST-4807,East,Electronics,Webcam HD,3,79.99,0.0,239.97,False
ORD-12674,2024-12-11,CUST-3231,East,Electronics,Mechanical Keyboard,3,129.99,0.1,350.97,False
ORD-14218,2024-10-23,CUST-2487,South,Home & Garden,Storage Organizer,1,29.99,0.0,29.99,False
ORD-10063,2024-05-02,CUST-4988,North,Home & Garden,Wall Clock,2,39.99,0.05,75.98,True
ORD-13596,2024-03-09,CUST-1392,South,Home & Garden,Coffee Maker,3,69.99,0.0,209.97,False
ORD-11373,2024-06-15,CUST-1414,West,Clothing,Denim Jeans,1,59.99,0.2,47.99,False
ORD-13161,2024-01-07,CUST-4297,West,Clothing,Running Shoes,2,109.99,0.25,164.98,False
ORD-14977,2024-03-05,CUST-1742,South,Clothing,Yoga Pants,1,44.99,0.0,44.99,False
ORD-11121,2024-12-23,CUST-3983,North,Home & Garden,Plant Pot Set,2,34.99,0.0,69.98,False
ORD-10259,2024-02-13,CUST-2436,South,Electronics,Smart Watch,1,199.99,0.0,199.99,False
ORD-10705,2024-12-09,CUST-3303,North,Electronics,Bluetooth Speaker,4,59.99,0.0,239.96,False
ORD-12763,2024-06-20,CUST-2177,South,Home & Garden,LED Desk Lamp,4,44.99,0.0,179.96,False
ORD-10439,2024-02-15,CUST-2218,West,Clothing,Yoga Pants,1,44.99,0.2,35.99,False
ORD-13155,2024-09-02,CUST-3954,East,Clothing,Cotton T-Shirt,5,24.99,0.05,118.7,False
ORD-11767,2024-06-01,CUST-3023,East,Home & Garden,LED Desk Lamp,4,44.99,0.1,161.96,False
ORD-12783,2024-11-16,CUST-1130,South,Clothing,Denim Jeans,5,59.99,0.1,269.96,False
ORD-10924,2024-06-28,CUST-2606,North,Home & Garden,Throw Blanket,1,49.99,0.0,49.99,False
ORD-14762,2024-10-22,CUST-2509,North,Clothing,Casual Sneakers,2,89.99,0.0,179.98,False
ORD-11483,2024-01-26,CUST-1340,South,Electronics,Webcam HD,3,79.99,0.1,215.97,False
ORD-13230,2024-07-08,CUST-3791,South,Electronics,Wireless Headphones,5,89.99,0.0,449.95,False
ORD-11134,2024-10-25,CUST-4848,East,Clothing,Yoga Pants,4,44.99,0.05,170.96,False
ORD-11108,2024-10-09,CUST-3176,West,Clothing,Cotton T-Shirt,2,24.99,0.15,42.48,False
ORD-13592,2024-07-12,CUST-1133,South,Clothing,Winter Jacket,1,149.99,0.1,134.99,False
ORD-14426,2024-03-28,CUST-2881,East,Home & Garden,Air Purifier,2,159.99,0.05,303.98,False
ORD-12756,2024-06-02,CUST-3952,West,Clothing,Casual Sneakers,3,89.99,0.1,242.97,False
ORD-11542,2024-07-05,CUST-3733,East,Clothing,Yoga Pants,3,44.99,0.15,114.72,False
ORD-10587,2024-02-12,CUST-3864,East,Home & Garden,Storage Organizer,1,29.99,0.0,29.99,False
ORD-10768,2024-05-13,CUST-4378,North,Electronics,Laptop Stand,2,49.99,0.0,99.98,False
ORD-14292,2024-07-01,CUST-1230,North,Clothing,Denim Jeans,2,59.99,0.2,95.98,False
ORD-11085,2024-06-06,CUST-3052,North,Clothing,Rain Coat,2,119.99,0.2,191.98,True
ORD-11820,2024-03-18,CUST-4778,East,Home & Garden,Throw Blanket,2,49.99,0.0,99.98,False
ORD-12086,2024-02-07,CUST-1566,East,Home & Garden,Coffee Maker,5,69.99,0.05,332.45,False
ORD-14425,2024-05-03,CUST-2793,East,Clothing,Cotton T-Shirt,2,24.99,0.05,47.48,False
ORD-14197,2024-04-01,CUST-2290,East,Clothing,Winter Jacket,4,149.99,0.0,599.96,True
ORD-11881,2024-12-06,CUST-1376,South,Electronics,Laptop Stand,1,49.99,0.0,49.99,False
ORD-10637,2024-04-12,CUST-4570,North,Electronics,USB-C Hub,2,39.99,0.15,67.98,False
ORD-13065,2024-04-13,CUST-3267,North,Electronics,Smart Watch,3,199.99,0.0,599.97,False
ORD-14017,2024-12-09,CUST-3243,East,Electronics,Smart Watch,1,199.99,0.0,199.99,False
ORD-14107,2024-01-23,CUST-1435,South,Home & Garden,Throw Blanket,1,49.99,0.05,47.49,False
ORD-13404,2024-10-13,CUST-2128,West,Home & Garden,Storage Organizer,1,29.99,0.05,28.49,False
ORD-14256,2024-12-21,CUST-1563,South,Home & Garden,LED Desk Lamp,2,44.99,0.05,85.48,False
ORD-14589,2024-10-16,CUST-1135,West,Clothing,Winter Jacket,1,149.99,0.2,119.99,False
ORD-13387,2024-07-27,CUST-3519,South,Clothing,Winter Jacket,1,149.99,0.0,149.99,True
ORD-10062,2024-11-13,CUST-2660,North,Electronics,LED Monitor,2,299.99,0.0,599.98,False
ORD-13610,2024-08-09,CUST-2338,North,Home & Garden,Throw Blanket,1,49.99,0.05,47.49,False
ORD-12652,2024-05-26,CUST-3282,South,Home & Garden,LED Desk Lamp,2,44.99,0.05,85.48,False
ORD-10157,2024-11-10,CUST-1007,East,Electronics,Smart Watch,1,199.99,0.0,199.99,False
ORD-10438,2024-10-13,CUST-2708,South,Electronics,Webcam HD,3,79.99,0.0,239.97,False
ORD-13992,2024-10-05,CUST-1549,East,Home & Garden,Scented Candles,1,19.99,0.0,19.99,False
ORD-13777,2024-07-19,CUST-2391,South,Clothing,Running Shoes,2,109.99,0.05,208.98,False
ORD-12323,2024-04-16,CUST-1759,North,Home & Garden,LED Desk Lamp,1,44.99,0.1,40.49,False
ORD-13783,2024-11-15,CUST-4894,South,Clothing,Cotton T-Shirt,1,24.99,0.2,19.99,False
ORD-12019,2024-09-23,CUST-2219,South,Electronics,Webcam HD,1,79.99,0.0,79.99,False
ORD-11727,2024-12-27,CUST-1844,North,Electronics,Wireless Headphones,3,89.99,,269.97,True
ORD-14052,2024-11-28,CUST-2288,South,Clothing,Denim Jeans,3,59.99,0.25,134.98,False
ORD-14795,2024-05-11,CUST-2521,North,Electronics,Webcam HD,1,79.99,0.1,71.99,False
ORD-12001,2024-04-20,CUST-2368,North,Home & Garden,Wall Clock,3,39.99,0.05,113.97,False
ORD-13658,2024-08-17,CUST-4737,South,Electronics,USB-C Hub,1,39.99,0.0,39.99,False
ORD-12993,2024-05-10,CUST-3569,North,Electronics,Bluetooth Speaker,3,59.99,0.05,170.97,False
ORD-13529,2024-06-25,CUST-1489,South,Electronics,Webcam HD,2,79.99,0.0,159.98,False
ORD-12321,2024-10-20,CUST-4358,South,Home & Garden,Coffee Maker,1,69.99,0.05,66.49,False
ORD-10012,2024-11-07,CUST-4596,East,Clothing,Yoga Pants,5,44.99,0.2,179.96,False
ORD-14296,2024-02-23,CUST-4634,North,Electronics,Mechanical Keyboard,1,129.99,0.0,129.99,False
ORD-14602,2024-12-09,CUST-2601,East,Electronics,Webcam HD,1,79.99,0.1,71.99,False
ORD-10140,2024-12-07,CUST-3865,North,Clothing,Running Shoes,1,109.99,0.0,109.99,False
ORD-12950,2024-11-01,CUST-1560,West,Electronics,Smart Watch,1,199.99,0.1,179.99,True
ORD-11895,2024-10-16,CUST-1752,East,Clothing,Cotton T-Shirt,2,24.99,0.25,37.48,False
ORD-14829,2024-07-12,CUST-4858,East,Clothing,Denim Jeans,3,59.99,0.0,179.97,False
ORD-13068,2024-04-18,CUST-3762,North,Home & Garden,LED Desk Lamp,2,44.99,0.0,89.98,False
ORD-13498,2024-03-16,CUST-1310,West,Electronics,Bluetooth Speaker,1,59.99,0.05,56.99,False
ORD-13768,2024-03-25,CUST-2418,North,Home & Garden,Plant Pot Set,2,34.99,0.05,66.48,False
ORD-11054,2024-12-26,CUST-3272,East,Clothing,Casual Sneakers,5,89.99,0.2,359.96,False
ORD-13655,2024-03-01,CUST-1063,West,Clothing,Cotton T-Shirt,2,24.99,0.1,44.98,False
ORD-11837,2024-05-07,CUST-1652,South,Home & Garden,Coffee Maker,4,69.99,0.0,279.96,False
ORD-14688,2024-07-15,CUST-1560,North,Clothing,Denim Jeans,3,59.99,0.0,179.97,False
ORD-14035,2024-12-10,CUST-1301,North,Home & Garden,Plant Pot Set,2,34.99,0.0,69.98,False
ORD-13046,2024-06-05,CUST-1361,North,Home & Garden,Plant Pot Set,1,34.99,0.1,31.49,False
ORD-11180,2024-12-05,CUST-1544,East,Home & Garden,Wall Clock,1,39.99,0.0,39.99,False
ORD-11310,2024-02-21,CUST-1057,East,Electronics,LED Monitor,1,299.99,0.0,299.99,False
ORD-11935,2024-11-02,CUST-1348,North,Home & Garden,Coffee Maker,3,69.99,0.0,209.97,True
ORD-14554,2024-06-18,CUST-4475,North,Clothing,Casual Sneakers,3,89.99,0.1,242.97,False
ORD-10109,2024-01-20,CUST-3501,West,Electronics,Webcam HD,2,79.99,0.05,151.98,False
ORD-14792,2024-01-08,CUST-2684,West,Electronics,Bluetooth Speaker,3,59.99,0.0,179.97,False
ORD-14456,2024-10-08,CUST-2161,West,Home & Garden,Plant Pot Set,1,34.99,0.0,34.99,False
ORD-14674,2024-05-09,CUST-3171,East,Clothing,Running Shoes,1,109.99,0.1,98.99,False
ORD-14669,2024-10-23,CUST-1508,North,Clothing,Denim Jeans,1,59.99,0.25,44.99,False
ORD-10689,2024-03-28,CUST-2692,East,Clothing,Wool Sweater,2,79.99,0.05,151.98,False
ORD-14533,2024-04-09,CUST-4238,South,Clothing,Casual Sneakers,3,89.99,0.0,269.97,False
ORD-12536,2024-10-20,CUST-1100,West,Electronics,Mechanical Keyboard,1,129.99,0.0,129.99,False
ORD-12949,2024-12-18,CUST-4012,South,Clothing,Wool Sweater,1,79.99,0.15,67.99,False
ORD-14116,2024-12-17,CUST-2517,North,Electronics,Laptop Stand,1,49.99,0.05,47.49,False
ORD-10652,2024-08-17,CUST-2905,West,Electronics,Laptop Stand,1,49.99,0.0,49.99,False
ORD-13554,2024-02-27,CUST-2665,East,Home & Garden,Throw Blanket,1,49.99,0.05,47.49,False
ORD-13882,2024-12-24,CUST-3998,South,Clothing,Running Shoes,1,109.99,0.25,82.49,False
ORD-10590,2024-02-21,CUST-4465,North,Home & Garden,Throw Blanket,3,49.99,0.0,149.97,False
ORD-13314,2024-03-08,CUST-3745,South,Home & Garden,Wall Clock,3,39.99,0.0,119.97,False
ORD-13153,2024-06-23,CUST-2569,North,Home & Garden,Wall Clock,1,39.99,0.0,39.99,False
ORD-10895,2024-03-13,CUST-2023,North,Home & Garden,Throw Blanket,4,49.99,0.05,189.96,False
ORD-13256,2024-10-02,CUST-4486,South,Home & Garden,Plant Pot Set,2,34.99,0.05,66.48,False
ORD-13495,2024-12-25,CUST-1568,North,Electronics,Laptop Stand,3,49.99,0.0,291.52,False
ORD-12720,2024-12-25,CUST-4345,West,Clothing,Rain Coat,1,119.99,0.2,95.99,False
ORD-10127,2024-12-19,CUST-4371,East,Electronics,USB-C Hub,1,39.99,0.0,39.99,False
ORD-10117,2024-03-06,CUST-4789,South,Clothing,Wool Sweater,2,79.99,0.15,135.98,False
ORD-12094,2024-04-24,CUST-1283,North,Home & Garden,Wall Clock,1,39.99,0.0,39.99,False
ORD-11289,2024-01-04,CUST-3325,South,Electronics,Webcam HD,5,79.99,0.0,399.95,False
ORD-13859,2024-11-19,CUST-3997,West,Home & Garden,Coffee Maker,2,69.99,0.0,139.98,False
ORD-10514,2024-01-28,CUST-4048,East,Clothing,Denim Jeans,1,59.99,0.0,59.99,False
ORD-14846,2024-12-16,CUST-2263,West,Home & Garden,Air Purifier,1,159.99,0.05,151.99,False
ORD-13641,2024-12-27,CUST-1200,South,Clothing,Cotton T-Shirt,1,24.99,0.0,24.99,False
ORD-14370,2024-03-24,CUST-1949,North,Clothing,Rain Coat,1,119.99,0.0,119.99,False
ORD-14541,2024-07-18,CUST-1208,East,Home & Garden,Air Purifier,1,159.99,0.0,159.99,False
ORD-12572,2024-05-22,CUST-4363,South,Clothing,Rain Coat,1,119.99,0.1,107.99,False
ORD-12022,2024-12-22,CUST-4820,North,Home & Garden,Throw Blanket,3,49.99,0.0,149.97,False
ORD-10030,2024-08-08,CUST-1537,South,Home & Garden,Throw Blanket,1,49.99,0.1,44.99,True
ORD-14771,2024-05-13,CUST-2521,West,Home & Garden,LED Desk Lamp,4,44.99,0.05,170.96,False
ORD-12142,2024-10-08,CUST-2994,East,Clothing,Denim Jeans,2,59.99,0.05,113.98,False
ORD-12751,2024-10-26,CUST-2695,East,Clothing,Running Shoes,3,109.99,0.1,296.97,False
ORD-11384,2024-09-03,CUST-4357,South,Home & Garden,LED Desk Lamp,2,44.99,0.05,85.48,False
ORD-14572,2024-03-18,CUST-4344,South,Home & Garden,Storage Organizer,5,29.99,0.1,134.95,True
ORD-14444,2024-05-07,CUST-4114,West,Clothing,Denim Jeans,1,59.99,0.15,50.99,True
ORD-14629,2024-07-18,CUST-4757,West,Clothing,Denim Jeans,2,59.99,0.05,113.98,False
ORD-11765,2024-05-25,CUST-2968,East,Electronics,Wireless Headphones,3,89.99,0.1,242.97,False
ORD-14946,2024-09-02,CUST-3230,South,Clothing,Denim Jeans,1,59.99,0.2,47.99,False
ORD-13143,2024-07-18,CUST-4044,West,Home & Garden,LED Desk Lamp,5,44.99,0.0,224.95,True
ORD-10450,2024-11-25,CUST-2458,North,Electronics,Wireless Headphones,3,89.99,0.0,269.97,True
ORD-13654,2024-01-04,CUST-4821,West,Clothing,Rain Coat,1,119.99,0.15,101.99,False
ORD-11344,2024-10-14,CUST-2277,North,Electronics,USB-C Hub,5,39.99,0.0,199.95,False
ORD-14027,2024-03-05,CUST-3505,East,Electronics,Bluetooth Speaker,1,59.99,0.0,59.99,False
ORD-12676,2024-05-02,CUST-2847,North,Clothing,Rain Coat,2,119.99,0.05,227.98,False
ORD-11119,2024-02-22,CUST-3328,,Electronics,Smart Watch,1,199.99,0.1,179.99,False
ORD-10324,2024-12-14,CUST-2624,South,Home & Garden,Storage Organizer,1,29.99,0.05,28.49,False
ORD-13223,2024-01-02,CUST-4889,South,Home & Garden,Wall Clock,4,39.99,0.0,159.96,False
ORD-10823,2024-05-12,CUST-3213,North,Home & Garden,Wall Clock,5,39.99,0.0,199.95,True
ORD-12653,2024-01-24,CUST-1277,East,Clothing,Wool Sweater,2,79.99,0.05,151.98,False
ORD-10456,2024-01-23,CUST-4272,South,Home & Garden,Coffee Maker,2,69.99,0.0,139.98,True
ORD-10904,2024-06-18,CUST-3736,West,Clothing,Yoga Pants,1,44.99,0.1,40.49,True
ORD-14401,2024-07-26,CUST-4489,East,Clothing,Cotton T-Shirt,1,24.99,0.25,18.74,False
ORD-10289,2024-08-16,CUST-3064,North,Home & Garden,Wall Clock,1,39.99,0.0,39.99,False
ORD-13354,2024-03-28,CUST-3249,West,Electronics,Wireless Headphones,4,89.99,0.05,341.96,False
ORD-14304,2024-11-21,CUST-2124,South,Electronics,Laptop Stand,1,49.99,0.0,49.99,False
ORD-11106,2024-05-25,CUST-3654,West,Clothing,Denim Jeans,2,59.99,0.05,113.98,False
ORD-11052,2024-12-05,CUST-4252,East,Home & Garden,Air Purifier,2,159.99,0.0,319.98,False
ORD-12638,2024-12-17,CUST-3397,South,Clothing,Yoga Pants,3,44.99,0.2,107.98,False
ORD-12962,2024-05-24,CUST-3345,West,Clothing,Rain Coat,1,119.99,0.1,107.99,False
ORD-13909,2024-05-26,CUST-1263,East,Electronics,Smart Watch,2,199.99,0.1,359.98,False
ORD-14998,2024-11-09,CUST-4144,South,Home & Garden,Air Purifier,1,159.99,0.05,151.99,True
ORD-14024,2024-10-24,CUST-3931,West,Clothing,Wool Sweater,2,79.99,0.05,151.98,False
ORD-11337,2024-10-27,CUST-1619,West,Electronics,Mechanical Keyboard,2,129.99,0.0,259.98,False
ORD-14465,2024-05-14,CUST-2757,South,Clothing,Yoga Pants,2,44.99,0.0,89.98,False
ORD-11801,2024-10-28,CUST-4108,North,Clothing,Winter Jacket,4,149.99,0.0,599.96,False
ORD-10136,2024-07-24,CUST-1766,South,Electronics,Bluetooth Speaker,3,59.99,0.0,179.97,False
ORD-13694,2024-05-12,CUST-4721,South,Clothing,Casual Sneakers,1,89.99,0.05,85.49,False
ORD-11715,2024-12-12,CUST-2396,East,Home & Garden,Wall Clock,3,39.99,0.05,113.97,False
ORD-14431,2024-07-19,CUST-1279,North,Clothing,Rain Coat,2,119.99,0.0,239.98,False
ORD-11527,2024-04-01,CUST-4122,West,Electronics,Mechanical Keyboard,4,129.99,0.05,493.96,False
ORD-10801,2024-03-05,CUST-4735,North,Electronics,LED Monitor,2,299.99,0.0,599.98,False
ORD-13261,2024-07-10,CUST-2385,North,Electronics,Webcam HD,2,79.99,0.0,159.98,False
ORD-13447,2024-10-27,CUST-2352,East,Clothing,Cotton T-Shirt,3,24.99,0.0,74.97,False
ORD-10852,2024-03-11,CUST-3454,North,Clothing,Denim Jeans,2,59.99,0.1,107.98,False
ORD-10532,2024-12-18,CUST-2436,West,Clothing,Yoga Pants,2,44.99,0.0,89.98,False
ORD-12722,2024-11-28,CUST-4410,South,Electronics,Webcam HD,3,79.99,0.0,239.97,False
ORD-13547,2024-06-23,CUST-4036,South,Electronics,USB-C Hub,2,39.99,0.0,79.98,False
ORD-10191,2024-12-20,CUST-3788,North,Home & Garden,Wall Clock,4,39.99,0.05,151.96,False
ORD-12453,2024-05-13,CUST-1834,North,Clothing,Running Shoes,4,109.99,0.1,395.96,False
ORD-10991,2024-10-22,CUST-4753,North,Electronics,Webcam HD,2,79.99,0.15,135.98,False
ORD-14090,2024-10-26,CUST-2478,North,Electronics,USB-C Hub,1,39.99,0.0,39.99,False
ORD-14320,2024-08-19,CUST-3809,West,Electronics,Bluetooth Speaker,1,59.99,0.15,50.99,True
ORD-10603,2024-02-02,CUST-4735,West,Clothing,Yoga Pants,2,44.99,0.05,85.48,False
ORD-10539,2024-02-17,CUST-2480,East,Electronics,Laptop Stand,3,49.99,0.15,127.47,False
ORD-14065,2024-02-15,CUST-3090,West,Clothing,Yoga Pants,2,44.99,0.05,85.48,False
ORD-13260,2024-03-19,CUST-2413,North,Electronics,Bluetooth Speaker,2,59.99,0.1,107.98,False
ORD-13808,2024-01-26,CUST-1304,South,Electronics,Mechanical Keyboard,1,129.99,0.0,129.99,False
ORD-12654,2024-11-11,CUST-4173,South,Home & Garden,Throw Blanket,1,49.99,0.0,49.99,False
ORD-12730,2024-10-18,CUST-4204,West,Clothing,Running Shoes,3,109.99,0.15,280.47,False
ORD-12519,2024-10-05,CUST-2285,South,Electronics,LED Monitor,1,299.99,0.0,299.99,True
ORD-10034,2024-12-06,CUST-2422,West,Electronics,Bluetooth Speaker,1,59.99,0.0,59.99,False
ORD-12287,2024-05-22,CUST-3638,East,Electronics,Webcam HD,1,79.99,0.1,71.99,False
ORD-14160,2024-07-13,CUST-3306,South,Home & Garden,Wall Clock,2,39.99,0.0,79.98,False
ORD-13611,2024-02-03,CUST-4160,East,Electronics,Bluetooth Speaker,1,59.99,0.05,56.99,False
ORD-10743,2024-07-10,CUST-4627,East,Clothing,Cotton T-Shirt,4,24.99,0.1,89.96,False
ORD-12807,2024-03-13,CUST-2995,South,Electronics,Smart Watch,1,199.99,0.0,199.99,False
ORD-13643,2024-06-03,CUST-4798,South,Electronics,Webcam HD,1,79.99,0.05,75.99,False
ORD-12609,2024-01-22,CUST-1593,South,Electronics,LED Monitor,1,299.99,0.05,284.99,False
ORD-10903,2024-08-02,CUST-1825,West,Electronics,Bluetooth Speaker,1,59.99,0.0,59.99,False
ORD-10262,2024-02-10,CUST-3005,East,Clothing,Casual Sneakers,2,89.99,0.0,179.98,False
ORD-14238,2024-10-01,CUST-4093,South,Home & Garden,Plant Pot Set,3,34.99,0.1,94.47,False
ORD-12869,2024-05-01,CUST-4559,East,Clothing,Casual Sneakers,1,89.99,0.1,80.99,False
ORD-11076,2024-05-11,CUST-3970,North,Electronics,Bluetooth Speaker,1,59.99,0.15,50.99,False
ORD-11893,2024-03-11,CUST-2222,North,Electronics,Webcam HD,3,79.99,0.0,239.97,False
ORD-13085,2024-10-09,CUST-1564,West,Clothing,Rain Coat,1,119.99,0.0,119.99,False
ORD-14563,2024-01-05,CUST-1211,North,Electronics,Webcam HD,2,79.99,0.05,151.98,False
ORD-14900,2024-01-28,CUST-1258,North,Electronics,Webcam HD,4,79.99,0.0,319.96,True
ORD-11782,2024-06-22,CUST-2487,East,Clothing,Cotton T-Shirt,1,24.99,0.05,23.74,False
ORD-14847,2024-02-08,CUST-3143,West,Clothing,Cotton T-Shirt,3,24.99,0.2,59.98,False
ORD-14477,2024-05-03,CUST-2550,West,Home & Garden,Wall Clock,5,39.99,0.05,189.95,False
ORD-14289,2024-11-14,CUST-2248,East,Clothing,Running Shoes,1,109.99,0.0,109.99,False
ORD-14328,2024-02-14,CUST-3582,North,Home & Garden,Coffee Maker,2,69.99,0.0,139.98,False
ORD-11506,2024-08-19,CUST-2405,North,Electronics,LED Monitor,2,299.99,0.05,569.98,False
ORD-10121,2024-12-12,CUST-4860,North,Home & Garden,Storage Organizer,1,29.99,0.1,26.99,False
ORD-10789,2024-12-07,CUST-3687,West,Clothing,Winter Jacket,3,149.99,0.1,404.97,False
ORD-10181,2024-02-18,CUST-2538,North,Clothing,Winter Jacket,1,149.99,0.1,134.99,False
ORD-13128,2024-12-28,CUST-1959,East,Electronics,Smart Watch,3,199.99,0.0,599.97,False
ORD-11464,2024-12-13,CUST-2584,North,Clothing,Wool Sweater,2,79.99,0.0,159.98,False
ORD-12028,2024-04-12,CUST-2759,East,Electronics,Laptop Stand,3,49.99,0.0,149.97,False
ORD-13353,2024-07-08,CUST-1412,West,Home & Garden,Plant Pot Set,4,34.99,0.0,139.96,True
ORD-12391,2024-03-07,CUST-3034,South,Clothing,Cotton T-Shirt,2,24.99,0.2,39.98,False
ORD-11031,2024-08-12,CUST-3550,North,Clothing,Denim Jeans,1,59.99,0.1,53.99,False
ORD-10111,2024-03-23,CUST-2031,North,Home & Garden,Coffee Maker,1,69.99,0.0,69.99,True
ORD-10997,2024-02-24,CUST-4988,South,Clothing,Running Shoes,3,109.99,0.25,247.48,False
ORD-14263,2024-05-12,CUST-1147,West,Clothing,Casual Sneakers,2,89.99,0.05,170.98,False
ORD-12299,2024-05-11,CUST-4965,West,Clothing,Running Shoes,1,109.99,0.1,98.99,False
ORD-11683,2024-11-25,CUST-2106,South,Home & Garden,Wall Clock,4,39.99,0.0,159.96,False
ORD-10729,2024-03-06,CUST-4944,North,Electronics,LED Monitor,4,299.99,0.0,1199.96,False
ORD-14185,2024-09-08,CUST-3763,North,Electronics,Laptop Stand,1,49.99,0.1,44.99,False
ORD-13456,2024-07-12,CUST-3210,North,Electronics,USB-C Hub,1,39.99,0.1,35.99,False
ORD-13593,2024-08-21,CUST-4245,South,Electronics,USB-C Hub,1,39.99,0.0,39.99,False
ORD-11932,2024-07-05,CUST-4729,West,Clothing,Yoga Pants,2,44.99,0.1,80.98,False
ORD-12194,2024-02-02,CUST-4729,East,Clothing,Yoga Pants,3,44.99,0.05,128.22,False
ORD-13846,2024-12-03,CUST-3237,West,Clothing,Rain Coat,2,119.99,0.05,227.98,False
ORD-10198,2024-12-01,CUST-1696,North,Clothing,Cotton T-Shirt,4,24.99,0.1,89.96,False
ORD-13704,2024-12-26,CUST-4362,East,Electronics,USB-C Hub,4,39.99,0.0,159.96,False
ORD-13111,2024-04-19,CUST-4529,South,Clothing,Rain Coat,1,119.99,0.0,119.99,False
ORD-10547,2024-10-07,CUST-4969,West,Electronics,LED Monitor,1,299.99,0.0,299.99,False
ORD-10101,2024-09-22,CUST-2130,East,Clothing,Wool Sweater,2,79.99,0.1,143.98,False
ORD-12013,2024-02-02,CUST-3769,East,Home & Garden,LED Desk Lamp,2,44.99,0.1,80.98,False
ORD-11678,2024-03-08,CUST-2069,West,Clothing,Rain Coat,4,119.99,0.15,407.97,False
ORD-10564,2024-05-21,CUST-1950,North,Clothing,Running Shoes,2,109.99,0.2,175.98,False
ORD-11690,2024-03-18,CUST-1277,South,Clothing,Wool Sweater,2,79.99,0.05,151.98,False
ORD-10694,2024-02-18,CUST-2497,South,Clothing,Cotton T-Shirt,3,24.99,0.15,63.72,False
ORD-11499,2024-12-25,CUST-3365,,Electronics,Smart Watch,1,199.99,0.0,199.99,False
ORD-14220,2024-04-22,CUST-4012,South,Clothing,Winter Jacket,1,149.99,0.25,112.49,True
ORD-11686,2024-12-21,CUST-3796,East,Electronics,Mechanical Keyboard,1,129.99,0.0,129.99,False
ORD-11859,2024-10-17,CUST-3431,North,Clothing,Wool Sweater,2,79.99,0.0,159.98,False
ORD-11113,2024-07-16,CUST-3928,East,Home & Garden,Plant Pot Set,1,34.99,0.0,34.99,False
ORD-10748,2024-12-18,CUST-3335,East,Home & Garden,Plant Pot Set,2,34.99,0.0,69.98,True
ORD-13916,2024-10-17,CUST-2333,North,Electronics,USB-C Hub,2,39.99,0.0,79.98,False
ORD-12253,2024-11-02,CUST-2307,East,Home & Garden,LED Desk Lamp,2,44.99,0.1,80.98,False
ORD-12280,2024-04-24,CUST-4261,North,Home & Garden,Air Purifier,3,159.99,0.0,479.97,False
ORD-11608,2024-03-15,CUST-4686,South,Home & Garden,Scented Candles,5,19.99,0.0,99.95,True
ORD-14660,2024-07-01,CUST-3744,West,Clothing,Cotton T-Shirt,2,24.99,0.2,39.98,False
ORD-10704,2024-01-27,CUST-4143,East,Clothing,Wool Sweater,2,79.99,0.05,151.98,False
ORD-10668,2024-03-27,CUST-2752,West,Electronics,Laptop Stand,4,49.99,0.0,199.96,False
ORD-11332,2024-03-20,CUST-2027,East,Electronics,Mechanical Keyboard,1,129.99,0.05,123.49,False
ORD-12040,2024-11-10,CUST-2735,North,Clothing,Winter Jacket,2,149.99,0.2,239.98,False
ORD-10379,2024-04-14,CUST-1854,North,Electronics,Laptop Stand,4,49.99,0.0,199.96,False
ORD-11353,2024-10-11,CUST-3481,West,Home & Garden,Coffee Maker,3,69.99,0.0,209.97,False
ORD-13763,2024-04-03,CUST-4662,North,Clothing,Running Shoes,1,109.99,0.05,104.49,False
ORD-11116,2024-02-13,CUST-3934,East,Home & Garden,Throw Blanket,1,49.99,0.1,44.99,False
ORD-11399,2024-10-13,CUST-4940,North,Electronics,Bluetooth Speaker,1,59.99,0.0,59.99,False
ORD-11720,2024-02-23,CUST-1315,North,Home & Garden,Air Purifier,3,159.99,0.0,479.97,False
ORD-13701,2024-10-20,CUST-4900,East,Electronics,Mechanical Keyboard,2,129.99,0.05,246.98,False
ORD-13294,2024-12-25,CUST-2393,East,Electronics,Webcam HD,2,79.99,0.0,159.98,False
ORD-12034,2024-08-24,CUST-1828,East,Home & Garden,Coffee Maker,1,69.99,0.0,69.99,False
ORD-10949,2024-08-23,CUST-1070,East,Home & Garden,Wall Clock,2,39.99,0.0,79.98,True
ORD-11700,2024-12-27,CUST-4267,West,Electronics,Mechanical Keyboard,1,129.99,0.0,129.99,False
ORD-11884,2024-03-05,CUST-4949,East,Electronics,Webcam HD,2,79.99,0.0,159.98,False
ORD-10455,2024-06-12,CUST-3832,North,Clothing,Wool Sweater,4,79.99,0.25,239.97,False
ORD-11671,2024-12-19,CUST-1153,West,Home & Garden,LED Desk Lamp,2,44.99,0.0,89.98,True
ORD-11730,2024-04-24,CUST-3432,South,Electronics,Webcam HD,2,79.99,0.1,143.98,False
ORD-11696,2024-01-01,CUST-1046,North,Clothing,Winter Jacket,1,149.99,0.1,134.99,False
ORD-13138,2024-07-05,CUST-3382,East,Clothing,Cotton T-Shirt,2,24.99,0.1,44.98,False
ORD-10727,2024-11-16,CUST-1815,South,Home & Garden,Plant Pot Set,1,34.99,0.05,33.24,False
ORD-11442,2024-10-12,CUST-1287,East,Electronics,USB-C Hub,3,39.99,0.05,113.97,False
ORD-13408,2024-04-19,CUST-1423,North,Clothing,Wool Sweater,1,79.99,0.1,71.99,False
ORD-12527,2024-12-11,CUST-1718,East,Home & Garden,Storage Organizer,2,29.99,0.0,59.98,True
ORD-10927,2024-07-05,CUST-4754,East,Home & Garden,LED Desk Lamp,1,44.99,0.05,42.74,False
ORD-10822,2024-05-24,CUST-3826,North,Electronics,Wireless Headphones,1,89.99,0.05,85.49,False
ORD-14215,2024-11-18,CUST-4290,South,Clothing,Denim Jeans,1,59.99,0.1,53.99,False
ORD-13861,2024-08-08,CUST-1976,East,Clothing,Yoga Pants,2,44.99,0.2,71.98,False
ORD-12201,2024-02-18,CUST-1283,West,Electronics,LED Monitor,2,299.99,0.1,539.98,False
ORD-10196,2024-10-26,CUST-1582,North,Clothing,Winter Jacket,1,149.99,0.2,119.99,False
ORD-14382,2024-08-24,CUST-1419,North,Home & Garden,Air Purifier,1,159.99,0.0,159.99,False
ORD-12718,2024-11-06,CUST-4128,East,Clothing,Yoga Pants,1,44.99,0.15,38.24,False
ORD-13084,2024-10-21,CUST-3523,North,Electronics,Smart Watch,2,199.99,0.15,339.98,False
ORD-12923,2024-03-02,CUST-4330,North,Home & Garden,Coffee Maker,1,69.99,0.05,66.49,False
ORD-12389,2024-10-07,CUST-3113,South,Home & Garden,Coffee Maker,2,69.99,0.1,125.98,False
ORD-12386,2024-05-01,CUST-2995,South,Clothing,Casual Sneakers,1,89.99,0.1,80.99,False
ORD-14163,2024-05-16,CUST-4305,North,Electronics,Bluetooth Speaker,2,59.99,0.05,113.98,False
ORD-12113,2024-12-12,CUST-3421,South,Clothing,Casual Sneakers,4,89.99,0.15,305.97,False
ORD-14275,2024-08-27,CUST-1691,North,Electronics,Webcam HD,2,79.99,0.0,159.98,False
ORD-10024,2024-06-15,CUST-1011,South,Clothing,Wool Sweater,2,79.99,0.25,119.98,False
ORD-10716,2024-11-04,CUST-1645,West,Clothing,Wool Sweater,1,79.99,0.05,75.99,False
ORD-11662,2024-12-22,CUST-2311,East,Electronics,Bluetooth Speaker,1,59.99,0.05,56.99,False
ORD-12026,2024-10-03,CUST-4103,South,Home & Garden,Throw Blanket,1,49.99,0.0,49.99,False
ORD-11364,2024-10-09,CUST-2156,South,Electronics,Bluetooth Speaker,1,59.99,0.1,53.99,False
ORD-13275,2024-11-06,CUST-1127,West,Home & Garden,Throw Blanket,2,49.99,0.05,94.98,True
ORD-13523,2024-02-27,CUST-2521,West,Electronics,Mechanical Keyboard,2,129.99,0.05,246.98,False
ORD-13684,2024-10-12,CUST-4711,West,Clothing,Running Shoes,2,109.99,0.15,186.98,False
ORD-14729,2024-03-09,CUST-2174,East,Clothing,Denim Jeans,4,59.99,0.2,191.97,False
ORD-10636,2024-07-05,CUST-2438,South,Clothing,Rain Coat,2,119.99,0.05,227.98,False
ORD-10430,2024-02-23,CUST-1723,West,Electronics,Mechanical Keyboard,1,129.99,0.0,129.99,False
ORD-10720,2024-12-28,CUST-4268,South,Electronics,Smart Watch,1,199.99,0.15,169.99,False
ORD-10795,2024-12-07,CUST-4301,South,Clothing,Denim Jeans,1,59.99,0.05,56.99,False
ORD-12220,2024-10-19,CUST-3163,East,Electronics,Bluetooth Speaker,5,59.99,0.0,299.95,False
ORD-12069,2024-05-17,CUST-3612,North,Home & Garden,Scented Candles,1,19.99,0.0,19.99,False
ORD-13770,2024-07-15,CUST-3488,North,Home & Garden,Wall Clock,2,39.99,0.0,79.98,False
ORD-10267,2024-10-14,CUST-1937,North,Home & Garden,Plant Pot Set,1,34.99,0.0,34.99,True
ORD-14940,2024-05-01,CUST-2316,North,Clothing,Cotton T-Shirt,1,24.99,0.1,22.49,False
ORD-11778,2024-04-03,CUST-4038,South,Electronics,Smart Watch,1,199.99,0.05,189.99,False
ORD-13512,2024-12-15,CUST-3644,South,Clothing,Wool Sweater,1,79.99,0.05,75.99,False
ORD-13692,2024-11-06,CUST-4396,South,Clothing,Wool Sweater,2,79.99,0.25,119.98,False
ORD-11210,2024-06-24,CUST-2616,West,Home & Garden,Wall Clock,1,39.99,0.0,39.99,True
ORD-10099,2024-02-14,CUST-1210,West,Clothing,Cotton T-Shirt,3,24.99,0.15,63.72,False
ORD-12945,2024-02-04,CUST-2505,South,Clothing,Wool Sweater,2,79.99,0.05,151.98,False
ORD-14121,2024-07-06,CUST-2044,South,Clothing,Wool Sweater,3,79.99,0.0,239.97,False
ORD-10279,2024-11-21,CUST-2006,East,Clothing,Running Shoes,3,109.99,0.0,329.97,False
ORD-10619,2024-10-19,CUST-1092,North,Electronics,Webcam HD,4,79.99,0.0,319.96,False
ORD-11955,2024-12-16,CUST-3186,East,Electronics,Smart Watch,3,199.99,0.15,509.97,False
ORD-12684,2024-05-11,CUST-3829,South,Home & Garden,Storage Organizer,3,29.99,0.0,89.97,False
ORD-10512,2024-12-08,CUST-3352,South,Clothing,Rain Coat,4,119.99,0.0,479.96,False
ORD-11312,2024-07-16,CUST-1596,South,Electronics,Mechanical Keyboard,3,129.99,0.05,370.47,False
ORD-14800,2024-02-16,CUST-1287,North,Electronics,USB-C Hub,2,39.99,0.0,79.98,False
ORD-14645,2024-10-22,CUST-2445,East,Clothing,Winter Jacket,2,149.99,0.15,254.98,False
ORD-11729,2024-08-02,CUST-2108,North,Clothing,Cotton T-Shirt,3,24.99,0.25,56.23,False
ORD-12839,2024-05-04,CUST-4118,East,Electronics,Wireless Headphones,2,89.99,0.0,179.98,False
ORD-13349,2024-04-26,CUST-4609,North,Home & Garden,LED Desk Lamp,3,44.99,0.0,134.97,False
ORD-14161,2024-02-11,CUST-1252,West,Clothing,Casual Sneakers,1,89.99,0.2,71.99,False
ORD-12750,2024-05-05,CUST-4571,North,Home & Garden,Plant Pot Set,1,34.99,0.0,34.99,False
ORD-10987,2024-06-26,CUST-3074,West,Clothing,Rain Coat,1,119.99,0.1,107.99,False
ORD-12787,2024-03-08,CUST-3881,East,Home & Garden,Scented Candles,1,19.99,0.0,19.99,False
ORD-12699,2024-11-05,CUST-4065,South,Clothing,Cotton T-Shirt,2,24.99,0.05,47.48,False
ORD-10460,2024-02-12,CUST-2517,North,Clothing,Cotton T-Shirt,2,24.99,0.2,39.98,False
ORD-12492,2024-11-26,CUST-3501,East,Electronics,USB-C Hub,3,39.99,0.05,113.97,False
ORD-13028,2024-10-10,CUST-3728,West,Electronics,USB-C Hub,1,39.99,0.15,33.99,False
ORD-13437,2024-08-17,CUST-2605,South,Electronics,Webcam HD,1,79.99,0.05,75.99,False
ORD-14579,2024-09-09,CUST-3485,West,Home & Garden,Throw Blanket,2,49.99,0.0,99.98,False
ORD-10717,2024-12-07,CUST-1517,South,Home & Garden,LED Desk Lamp,1,44.99,0.05,42.74,False
ORD-12496,2024-08-23,CUST-3413,West,Clothing,Rain Coat,1,119.99,0.0,119.99,False
ORD-12469,2024-07-14,CUST-4520,East,Home & Garden,LED Desk Lamp,1,44.99,0.05,42.74,True
ORD-11375,2024-12-18,CUST-4283,South,Clothing,Rain Coat,2,119.99,0.1,215.98,False
ORD-12742,2024-03-18,CUST-4304,North,Clothing,Winter Jacket,4,149.99,0.0,599.96,False
ORD-10359,2024-08-18,CUST-2817,North,Clothing,Cotton T-Shirt,2,24.99,0.1,44.98,False
ORD-14532,2024-04-09,CUST-4650,South,Clothing,Denim Jeans,1,59.99,0.25,44.99,False
ORD-10887,2024-03-24,CUST-4903,North,Electronics,Laptop Stand,1,49.99,0.0,49.99,False
ORD-14727,2024-11-15,CUST-3359,South,Electronics,Laptop Stand,1,49.99,0.0,49.99,False
ORD-10841,2024-09-25,CUST-1629,North,Home & Garden,Scented Candles,2,19.99,0.1,35.98,False
ORD-13532,2024-05-03,CUST-1854,East,Clothing,Cotton T-Shirt,3,24.99,0.2,59.98,False
ORD-13321,2024-01-10,CUST-4765,West,Home & Garden,Coffee Maker,2,69.99,0.05,132.98,False
ORD-11305,2024-12-07,CUST-2752,West,Home & Garden,LED Desk Lamp,2,44.99,0.05,85.48,True
ORD-14450,2024-06-22,CUST-1741,East,Clothing,Casual Sneakers,4,89.99,0.1,323.96,False
ORD-10527,2024-04-08,CUST-1723,East,Clothing,Winter Jacket,4,149.99,0.1,539.96,False
ORD-11441,2024-02-09,CUST-4980,South,Electronics,Mechanical Keyboard,1,129.99,0.0,129.99,False
ORD-14475,2024-06-04,CUST-3752,East,Clothing,Winter Jacket,1,149.99,0.1,134.99,False
ORD-12621,2024-12-16,CUST-3498,East,Clothing,Denim Jeans,1,59.99,0.15,50.99,False
ORD-13782,2024-01-02,CUST-2181,West,Electronics,Laptop Stand,2,49.99,0.1,89.98,False
ORD-13903,2024-04-15,CUST-4213,South,Clothing,Running Shoes,3,109.99,0.25,247.48,False
ORD-10134,2024-12-08,CUST-3572,East,Home & Garden,LED Desk Lamp,1,44.99,0.1,40.49,False
ORD-13730,2024-03-08,CUST-2133,North,Clothing,Casual Sneakers,1,89.99,0.1,80.99,False
ORD-13513,2024-11-09,CUST-2860,North,Electronics,USB-C Hub,3,39.99,0.05,113.97,False
ORD-13562,2024-01-19,CUST-3605,North,Home & Garden,Plant Pot Set,1,34.99,0.05,33.24,False
ORD-14223,2024-11-04,CUST-3525,South,Clothing,Yoga Pants,2,44.99,0.1,80.98,False
ORD-12305,2024-05-17,CUST-4669,North,Electronics,Bluetooth Speaker,1,59.99,0.0,59.99,False
ORD-10524,2024-11-26,CUST-4407,South,Clothing,Rain Coat,1,119.99,0.0,119.99,False
ORD-14790,2024-02-11,CUST-1666,East,Clothing,Rain Coat,2,119.99,0.25,179.98,False
ORD-10910,2024-08-17,CUST-3339,East,Clothing,Winter Jacket,1,149.99,0.2,119.99,False
ORD-13212,2024-03-09,CUST-4533,East,Electronics,Webcam HD,4,79.99,0.05,303.96,False
ORD-10503,2024-11-05,CUST-3513,North,Electronics,USB-C Hub,4,39.99,0.0,159.96,False
ORD-12651,2024-05-07,CUST-2909,East,Clothing,Cotton T-Shirt,1,24.99,0.15,21.24,False
ORD-10124,2024-03-26,CUST-1197,North,Clothing,Casual Sneakers,3,89.99,0.2,215.98,False
ORD-10933,2024-07-15,CUST-1432,East,Electronics,Webcam HD,1,79.99,0.0,79.99,False
ORD-11470,2024-07-06,CUST-3524,West,Electronics,USB-C Hub,3,39.99,0.05,113.97,False
ORD-11284,2024-05-11,CUST-3306,East,Electronics,LED Monitor,1,299.99,0.15,254.99,False
ORD-12568,2024-11-23,CUST-4719,East,Clothing,Denim Jeans,2,59.99,0.0,119.98,False
ORD-13396,2024-11-04,CUST-4092,South,Clothing,Winter Jacket,3,149.99,0.1,404.97,False
ORD-14302,2024-10-05,CUST-4175,East,Clothing,Wool Sweater,2,79.99,0.0,159.98,False
ORD-11094,2024-03-06,CUST-4822,West,Home & Garden,Air Purifier,1,159.99,0.1,143.99,True
ORD-11795,2024-02-22,CUST-3112,East,Home & Garden,Plant Pot Set,1,34.99,0.1,31.49,False
ORD-11183,2024-12-24,CUST-1090,South,Clothing,Winter Jacket,1,149.99,0.1,134.99,False
ORD-10224,2024-04-05,CUST-1066,,Clothing,Running Shoes,2,109.99,0.0,219.98,False
ORD-13963,2024-08-10,CUST-3263,North,Clothing,Casual Sneakers,1,89.99,0.15,76.49,False
ORD-13820,2024-05-26,CUST-4037,North,Electronics,Webcam HD,2,79.99,0.0,159.98,False
ORD-12520,2024-10-18,CUST-3789,West,Clothing,Wool Sweater,2,79.99,0.1,143.98,False
ORD-12943,2024-10-21,CUST-4263,North,Electronics,Bluetooth Speaker,4,59.99,0.05,227.96,False
ORD-13091,2024-12-05,CUST-2546,South,Clothing,Cotton T-Shirt,5,24.99,0.15,106.21,False
ORD-11371,2024-03-24,CUST-1767,South,Clothing,Denim Jeans,1,59.99,0.0,59.99,False
ORD-12594,2024-02-04,CUST-3456,East,Electronics,Bluetooth Speaker,3,59.99,0.15,152.97,False
ORD-10684,2024-12-22,CUST-1741,South,Electronics,Laptop Stand,1,49.99,0.1,44.99,False
ORD-11951,2024-03-14,CUST-4079,North,Home & Garden,Coffee Maker,2,69.99,0.1,125.98,False
ORD-10827,2024-05-04,CUST-3222,South,Clothing,Wool Sweater,1,79.99,0.1,71.99,False
ORD-11261,2024-11-18,CUST-3957,South,Electronics,Webcam HD,1,79.99,0.05,75.99,True
ORD-14875,2024-09-14,CUST-3396,East,Electronics,USB-C Hub,2,39.99,0.1,71.98,False
ORD-13397,2024-11-12,CUST-4925,South,Clothing,Denim Jeans,4,59.99,0.0,239.96,False
ORD-10632,2024-07-13,CUST-3775,West,Electronics,USB-C Hub,3,39.99,0.15,101.97,False
ORD-14267,2024-01-10,CUST-3974,East,Clothing,Wool Sweater,1,79.99,0.1,71.99,False
ORD-11306,2024-10-15,CUST-1613,East,Clothing,Running Shoes,1,109.99,0.15,93.49,False
ORD-14189,2024-10-02,CUST-1104,East,Clothing,Running Shoes,1,109.99,0.05,104.49,False
ORD-11241,2024-11-10,CUST-3804,South,Clothing,Wool Sweater,2,79.99,0.15,135.98,False
ORD-13210,2024-03-25,CUST-4196,North,Electronics,Wireless Headphones,3,89.99,0.05,256.47,False
ORD-11460,2024-05-06,CUST-4407,South,Clothing,Winter Jacket,1,149.99,0.05,142.49,False
ORD-11397,2024-04-25,CUST-1025,North,Clothing,Winter Jacket,1,149.99,0.05,142.49,False
ORD-10962,2024-04-05,CUST-2388,South,Electronics,Wireless Headphones,2,89.99,0.0,179.98,False
ORD-14761,2024-12-14,CUST-2784,North,Home & Garden,Coffee Maker,1,69.99,0.05,66.49,False
ORD-11277,2024-12-26,CUST-2780,East,Clothing,Cotton T-Shirt,2,24.99,0.0,49.98,False
ORD-14312,2024-02-09,CUST-1802,North,Home & Garden,Plant Pot Set,4,34.99,0.05,132.96,False
ORD-10745,2024-12-28,CUST-4463,South,Clothing,Wool Sweater,3,79.99,0.1,215.97,False
ORD-12840,2024-05-24,CUST-3653,North,Clothing,Cotton T-Shirt,1,24.99,0.1,22.49,False
ORD-13759,2024-11-09,CUST-4815,West,Electronics,LED Monitor,2,299.99,0.0,599.98,False
ORD-14108,2024-12-25,CUST-4452,West,Home & Garden,Air Purifier,2,159.99,0.0,319.98,True
ORD-10141,2024-04-24,CUST-4651,North,Electronics,Bluetooth Speaker,1,59.99,0.1,53.99,False
ORD-11115,2024-08-20,CUST-3056,East,Home & Garden,Plant Pot Set,1,34.99,0.0,34.99,False
ORD-10804,2024-06-27,CUST-1795,South,Home & Garden,Plant Pot Set,2,34.99,,69.98,True
ORD-14627,2024-07-23,CUST-1368,North,Clothing,Wool Sweater,2,79.99,0.05,151.98,False
ORD-10529,2024-12-11,CUST-1327,South,Electronics,Bluetooth Speaker,1,59.99,0.05,56.99,False
ORD-13639,2024-03-02,CUST-2698,West,Electronics,Mechanical Keyboard,1,129.99,0.05,123.49,False
ORD-10200,2024-09-13,CUST-4404,North,Clothing,Running Shoes,2,109.99,0.0,219.98,False
ORD-10454,2024-02-17,CUST-2519,North,Clothing,Denim Jeans,1,59.99,0.1,53.99,False
ORD-14968,2024-12-20,CUST-1320,South,Electronics,Wireless Headphones,2,89.99,0.15,152.98,True
ORD-11746,2024-01-02,CUST-3174,South,Home & Garden,Plant Pot Set,2,34.99,0.0,69.98,True
ORD-13891,2024-07-09,CUST-3223,South,Home & Garden,Storage Organizer,1,29.99,0.05,28.49,False
ORD-14695,2024-12-26,CUST-3708,East,Home & Garden,Plant Pot Set,1,34.99,0.0,34.99,False
ORD-10440,2024-02-27,CUST-1574,East,Electronics,LED Monitor,3,299.99,0.0,899.97,False
ORD-12335,2024-05-24,CUST-2599,West,Clothing,Rain Coat,2,119.99,0.15,203.98,False
ORD-13075,2024-12-19,CUST-3512,West,Electronics,Wireless Headphones,1,89.99,0.0,89.99,False
ORD-14393,2024-01-02,CUST-4127,North,Clothing,Running Shoes,2,109.99,0.2,175.98,False
ORD-10432,2024-08-17,CUST-2606,South,Electronics,Laptop Stand,3,49.99,0.15,127.47,True
ORD-13110,2024-09-01,CUST-4366,South,Home & Garden,Coffee Maker,1,69.99,0.0,69.99,False
ORD-13118,2024-04-14,CUST-1384,North,Clothing,Rain Coat,1,119.99,0.0,119.99,False
ORD-12158,2024-06-08,CUST-3588,East,Electronics,Webcam HD,1,79.99,0.1,71.99,False
ORD-12143,2024-04-04,CUST-2327,North,Home & Garden,Coffee Maker,1,69.99,0.0,69.99,True
ORD-13158,2024-11-16,CUST-1263,South,Clothing,Rain Coat,1,119.99,0.15,101.99,False
ORD-13789,2024-12-20,CUST-4053,West,Clothing,Winter Jacket,2,149.99,0.2,239.98,False
ORD-12021,2024-07-14,CUST-1683,North,Clothing,Yoga Pants,2,44.99,0.0,89.98,False
ORD-14340,2024-06-01,CUST-4812,North,Clothing,Casual Sneakers,2,89.99,0.15,152.98,False
ORD-14247,2024-02-17,CUST-4430,East,Electronics,Wireless Headphones,2,89.99,0.1,161.98,False
ORD-10984,2024-10-02,CUST-1340,North,Clothing,Denim Jeans,2,59.99,0.2,95.98,False
ORD-14912,2024-07-23,CUST-4178,East,Clothing,Winter Jacket,2,149.99,0.1,269.98,False
ORD-14324,2024-11-14,CUST-1504,East,Clothing,Casual Sneakers,1,89.99,0.05,85.49,False
ORD-12727,2024-03-01,CUST-2864,North,Home & Garden,Plant Pot Set,3,34.99,0.0,104.97,True
ORD-12328,2024-09-13,CUST-1876,East,Electronics,Mechanical Keyboard,3,129.99,0.0,389.97,False
ORD-13444,2024-12-16,CUST-2910,North,Electronics,USB-C Hub,3,39.99,0.0,119.97,False
ORD-11647,2024-11-02,CUST-2587,West,Electronics,Bluetooth Speaker,3,59.99,0.0,179.97,False
ORD-10821,2024-01-03,CUST-2104,South,Electronics,Laptop Stand,1,49.99,0.0,49.99,False
ORD-11989,2024-10-15,CUST-4406,West,Electronics,Webcam HD,1,79.99,0.05,75.99,False
ORD-12567,2024-04-22,CUST-2989,South,Clothing,Running Shoes,1,109.99,0.15,93.49,False
ORD-11050,2024-12-03,CUST-1228,West,Home & Garden,Air Purifier,2,159.99,0.0,319.98,True
ORD-13300,2024-06-13,CUST-2439,East,Clothing,Rain Coat,1,119.99,0.1,107.99,False
ORD-10376,2024-11-23,CUST-2044,North,Clothing,Winter Jacket,1,149.99,0.0,149.99,False
ORD-10592,2024-03-23,CUST-1006,South,Home & Garden,Throw Blanket,2,49.99,0.05,94.98,False
ORD-13178,2024-11-17,CUST-1965,North,Home & Garden,Throw Blanket,2,49.99,0.0,99.98,False
ORD-14354,2024-07-09,CUST-4757,North,Clothing,Running Shoes,1,109.99,0.2,87.99,False
ORD-13079,2024-12-25,CUST-2776,West,Electronics,LED Monitor,4,299.99,0.0,1199.96,False
ORD-10163,2024-07-02,CUST-1829,East,Home & Garden,Air Purifier,2,159.99,0.0,319.98,False
ORD-11409,2024-12-02,CUST-1995,South,Clothing,Denim Jeans,4,59.99,0.1,215.96,False
ORD-14367,2024-06-01,CUST-4474,North,Clothing,Running Shoes,2,109.99,0.15,186.98,False
ORD-11376,2024-06-18,CUST-1248,West,Electronics,Mechanical Keyboard,4,129.99,0.05,493.96,False
ORD-11040,2024-07-18,CUST-4854,West,Home & Garden,LED Desk Lamp,1,44.99,0.05,42.74,True
ORD-13258,2024-05-09,CUST-1631,East,Electronics,LED Monitor,1,299.99,0.0,299.99,False
ORD-10612,2024-09-20,CUST-2552,East,Home & Garden,Coffee Maker,2,69.99,0.0,139.98,True
ORD-11354,2024-06-17,CUST-1634,North,Clothing,Rain Coat,3,119.99,0.1,323.97,False
ORD-12900,2024-02-03,CUST-3860,East,Home & Garden,Throw Blanket,1,49.99,0.1,44.99,False
ORD-11900,2024-07-16,CUST-4176,North,Electronics,Smart Watch,1,199.99,0.05,189.99,False
ORD-10369,2024-01-03,CUST-1645,West,Clothing,Rain Coat,3,119.99,0.0,359.97,False
ORD-13623,2024-12-26,CUST-1266,East,Home & Garden,Air Purifier,1,159.99,0.0,159.99,False
ORD-10418,2024-10-02,CUST-2444,East,Home & Garden,Plant Pot Set,1,34.99,0.0,34.99,False
ORD-10283,2024-02-11,CUST-3479,East,Clothing,Denim Jeans,1,59.99,0.1,53.99,False
ORD-14217,2024-06-12,CUST-3901,West,Home & Garden,Wall Clock,5,39.99,0.0,199.95,False
ORD-10871,2024-04-24,CUST-1571,North,Electronics,Bluetooth Speaker,3,59.99,0.05,170.97,False
ORD-12909,2024-04-28,CUST-4101,North,Electronics,LED Monitor,5,299.99,0.0,1499.95,False
ORD-10354,2024-01-19,CUST-2440,North,Home & Garden,Scented Candles,5,19.99,0.0,99.95,False
ORD-12603,2024-04-02,CUST-3925,East,Electronics,LED Monitor,1,299.99,0.1,269.99,False
ORD-12639,2024-10-04,CUST-3000,North,Clothing,Cotton T-Shirt,1,24.99,0.05,23.74,False
ORD-10314,2024-11-12,CUST-3585,South,Electronics,Smart Watch,3,199.99,0.05,569.97,False
ORD-12987,2024-07-10,CUST-1362,East,Home & Garden,Storage Organizer,2,29.99,0.0,59.98,False
ORD-11279,2024-06-01,CUST-2492,North,Electronics,Webcam HD,3,79.99,0.0,239.97,True
ORD-13887,2024-09-13,CUST-4792,East,Home & Garden,Wall Clock,4,39.99,0.0,159.96,False
ORD-12731,2024-06-10,CUST-4927,South,Electronics,Laptop Stand,4,49.99,0.0,199.96,False
ORD-11726,2024-07-03,CUST-4543,East,Clothing,Rain Coat,1,119.99,0.0,119.99,False
ORD-11596,2024-04-07,CUST-1797,East,Clothing,Running Shoes,2,109.99,0.0,219.98,False
ORD-14905,2024-03-27,CUST-1904,South,Clothing,Cotton T-Shirt,2,24.99,0.1,44.98,False
ORD-11469,2024-11-21,CUST-3259,North,Electronics,Laptop Stand,1,49.99,0.0,49.99,False
ORD-13780,2024-05-21,CUST-3005,West,Clothing,Casual Sneakers,4,89.99,0.25,269.97,False
ORD-11601,2024-05-21,CUST-1762,North,Clothing,Wool Sweater,2,79.99,0.1,143.98,False
ORD-14743,2024-12-27,CUST-4422,North,Home & Garden,Scented Candles,2,19.99,0.1,35.98,False
ORD-10399,2024-10-27,CUST-1801,West,Clothing,Wool Sweater,3,79.99,0.2,191.98,True
ORD-14048,2024-11-04,CUST-4632,North,Home & Garden,Throw Blanket,4,49.99,0.0,199.96,False
ORD-10458,2024-01-24,CUST-1533,South,Clothing,Winter Jacket,3,149.99,0.2,359.98,False
ORD-14453,2024-11-21,CUST-4275,West,Home & Garden,LED Desk Lamp,2,44.99,0.0,89.98,False
ORD-14219,2024-04-22,CUST-1967,South,Clothing,Yoga Pants,1,44.99,0.1,40.49,False
ORD-11857,2024-06-25,CUST-4219,South,Electronics,Smart Watch,2,199.99,0.05,379.98,True
ORD-13177,2024-12-17,CUST-2872,West,Electronics,LED Monitor,1,299.99,0.05,284.99,False
ORD-10375,2024-04-25,CUST-3418,South,Clothing,Yoga Pants,3,44.99,0.05,128.22,False
ORD-14389,2024-01-08,CUST-2341,North,Electronics,Wireless Headphones,1,89.99,0.05,85.49,False
ORD-10883,2024-02-26,CUST-2779,South,Clothing,Rain Coat,2,119.99,0.25,179.98,False
ORD-12739,2024-01-01,CUST-3277,East,Clothing,Running Shoes,2,109.99,0.0,219.98,False
ORD-10691,2024-06-27,CUST-4931,East,Electronics,LED Monitor,5,299.99,0.0,1499.95,False
ORD-11675,2024-04-02,CUST-2119,West,Clothing,Casual Sneakers,2,89.99,0.2,143.98,False
ORD-10008,2024-08-21,CUST-4186,North,Electronics,Laptop Stand,1,49.99,0.0,49.99,False
ORD-13967,2024-01-24,CUST-2278,East,Clothing,Yoga Pants,1,44.99,0.0,44.99,False
ORD-12544,2024-02-14,CUST-2859,East,Clothing,Running Shoes,1,109.99,0.0,109.99,False
ORD-10898,2024-01-02,CUST-4482,North,Electronics,Laptop Stand,1,49.99,0.0,49.99,False
ORD-10317,2024-03-20,CUST-2830,South,Clothing,Rain Coat,2,119.99,0.1,215.98,False
ORD-13491,2024-08-02,CUST-2473,South,Home & Garden,Coffee Maker,3,69.99,0.0,209.97,False
ORD-11708,2024-08-27,CUST-4003,East,Electronics,LED Monitor,2,299.99,0.0,599.98,True
ORD-13094,2024-03-22,CUST-4884,East,Clothing,Winter Jacket,2,149.99,0.1,269.98,False
ORD-13668,2024-01-24,CUST-1276,West,Electronics,Smart Watch,1,199.99,0.0,199.99,False
ORD-10508,2024-12-27,CUST-2586,North,Electronics,USB-C Hub,2,39.99,0.1,71.98,False
ORD-14884,2024-02-25,CUST-1249,South,Clothing,Cotton T-Shirt,2,24.99,0.0,49.98,False
ORD-14339,2024-03-07,CUST-4672,East,Electronics,Webcam HD,1,79.99,0.15,67.99,False
ORD-14049,2024-03-17,CUST-1944,North,Electronics,Laptop Stand,3,49.99,0.0,149.97,True
ORD-10546,2024-02-01,CUST-2261,South,Clothing,Yoga Pants,1,44.99,0.2,35.99,True
ORD-12882,2024-03-11,CUST-1794,East,Clothing,Winter Jacket,1,149.99,0.05,142.49,False
ORD-12297,2024-01-14,CUST-1852,West,Home & Garden,Scented Candles,2,19.99,0.0,39.98,False
ORD-13036,2024-06-07,CUST-1150,South,Electronics,Webcam HD,5,79.99,0.0,399.95,False
ORD-14716,2024-08-28,CUST-3406,North,Home & Garden,Wall Clock,4,39.99,0.0,159.96,False
ORD-13002,2024-04-17,CUST-2530,East,Home & Garden,Storage Organizer,1,29.99,0.0,29.99,True
ORD-12578,2024-05-02,CUST-4349,West,Electronics,Smart Watch,2,199.99,0.0,399.98,False
ORD-14936,2024-12-17,CUST-3060,West,Clothing,Denim Jeans,3,59.99,0.2,143.98,False
ORD-12319,2024-06-15,CUST-1923,South,Electronics,USB-C Hub,5,39.99,0.05,189.95,False
ORD-14349,2024-09-13,CUST-1832,South,Clothing,Yoga Pants,3,44.99,0.1,121.47,True
ORD-11550,2024-12-01,CUST-4297,South,Clothing,Running Shoes,1,109.99,0.0,109.99,False
ORD-13851,2024-02-01,CUST-3343,North,Electronics,Smart Watch,5,199.99,0.0,999.95,False
ORD-10125,2024-06-06,CUST-4535,West,Electronics,Webcam HD,2,79.99,0.0,159.98,False
ORD-14615,2024-04-07,CUST-3705,North,Clothing,Yoga Pants,1,44.99,0.05,42.74,False
ORD-13803,2024-12-24,CUST-4169,West,Home & Garden,Scented Candles,3,19.99,0.0,59.97,False
ORD-14455,2024-01-20,CUST-3689,South,Electronics,Webcam HD,2,79.99,0.1,143.98,False
ORD-12153,2024-11-26,CUST-1477,South,Electronics,Smart Watch,1,199.99,0.0,199.99,False
ORD-11599,2024-12-25,CUST-1655,South,Home & Garden,Throw Blanket,2,49.99,0.0,99.98,False
ORD-13234,2024-05-15,CUST-4322,South,Home & Garden,Air Purifier,1,159.99,0.0,159.99,False
ORD-13319,2024-11-01,CUST-4662,West,Electronics,Mechanical Keyboard,2,129.99,0.0,259.98,False
ORD-12132,2024-07-18,CUST-1489,West,Clothing,Wool Sweater,1,79.99,0.15,67.99,False
ORD-12350,2024-09-11,CUST-4906,North,Clothing,Wool Sweater,2,79.99,0.25,119.98,False
ORD-11157,2024-12-09,CUST-4566,South,Clothing,Wool Sweater,2,79.99,0.05,151.98,False
ORD-11748,2024-11-05,CUST-2109,South,Home & Garden,Coffee Maker,1,69.99,0.0,69.99,True
ORD-13836,2024-12-25,CUST-3445,East,Clothing,Casual Sneakers,2,89.99,0.15,152.98,False
ORD-12953,2024-06-14,CUST-1545,West,Clothing,Running Shoes,2,109.99,0.2,175.98,False
ORD-11718,2024-12-14,CUST-3372,West,Clothing,Running Shoes,1,109.99,0.1,98.99,False
ORD-11158,2024-12-21,CUST-3006,East,Home & Garden,Air Purifier,1,159.99,0.05,151.99,False
ORD-14054,2024-11-18,CUST-2306,East,Home & Garden,Air Purifier,4,159.99,0.0,639.96,False
ORD-11416,2024-01-10,CUST-3415,South,Electronics,Laptop Stand,3,49.99,0.0,149.97,True
ORD-13902,2024-12-25,CUST-1409,North,Clothing,Yoga Pants,4,44.99,0.0,179.96,False
ORD-12765,2024-12-13,CUST-3340,West,Clothing,Wool Sweater,2,79.99,0.05,151.98,False
ORD-10507,2024-11-06,CUST-2232,North,Home & Garden,Air Purifier,3,159.99,0.1,431.97,False
ORD-13915,2024-05-04,CUST-3575,North,Clothing,Wool Sweater,5,79.99,0.2,319.96,False
ORD-10244,2024-01-12,CUST-3177,West,Home & Garden,Wall Clock,1,39.99,0.0,39.99,False
ORD-11168,2024-01-06,CUST-3909,East,Electronics,LED Monitor,3,299.99,0.0,899.97,False
ORD-11415,2024-12-09,CUST-4946,South,Home & Garden,Plant Pot Set,5,34.99,0.0,174.95,False
ORD-12632,2024-01-13,CUST-3338,North,Clothing,Denim Jeans,1,59.99,0.05,56.99,False
ORD-14540,2024-03-16,CUST-4215,West,Home & Garden,Wall Clock,2,39.99,0.0,79.98,False
ORD-14608,2024-12-18,CUST-1471,South,Clothing,Denim Jeans,2,59.99,0.15,101.98,False
ORD-13142,2024-08-07,CUST-2035,South,Clothing,Wool Sweater,1,79.99,0.0,79.99,False
ORD-10300,2024-01-04,CUST-1516,West,Electronics,Webcam HD,2,79.99,0.1,143.98,False
ORD-14322,2024-10-17,CUST-1062,West,Electronics,Mechanical Keyboard,2,129.99,0.1,233.98,True
ORD-12420,2024-03-01,CUST-3999,South,Clothing,Casual Sneakers,1,89.99,0.1,80.99,False
ORD-11703,2024-07-12,CUST-3479,East,Electronics,USB-C Hub,2,39.99,0.05,75.98,False
ORD-14737,2024-05-20,CUST-2917,West,Clothing,Wool Sweater,2,79.99,0.2,127.98,False
ORD-12697,2024-04-08,CUST-4853,South,Electronics,Bluetooth Speaker,1,59.99,0.0,59.99,False
ORD-12561,2024-10-12,CUST-4676,North,Home & Garden,Throw Blanket,3,49.99,0.0,149.97,False
ORD-12825,2024-11-17,CUST-3285,West,Electronics,LED Monitor,2,299.99,0.1,539.98,False
ORD-14555,2024-07-01,CUST-4787,North,Electronics,Laptop Stand,5,49.99,0.0,249.95,False
ORD-14387,2024-01-17,CUST-4302,South,Home & Garden,Wall Clock,5,39.99,0.05,189.95,False
ORD-10862,2024-07-07,CUST-2102,South,Electronics,Webcam HD,3,79.99,0.0,239.97,False
ORD-13289,2024-03-09,CUST-4431,East,Clothing,Wool Sweater,1,79.99,0.15,67.99,False
ORD-11140,2024-11-17,CUST-2185,North,Clothing,Yoga Pants,3,44.99,0.1,121.47,False
ORD-13670,2024-03-24,CUST-2109,North,Home & Garden,Scented Candles,1,19.99,0.0,19.99,True
ORD-13567,2024-09-13,CUST-1291,East,Clothing,Running Shoes,1,109.99,0.0,109.99,False
ORD-14378,2024-02-13,CUST-3717,North,Electronics,Laptop Stand,1,49.99,0.05,47.49,False
ORD-14447,2024-11-19,CUST-4872,North,Clothing,Denim Jeans,2,59.99,0.15,101.98,False
ORD-13414,2024-11-26,CUST-1663,West,Home & Garden,Plant Pot Set,2,34.99,0.0,69.98,False
ORD-14198,2024-06-07,CUST-4114,North,Electronics,Laptop Stand,1,49.99,0.1,44.99,True
ORD-13499,2024-10-22,CUST-2907,South,Electronics,LED Monitor,2,299.99,0.05,569.98,False
ORD-14113,2024-02-22,CUST-1478,South,Home & Garden,LED Desk Lamp,1,44.99,0.0,44.99,False
ORD-12219,2024-02-04,CUST-2747,West,Home & Garden,Throw Blanket,1,49.99,0.0,49.99,True
ORD-13009,2024-01-22,CUST-2754,West,Electronics,LED Monitor,2,299.99,0.05,569.98,False
ORD-13745,2024-03-07,CUST-2817,South,Electronics,Mechanical Keyboard,2,129.99,0.15,220.98,False
ORD-10396,2024-11-17,CUST-4053,East,Electronics,Mechanical Keyboard,1,129.99,0.1,116.99,False
ORD-10928,2024-09-17,CUST-1100,South,Clothing,Rain Coat,1,119.99,0.0,119.99,False
ORD-14167,2024-02-12,CUST-1335,North,Clothing,Yoga Pants,3,44.99,0.2,107.98,False
ORD-10281,2024-05-01,CUST-1702,West,Clothing,Denim Jeans,3,59.99,0.1,161.97,False
ORD-13753,2024-10-10,CUST-4215,South,Electronics,Laptop Stand,1,49.99,0.1,44.99,True
ORD-10736,2024-05-07,CUST-2694,East,Electronics,Mechanical Keyboard,3,129.99,0.1,350.97,False
ORD-12584,2024-08-10,CUST-2091,South,Electronics,Mechanical Keyboard,3,129.99,0.1,350.97,False
ORD-11578,2024-08-10,CUST-2062,West,Electronics,Laptop Stand,1,49.99,0.05,47.49,False
ORD-10339,2024-02-07,CUST-1206,West,Home & Garden,Throw Blanket,1,49.99,0.1,44.99,False
ORD-12753,2024-05-17,CUST-4433,South,Electronics,USB-C Hub,1,39.99,0.0,39.99,False
ORD-10461,2024-09-26,CUST-3874,North,Electronics,LED Monitor,1,299.99,0.0,299.99,False
ORD-10897,2024-12-13,CUST-3974,North,Home & Garden,Coffee Maker,1,69.99,0.0,69.99,True
ORD-11749,2024-02-21,CUST-2621,North,Electronics,Mechanical Keyboard,1,129.99,0.0,129.99,False
ORD-14842,2024-05-18,CUST-2198,East,Clothing,Casual Sneakers,1,89.99,0.2,71.99,False
ORD-10178,2024-12-20,CUST-4372,East,Electronics,Laptop Stand,2,49.99,0.05,94.98,False
ORD-13533,2024-04-15,CUST-2858,South,Home & Garden,Storage Organizer,1,29.99,0.05,28.49,False
ORD-14449,2024-10-15,CUST-2622,West,Clothing,Winter Jacket,2,149.99,0.15,254.98,False
ORD-14585,2024-12-25,CUST-4398,South,Clothing,Denim Jeans,2,59.99,0.2,95.98,False
ORD-11067,2024-02-16,CUST-4324,South,Home & Garden,Air Purifier,1,159.99,0.0,159.99,True
ORD-10802,2024-08-10,CUST-4290,East,Clothing,Running Shoes,2,109.99,0.0,219.98,False
ORD-10819,2024-05-16,CUST-3491,West,Electronics,Webcam HD,4,79.99,0.0,319.96,False
ORD-13090,2024-06-25,CUST-1520,East,Electronics,LED Monitor,3,299.99,0.1,809.97,False
ORD-13672,2024-10-27,CUST-4018,North,Clothing,Denim Jeans,2,59.99,0.15,101.98,False
ORD-10206,2024-02-18,CUST-1866,North,Electronics,Wireless Headphones,2,89.99,0.0,179.98,False
ORD-11051,2024-07-10,CUST-3031,East,Clothing,Casual Sneakers,1,89.99,0.1,80.99,False
ORD-10451,2024-07-18,CUST-2752,East,Clothing,Denim Jeans,1,59.99,0.1,53.99,False
ORD-11341,2024-06-04,CUST-3613,West,Clothing,Yoga Pants,1,44.99,0.2,35.99,False
ORD-12671,2024-05-12,CUST-2297,West,Clothing,Wool Sweater,1,79.99,0.1,71.99,False
ORD-10939,2024-08-21,CUST-1318,West,Electronics,Bluetooth Speaker,4,59.99,0.1,215.96,False
ORD-10069,2024-12-18,CUST-1284,East,Home & Garden,LED Desk Lamp,1,44.99,0.1,40.49,False
ORD-12841,2024-10-12,CUST-3741,West,Clothing,Yoga Pants,1,44.99,0.25,33.74,False
ORD-12930,2024-08-06,CUST-4795,South,Clothing,Winter Jacket,1,149.99,0.05,142.49,False
ORD-14352,2024-06-24,CUST-1844,East,Clothing,Rain Coat,3,119.99,0.2,287.98,False
ORD-12128,2024-12-20,CUST-3785,East,Home & Garden,Air Purifier,1,159.99,0.05,151.99,False
ORD-11271,2024-12-22,CUST-3085,East,Clothing,Wool Sweater,3,79.99,0.2,191.98,False
ORD-11325,2024-05-01,CUST-1898,North,Electronics,USB-C Hub,1,39.99,0.05,37.99,False
ORD-13285,2024-01-25,CUST-3361,South,Clothing,Cotton T-Shirt,5,24.99,0.15,106.21,False
ORD-10571,2024-11-01,CUST-1538,North,Home & Garden,Throw Blanket,1,49.99,0.0,49.99,False
ORD-10118,2024-12-22,CUST-2923,West,Electronics,Webcam HD,1,79.99,0.1,71.99,False
ORD-14460,2024-05-25,CUST-1647,East,Clothing,Running Shoes,2,109.99,0.05,208.98,False
ORD-13415,2024-07-28,CUST-4625,East,Home & Garden,LED Desk Lamp,3,44.99,0.0,134.97,False
ORD-14966,2024-12-25,CUST-1470,West,Clothing,Denim Jeans,1,59.99,0.05,56.99,True
ORD-12409,2024-06-12,CUST-4858,East,Clothing,Running Shoes,2,109.99,0.15,186.98,False
ORD-10858,2024-07-12,CUST-1613,East,Home & Garden,Air Purifier,1,159.99,0.05,151.99,False
ORD-11961,2024-05-27,CUST-1422,North,Clothing,Yoga Pants,1,44.99,0.0,44.99,False
ORD-11953,2024-10-04,CUST-3628,East,Electronics,Wireless Headphones,1,89.99,0.15,76.49,False
ORD-10296,2024-11-13,CUST-3986,West,Clothing,Winter Jacket,1,149.99,0.0,149.99,False
ORD-12087,2024-09-28,CUST-4434,West,Clothing,Yoga Pants,1,44.99,0.15,38.24,False
ORD-10276,2024-11-15,CUST-3037,West,Clothing,Denim Jeans,4,59.99,0.1,215.96,False
ORD-11358,2024-04-09,CUST-4689,East,Electronics,Wireless Headphones,3,89.99,0.05,256.47,False
ORD-12307,2024-08-06,CUST-1378,West,Electronics,Smart Watch,1,199.99,0.15,169.99,False
ORD-13786,2024-08-11,CUST-1085,East,Electronics,Laptop Stand,2,49.99,0.0,99.98,False
ORD-11000,2024-03-01,CUST-4193,South,Clothing,Winter Jacket,2,149.99,0.1,269.98,False
ORD-11883,2024-11-24,CUST-3864,East,Clothing,Cotton T-Shirt,1,24.99,0.05,23.74,False
ORD-12455,2024-02-05,CUST-3635,West,Clothing,Cotton T-Shirt,2,24.99,0.05,47.48,False
ORD-13971,2024-07-21,CUST-1437,South,Electronics,LED Monitor,1,299.99,0.0,299.99,False
ORD-14503,2024-01-11,CUST-4285,South,Electronics,USB-C Hub,1,39.99,0.0,39.99,False
ORD-11212,2024-03-04,CUST-3925,South,Clothing,Denim Jeans,1,59.99,0.2,47.99,False
ORD-14822,2024-05-20,CUST-3204,North,Electronics,Wireless Headphones,1,89.99,0.0,89.99,False
ORD-10193,2024-09-11,CUST-2909,South,Clothing,Wool Sweater,2,79.99,0.0,159.98,False
ORD-13157,2024-01-14,CUST-1416,East,Clothing,Denim Jeans,2,59.99,0.0,119.98,False
ORD-10495,2024-05-02,CUST-2961,East,Clothing,Denim Jeans,3,59.99,0.15,152.97,False
ORD-13823,2024-05-14,CUST-4094,North,Clothing,Casual Sneakers,2,89.99,0.05,170.98,False
ORD-13446,2024-11-16,CUST-1973,North,Home & Garden,LED Desk Lamp,1,44.99,0.1,40.49,False
ORD-13953,2024-02-01,CUST-1333,West,Home & Garden,Scented Candles,2,19.99,0.0,39.98,False
ORD-13976,2024-05-06,CUST-4987,West,Electronics,Laptop Stand,1,49.99,0.05,47.49,False
ORD-11787,2024-08-22,CUST-1449,South,Clothing,Running Shoes,2,109.99,0.1,197.98,False
ORD-11740,2024-11-25,CUST-2943,North,Home & Garden,Scented Candles,3,19.99,0.05,56.97,False
ORD-11169,2024-04-26,CUST-4551,North,Home & Garden,Throw Blanket,1,49.99,0.0,49.99,False
ORD-11255,2024-06-15,CUST-4461,North,Clothing,Cotton T-Shirt,2,24.99,0.1,44.98,False
ORD-14293,2024-12-22,CUST-2725,South,Home & Garden,Scented Candles,1,19.99,0.0,19.99,False
ORD-12712,2024-05-11,CUST-4200,North,Electronics,LED Monitor,2,299.99,0.0,599.98,False
ORD-11308,2024-05-22,CUST-1643,South,Electronics,Wireless Headphones,3,89.99,0.0,269.97,False
ORD-13182,2024-04-11,CUST-1224,East,Clothing,Yoga Pants,4,44.99,0.15,152.97,False
ORD-12708,2024-01-07,CUST-4728,West,Home & Garden,Scented Candles,1,19.99,0.05,18.99,False
ORD-13552,2024-08-13,CUST-4799,South,Clothing,Cotton T-Shirt,1,24.99,0.05,23.74,False
ORD-12541,2024-11-27,CUST-4240,East,Electronics,Mechanical Keyboard,2,129.99,0.0,259.98,False
ORD-10135,2024-05-21,CUST-3766,East,Home & Garden,Throw Blanket,1,49.99,0.0,49.99,False
ORD-10977,2024-01-15,CUST-1108,South,Electronics,Webcam HD,2,79.99,0.0,159.98,False
ORD-12721,2024-11-05,CUST-1614,South,Home & Garden,Throw Blanket,1,49.99,0.1,44.99,False
ORD-12004,2024-04-18,CUST-1219,South,Home & Garden,Wall Clock,1,39.99,0.05,37.99,False
ORD-12543,2024-08-22,CUST-4317,North,Home & Garden,Storage Organizer,3,29.99,0.0,89.97,True
ORD-12147,2024-05-01,CUST-1134,South,Clothing,Wool Sweater,4,79.99,0.25,239.97,False
ORD-11812,2024-04-24,CUST-2079,North,Clothing,Casual Sneakers,2,89.99,0.05,170.98,False
ORD-13727,2024-02-28,CUST-2322,East,Electronics,USB-C Hub,2,39.99,0.05,75.98,False
ORD-12957,2024-12-24,CUST-1187,East,Home & Garden,Coffee Maker,2,69.99,0.05,132.98,False
ORD-13681,2024-02-28,CUST-1472,West,Electronics,Wireless Headphones,1,89.99,0.0,89.99,False
ORD-12443,2024-11-28,CUST-3383,,Electronics,LED Monitor,3,299.99,0.05,854.97,False
ORD-11915,2024-10-06,CUST-4087,East,Clothing,Denim Jeans,2,59.99,0.1,107.98,False
ORD-12747,2024-02-23,CUST-2899,North,Home & Garden,LED Desk Lamp,2,44.99,0.0,89.98,False
ORD-12222,2024-02-28,CUST-2043,South,Electronics,LED Monitor,2,299.99,0.0,599.98,False
ORD-10754,2024-02-17,CUST-1719,South,Electronics,LED Monitor,1,299.99,0.0,299.99,False
ORD-14060,2024-04-17,CUST-1470,East,Clothing,Denim Jeans,1,59.99,0.05,56.99,False
ORD-12050,2024-06-18,CUST-2268,South,Electronics,Bluetooth Speaker,1,59.99,0.05,56.99,False
ORD-10836,2024-12-17,CUST-2013,North,Home & Garden,Throw Blanket,1,49.99,0.0,49.99,False
ORD-11770,2024-06-05,CUST-3244,North,Electronics,Bluetooth Speaker,1,59.99,0.0,59.99,False
ORD-12284,2024-02-07,CUST-2683,North,Electronics,Smart Watch,1,199.99,0.05,189.99,False
ORD-14358,2024-08-18,CUST-3681,North,Home & Garden,Wall Clock,3,39.99,0.0,119.97,True
ORD-10971,2024-12-26,CUST-3497,North,Home & Garden,Wall Clock,1,39.99,0.0,39.99,False
ORD-11379,2024-08-12,CUST-3300,South,Electronics,LED Monitor,3,299.99,0.05,854.97,False
ORD-10545,2024-05-25,CUST-4604,East,Clothing,Casual Sneakers,3,89.99,0.1,242.97,False
ORD-10515,2024-01-17,CUST-1043,South,Electronics,LED Monitor,3,299.99,0.0,899.97,False
ORD-10361,2024-09-08,CUST-3559,North,Electronics,Laptop Stand,1,49.99,0.0,49.99,False
ORD-13688,2024-01-15,CUST-4028,East,Home & Garden,Wall Clock,4,39.99,0.0,159.96,True
ORD-12883,2024-01-04,CUST-1882,South,Clothing,Casual Sneakers,3,89.99,0.15,229.47,False
ORD-13121,2024-04-21,CUST-2198,North,Home & Garden,Scented Candles,3,19.99,0.05,56.97,False
ORD-12464,2024-09-14,CUST-2675,South,Home & Garden,Air Purifier,2,159.99,0.05,303.98,False
ORD-14345,2024-05-25,CUST-3951,East,Electronics,LED Monitor,2,299.99,0.1,539.98,False
ORD-11285,2024-07-13,CUST-1979,East,Electronics,Mechanical Keyboard,1,129.99,0.05,123.49,False
ORD-13346,2024-04-26,CUST-2431,South,Electronics,Webcam HD,2,79.99,0.15,135.98,False
ORD-14543,2024-04-01,CUST-2481,West,Clothing,Rain Coat,1,119.99,0.0,119.99,False
ORD-12540,2024-09-26,CUST-4298,South,Home & Garden,Scented Candles,1,19.99,0.05,18.99,False
ORD-12057,2024-06-08,CUST-3059,North,Electronics,Bluetooth Speaker,1,59.99,0.0,59.99,False
ORD-10268,2024-05-18,CUST-4718,South,Electronics,Mechanical Keyboard,2,129.99,0.05,246.98,False
ORD-10214,2024-10-01,CUST-3392,North,Clothing,Winter Jacket,2,149.99,0.1,269.98,False
ORD-10017,2024-07-03,CUST-1104,South,Clothing,Winter Jacket,1,149.99,0.15,127.49,False
ORD-12790,2024-10-25,CUST-3518,West,Clothing,Cotton T-Shirt,1,24.99,0.1,22.49,False
ORD-11151,2024-11-09,CUST-4550,East,Clothing,Wool Sweater,3,79.99,0.1,215.97,False
ORD-12775,2024-06-14,CUST-1114,West,Clothing,Rain Coat,1,119.99,0.0,119.99,False
ORD-10778,2024-10-18,CUST-1712,East,Home & Garden,Throw Blanket,2,49.99,0.05,94.98,False
ORD-14327,2024-12-27,CUST-2699,South,Home & Garden,Wall Clock,3,39.99,0.05,113.97,False
ORD-10227,2024-05-13,CUST-4557,South,Home & Garden,LED Desk Lamp,2,44.99,0.05,85.48,False
ORD-10252,2024-11-16,CUST-4742,North,Home & Garden,Coffee Maker,2,69.99,0.0,139.98,False
ORD-10643,2024-05-24,CUST-3995,North,Clothing,Yoga Pants,2,44.99,0.0,89.98,False
ORD-11504,2024-05-08,CUST-4808,East,Clothing,Cotton T-Shirt,3,24.99,0.1,67.47,False
ORD-14843,2024-01-20,CUST-4145,East,Electronics,Webcam HD,2,79.99,0.05,151.98,False
ORD-12972,2024-11-17,CUST-1590,North,Clothing,Rain Coat,2,119.99,0.0,239.98,False
ORD-14152,2024-10-11,CUST-2223,East,Clothing,Running Shoes,3,109.99,0.15,280.47,False
ORD-14347,2024-07-14,CUST-1425,South,Electronics,Laptop Stand,3,49.99,0.1,134.97,False
ORD-12661,2024-12-25,CUST-3321,South,Home & Garden,Coffee Maker,1,69.99,0.05,66.49,False
ORD-12979,2024-12-26,CUST-4416,North,Home & Garden,Plant Pot Set,1,34.99,0.05,33.24,False
ORD-14665,2024-10-13,CUST-3924,South,Home & Garden,Storage Organizer,3,29.99,0.0,89.97,False
ORD-13073,2024-04-01,CUST-4227,East,Electronics,USB-C Hub,3,39.99,0.05,113.97,False
ORD-12644,2024-01-23,CUST-4063,North,Home & Garden,LED Desk Lamp,1,44.99,0.0,44.99,False
ORD-12866,2024-07-22,CUST-1373,North,Home & Garden,LED Desk Lamp,2,44.99,0.0,89.98,True
ORD-12820,2024-12-28,CUST-3869,North,Clothing,Running Shoes,1,109.99,0.0,109.99,False
ORD-11511,2024-10-19,CUST-4462,South,Clothing,Casual Sneakers,2,89.99,0.05,170.98,False
ORD-11010,2024-03-02,CUST-4704,East,Electronics,Bluetooth Speaker,1,59.99,0.05,56.99,False
ORD-13218,2024-10-11,CUST-3296,South,Electronics,Laptop Stand,1,49.99,0.0,49.99,False
ORD-12554,2024-01-02,CUST-4440,North,Electronics,Bluetooth Speaker,3,59.99,0.0,179.97,False
ORD-12416,2024-05-27,CUST-4778,South,Clothing,Denim Jeans,1,59.99,0.05,56.99,False
ORD-12352,2024-08-10,CUST-3130,South,Electronics,USB-C Hub,5,39.99,0.0,199.95,False
ORD-12224,2024-01-27,CUST-3179,North,Clothing,Rain Coat,1,119.99,0.05,113.99,True
ORD-14061,2024-03-18,CUST-2955,North,Home & Garden,Air Purifier,3,159.99,0.0,479.97,True
ORD-10902,2024-03-25,CUST-4839,North,Electronics,Bluetooth Speaker,2,59.99,0.05,113.98,False
ORD-11585,2024-02-22,CUST-2731,East,Clothing,Winter Jacket,2,149.99,0.15,254.98,False
ORD-13543,2024-05-07,CUST-4063,East,Clothing,Yoga Pants,1,44.99,0.15,38.24,False
ORD-13251,2024-02-21,CUST-3248,East,Clothing,Winter Jacket,1,149.99,0.0,149.99,False
ORD-12124,2024-12-11,CUST-3484,North,Clothing,Yoga Pants,1,44.99,0.15,38.24,False
ORD-12768,2024-07-23,CUST-1165,North,Clothing,Casual Sneakers,2,89.99,0.15,152.98,False
ORD-10079,2024-02-19,CUST-3712,West,Clothing,Rain Coat,4,119.99,0.1,431.96,False
ORD-12856,2024-03-24,CUST-4337,South,Electronics,LED Monitor,4,299.99,0.0,1199.96,False
ORD-11389,2024-06-13,CUST-3157,South,Home & Garden,Storage Organizer,1,29.99,0.05,28.49,False
ORD-14576,2024-06-16,CUST-2653,East,Electronics,LED Monitor,2,299.99,0.15,509.98,False
ORD-14547,2024-09-09,CUST-4557,South,Electronics,USB-C Hub,1,39.99,0.05,37.99,False
ORD-11130,2024-10-21,CUST-3426,East,Home & Garden,Scented Candles,1,19.99,0.05,18.99,False
ORD-14096,2024-01-13,CUST-4377,North,Home & Garden,LED Desk Lamp,1,44.99,0.1,40.49,False
ORD-10847,2024-12-11,CUST-4916,South,Electronics,Bluetooth Speaker,2,59.99,0.15,101.98,False
ORD-12209,2024-12-12,CUST-4079,North,Electronics,Wireless Headphones,3,89.99,0.0,269.97,False
ORD-13372,2024-04-21,CUST-4486,West,Clothing,Yoga Pants,3,44.99,0.2,107.98,False
ORD-10203,2024-12-04,CUST-3435,East,Electronics,USB-C Hub,1,39.99,0.0,39.99,True
ORD-14365,2024-09-13,CUST-4411,South,Electronics,Wireless Headphones,1,89.99,0.0,89.99,False
ORD-14037,2024-11-17,CUST-4778,East,Electronics,Smart Watch,5,199.99,0.05,949.95,False
ORD-13568,2024-11-15,CUST-2941,South,Electronics,Bluetooth Speaker,2,59.99,0.05,113.98,False
ORD-14496,2024-06-14,CUST-2734,East,Clothing,Wool Sweater,1,79.99,0.0,79.99,False
ORD-11465,2024-01-03,CUST-3649,East,Electronics,USB-C Hub,1,39.99,0.05,37.99,False
ORD-12114,2024-09-12,CUST-3805,East,Home & Garden,Air Purifier,1,159.99,0.0,159.99,False
ORD-10442,2024-05-16,CUST-2758,North,Electronics,USB-C Hub,1,39.99,0.05,37.99,True
ORD-14191,2024-12-18,CUST-1702,West,Electronics,Webcam HD,1,79.99,0.1,71.99,False
ORD-10935,2024-04-07,CUST-1536,South,Clothing,Denim Jeans,2,59.99,0.05,113.98,False
ORD-12571,2024-12-07,CUST-3101,East,Electronics,Webcam HD,1,79.99,0.1,71.99,False
ORD-13119,2024-03-04,CUST-1259,South,Home & Garden,Storage Organizer,2,29.99,0.0,59.98,False
ORD-11181,2024-05-20,CUST-1978,South,Home & Garden,Coffee Maker,1,69.99,0.05,66.49,False
ORD-13399,2024-08-13,CUST-4646,East,Electronics,Bluetooth Speaker,3,59.99,0.05,170.97,False
ORD-13058,2024-01-25,CUST-4901,North,Electronics,Laptop Stand,2,49.99,0.1,89.98,False
ORD-14775,2024-11-28,CUST-4865,South,Clothing,Cotton T-Shirt,4,24.99,0.15,84.97,False
ORD-10907,2024-05-12,CUST-1536,North,Electronics,LED Monitor,2,299.99,0.05,569.98,False
ORD-11776,2024-10-25,CUST-4672,West,Electronics,Wireless Headphones,4,89.99,0.05,341.96,False
ORD-12383,2024-06-22,CUST-4578,East,Electronics,USB-C Hub,2,39.99,0.1,71.98,False
ORD-10234,2024-03-26,CUST-2429,East,Electronics,LED Monitor,3,299.99,0.15,764.97,False
ORD-10149,2024-04-12,CUST-2667,East,Home & Garden,Coffee Maker,1,69.99,0.05,66.49,False
ORD-14654,2024-05-27,CUST-1535,West,Clothing,Casual Sneakers,1,89.99,0.15,76.49,False
ORD-11919,2024-06-25,CUST-2776,East,Home & Garden,LED Desk Lamp,4,44.99,0.0,179.96,False
ORD-10180,2024-05-19,CUST-1953,East,Clothing,Wool Sweater,2,79.99,0.15,135.98,False
ORD-12635,2024-09-14,CUST-4430,North,Home & Garden,Coffee Maker,1,69.99,0.0,69.99,False
ORD-12370,2024-09-04,CUST-1526,East,Home & Garden,LED Desk Lamp,2,44.99,0.05,85.48,False
ORD-11769,2024-05-19,CUST-4094,South,Home & Garden,Scented Candles,3,19.99,0.0,59.97,False
ORD-10278,2024-10-04,CUST-4488,North,Electronics,LED Monitor,4,299.99,0.05,1139.96,False
ORD-13601,2024-08-17,CUST-2136,North,Electronics,LED Monitor,2,299.99,0.0,599.98,False
ORD-11005,2024-09-01,CUST-4002,North,Electronics,Smart Watch,2,199.99,0.0,399.98,False
ORD-12970,2024-05-14,CUST-3314,North,Home & Garden,Storage Organizer,1,29.99,0.1,26.99,False
ORD-13307,2024-01-08,CUST-3530,East,Electronics,Laptop Stand,3,49.99,0.0,149.97,False
ORD-10026,2024-03-06,CUST-4378,South,Clothing,Denim Jeans,3,59.99,0.2,143.98,False
ORD-14642,2024-11-22,CUST-2515,North,Electronics,Wireless Headphones,1,89.99,0.0,89.99,False
ORD-11871,2024-03-01,CUST-3828,East,Clothing,Rain Coat,1,119.99,0.15,101.99,True
ORD-10582,2024-06-06,CUST-1611,West,Clothing,Cotton T-Shirt,2,24.99,0.15,42.48,True
ORD-14273,2024-06-21,CUST-2785,South,Clothing,Yoga Pants,1,44.99,0.1,40.49,False
ORD-11736,2024-06-28,CUST-3924,South,Electronics,LED Monitor,4,299.99,0.0,1199.96,False
ORD-12679,2024-07-25,CUST-4862,East,Electronics,LED Monitor,1,299.99,0.15,254.99,False
ORD-13629,2024-09-15,CUST-2817,East,Clothing,Yoga Pants,1,44.99,0.1,40.49,False
ORD-11463,2024-09-03,CUST-3721,East,Home & Garden,LED Desk Lamp,2,44.99,0.05,85.48,False
ORD-11428,2024-09-14,CUST-4078,North,Clothing,Denim Jeans,1,59.99,0.1,53.99,False
ORD-12423,2024-06-12,CUST-3890,West,Clothing,Wool Sweater,3,79.99,0.1,215.97,False
ORD-14351,2024-08-10,CUST-4627,North,Clothing,Running Shoes,3,109.99,0.1,296.97,False
ORD-14604,2024-10-03,CUST-4369,North,Clothing,Yoga Pants,1,44.99,0.15,38.24,False
ORD-12803,2024-12-13,CUST-4011,South,Clothing,Cotton T-Shirt,2,24.99,0.1,44.98,False
ORD-12705,2024-11-26,CUST-2845,North,Home & Garden,Scented Candles,4,19.99,0.05,75.96,False
ORD-10504,2024-10-26,CUST-1465,South,Clothing,Casual Sneakers,1,89.99,0.1,80.99,False
ORD-10057,2024-03-01,CUST-2854,South,Home & Garden,Throw Blanket,2,49.99,0.0,99.98,False
ORD-11712,2024-11-03,CUST-4606,South,Home & Garden,Coffee Maker,2,69.99,0.0,139.98,True
ORD-14560,2024-10-26,CUST-2517,West,Electronics,LED Monitor,1,299.99,0.0,299.99,False
ORD-14073,2024-08-22,CUST-2197,South,Clothing,Winter Jacket,2,149.99,0.1,269.98,False
ORD-13675,2024-04-10,CUST-2443,North,Clothing,Rain Coat,4,119.99,0.2,383.97,False
ORD-13034,2024-04-16,CUST-3165,East,Electronics,Webcam HD,1,79.99,0.0,79.99,False
ORD-13250,2024-07-20,CUST-4920,West,Electronics,Laptop Stand,1,49.99,0.0,49.99,False
ORD-14248,2024-08-12,CUST-4664,East,Electronics,Bluetooth Speaker,1,59.99,0.0,59.99,False
ORD-11453,2024-08-10,CUST-3957,East,Clothing,Wool Sweater,1,79.99,0.2,63.99,False
ORD-13794,2024-01-06,CUST-4204,North,Home & Garden,Coffee Maker,1,69.99,0.1,62.99,True
ORD-10738,2024-06-12,CUST-3055,East,Electronics,Wireless Headphones,2,89.99,0.0,179.98,False
ORD-14258,2024-05-19,CUST-3060,North,Home & Garden,Air Purifier,4,159.99,0.05,607.96,False
ORD-11474,2024-05-17,CUST-1171,West,Home & Garden,LED Desk Lamp,1,44.99,0.0,44.99,False
ORD-11568,2024-09-14,CUST-1565,South,Electronics,Webcam HD,1,79.99,0.1,71.99,False
ORD-14523,2024-08-16,CUST-3930,West,Electronics,Mechanical Keyboard,1,129.99,0.05,123.49,False
ORD-13818,2024-11-19,CUST-1640,North,Electronics,Smart Watch,2,199.99,0.05,379.98,False
ORD-11023,2024-12-25,CUST-2750,West,Clothing,Running Shoes,2,109.99,0.0,219.98,False
ORD-11589,2024-10-12,CUST-4838,North,Electronics,Smart Watch,1,199.99,0.0,199.99,False
ORD-12850,2024-09-06,CUST-2974,South,Electronics,Webcam HD,2,79.99,0.05,151.98,False
ORD-13774,2024-09-21,CUST-1777,North,Clothing,Wool Sweater,2,79.99,0.25,119.98,False
ORD-12604,2024-01-04,CUST-2410,South,Clothing,Running Shoes,2,109.99,0.05,208.98,False
ORD-11579,2024-07-17,CUST-1435,West,Home & Garden,Air Purifier,2,159.99,0.1,287.98,True
ORD-13718,2024-06-20,CUST-3539,East,Electronics,Mechanical Keyboard,2,129.99,0.1,233.98,False
ORD-12161,2024-09-07,CUST-1991,West,Home & Garden,Storage Organizer,5,29.99,0.0,149.95,False
ORD-14416,2024-06-26,CUST-4947,South,Clothing,Rain Coat,2,119.99,0.15,203.98,False
ORD-10346,2024-09-11,CUST-4306,South,Clothing,Denim Jeans,2,59.99,0.1,107.98,False
ORD-10502,2024-04-07,CUST-3881,South,Clothing,Casual Sneakers,4,89.99,0.15,305.97,True
ORD-11232,2024-03-05,CUST-1653,East,Electronics,USB-C Hub,2,39.99,0.0,79.98,False
ORD-11643,2024-09-18,CUST-3846,East,Clothing,Denim Jeans,1,59.99,0.1,53.99,False
ORD-14769,2024-05-26,CUST-4853,East,Electronics,Laptop Stand,1,49.99,0.0,49.99,False
ORD-10833,2024-03-17,CUST-3285,South,Home & Garden,Air Purifier,1,159.99,0.05,151.99,False
ORD-12537,2024-02-05,CUST-3105,West,Clothing,Cotton T-Shirt,2,24.99,0.0,49.98,False
ORD-13522,2024-04-25,CUST-3511,South,Clothing,Winter Jacket,1,149.99,0.0,149.99,False
ORD-12776,2024-01-24,CUST-1350,South,Home & Garden,Plant Pot Set,1,34.99,0.05,33.24,False
ORD-13880,2024-07-26,CUST-4812,North,Electronics,Smart Watch,1,199.99,0.0,199.99,False
ORD-11164,2024-03-20,CUST-2580,North,Electronics,Wireless Headphones,2,89.99,0.05,170.98,True
ORD-14636,2024-05-13,CUST-3577,North,Clothing,Casual Sneakers,1,89.99,0.0,89.99,False
ORD-13305,2024-05-22,CUST-4016,West,Electronics,Mechanical Keyboard,1,129.99,0.0,129.99,False
ORD-11547,2024-07-01,CUST-2945,South,Home & Garden,LED Desk Lamp,1,44.99,0.0,44.99,False
ORD-12752,2024-04-21,CUST-3226,West,Home & Garden,LED Desk Lamp,1,44.99,0.05,42.74,False
ORD-11425,2024-12-26,CUST-3691,South,Electronics,USB-C Hub,5,39.99,0.05,189.95,False
ORD-10542,2024-03-12,CUST-2833,East,Home & Garden,Coffee Maker,4,69.99,0.05,265.96,False
ORD-11491,2024-05-22,CUST-2037,West,Electronics,Webcam HD,2,79.99,0.15,135.98,False
ORD-14740,2024-10-05,CUST-3897,East,Home & Garden,Storage Organizer,3,29.99,0.05,85.47,True
ORD-12894,2024-03-09,CUST-3275,East,Home & Garden,Air Purifier,4,159.99,0.1,575.96,False
ORD-13955,2024-12-04,CUST-1778,East,Clothing,Cotton T-Shirt,1,24.99,0.05,23.74,False
ORD-13299,2024-11-28,CUST-4715,North,Home & Garden,Plant Pot Set,3,34.99,0.0,104.97,False
ORD-13108,2024-08-28,CUST-2555,West,Electronics,Mechanical Keyboard,3,129.99,0.0,389.97,False
ORD-11002,2024-12-26,CUST-1185,East,Electronics,Webcam HD,1,79.99,0.05,75.99,False
ORD-11008,2024-04-06,CUST-2565,East,Clothing,Yoga Pants,3,44.99,0.05,128.22,False
ORD-13648,2024-08-23,CUST-4541,West,Home & Garden,Coffee Maker,2,69.99,0.1,125.98,False
ORD-12593,2024-07-17,CUST-1135,North,Clothing,Wool Sweater,1,79.99,0.0,79.99,True
ORD-10565,2024-08-18,CUST-3914,East,Electronics,LED Monitor,2,299.99,0.05,569.98,False
ORD-10263,2024-07-20,CUST-3065,South,Clothing,Wool Sweater,1,79.99,0.05,75.99,False
ORD-14601,2024-11-12,CUST-4648,North,Clothing,Denim Jeans,1,59.99,,53.99,False
ORD-11324,2024-12-27,CUST-4993,North,Home & Garden,Plant Pot Set,3,34.99,0.0,104.97,False
ORD-10381,2024-10-09,CUST-4379,East,Home & Garden,Scented Candles,2,19.99,0.0,39.98,False
ORD-13744,2024-01-18,CUST-1956,East,Electronics,Bluetooth Speaker,3,59.99,0.0,179.97,False
ORD-10613,2024-02-09,CUST-3792,West,Clothing,Denim Jeans,4,59.99,0.0,239.96,False
ORD-14193,2024-10-01,CUST-4781,East,Electronics,USB-C Hub,1,39.99,0.0,39.99,False
ORD-12888,2024-11-09,CUST-2108,North,Clothing,Wool Sweater,3,79.99,0.1,215.97,False
ORD-13086,2024-05-28,CUST-1307,North,Electronics,Laptop Stand,1,49.99,0.0,49.99,False
ORD-13829,2024-03-17,CUST-2187,North,Home & Garden,Wall Clock,1,39.99,0.0,39.99,True
ORD-11102,2024-12-08,CUST-1818,East,Home & Garden,Throw Blanket,3,49.99,0.0,149.97,False
ORD-14719,2024-12-01,CUST-4627,West,Home & Garden,Storage Organizer,1,29.99,0.0,29.99,False
ORD-11978,2024-12-28,CUST-4149,East,Home & Garden,Throw Blanket,4,49.99,0.1,179.96,False
ORD-13616,2024-07-18,CUST-1877,East,Electronics,Laptop Stand,1,49.99,0.15,42.49,True
ORD-12831,2024-09-25,CUST-3917,North,Electronics,USB-C Hub,1,39.99,0.15,33.99,False
ORD-13381,2024-06-08,CUST-3096,North,Clothing,Yoga Pants,1,44.99,0.0,44.99,False
ORD-13066,2024-01-25,CUST-1299,South,Clothing,Running Shoes,4,109.99,0.0,439.96,False
ORD-11338,2024-01-05,CUST-4753,East,Clothing,Running Shoes,1,109.99,0.2,87.99,False
ORD-13572,2024-11-04,CUST-3613,South,Clothing,Yoga Pants,3,44.99,0.15,114.72,False
ORD-12452,2024-07-03,CUST-3867,West,Clothing,Cotton T-Shirt,2,24.99,0.05,47.48,False
ORD-14156,2024-07-08,CUST-4102,West,Clothing,Yoga Pants,3,44.99,0.2,107.98,False
ORD-11355,2024-12-05,CUST-4608,South,Clothing,Denim Jeans,4,59.99,0.05,227.96,True
ORD-13919,2024-11-18,CUST-3075,North,Home & Garden,Throw Blanket,2,49.99,0.0,99.98,True
ORD-14892,2024-08-19,CUST-3130,North,Home & Garden,Throw Blanket,1,49.99,0.1,44.99,False
ORD-11693,2024-02-23,CUST-4333,South,Clothing,Casual Sneakers,2,89.99,0.15,152.98,False
ORD-11617,2024-09-03,CUST-4172,South,Clothing,Casual Sneakers,4,89.99,0.0,359.96,False
ORD-11902,2024-11-26,CUST-1640,East,Clothing,Yoga Pants,2,44.99,0.05,85.48,False
ORD-13966,2024-04-04,CUST-3719,North,Electronics,Webcam HD,1,79.99,0.05,75.99,False
ORD-10139,2024-12-25,CUST-4341,East,Home & Garden,Wall Clock,5,39.99,0.0,199.95,True
ORD-13350,2024-03-18,CUST-3200,South,Home & Garden,Storage Organizer,1,29.99,0.0,29.99,True
ORD-10032,2024-01-25,CUST-1313,West,Clothing,Wool Sweater,1,79.99,0.05,75.99,False
ORD-12179,2024-07-15,CUST-1446,North,Clothing,Yoga Pants,1,44.99,0.05,42.74,False
ORD-10114,2024-09-01,CUST-4465,North,Electronics,Webcam HD,1,79.99,0.1,71.99,False
ORD-12991,2024-11-12,CUST-2129,West,Electronics,Laptop Stand,4,49.99,0.0,199.96,False
ORD-12978,2024-10-17,CUST-4355,South,Electronics,LED Monitor,1,299.99,0.0,299.99,False
ORD-10240,2024-12-18,CUST-1358,South,Clothing,Denim Jeans,3,59.99,,152.97,False
ORD-10820,2024-11-22,CUST-2762,North,Electronics,Wireless Headphones,2,89.99,0.0,179.98,False
ORD-14062,2024-11-05,CUST-4824,West,Electronics,Smart Watch,2,199.99,0.05,379.98,False
ORD-14741,2024-02-05,CUST-2846,South,Electronics,Bluetooth Speaker,1,59.99,0.0,59.99,False
ORD-13982,2024-03-24,CUST-4260,West,Home & Garden,Coffee Maker,2,69.99,0.0,139.98,False
ORD-13573,2024-12-01,CUST-2429,West,Clothing,Winter Jacket,2,149.99,0.15,254.98,False
ORD-11347,2024-05-03,CUST-1127,East,Clothing,Cotton T-Shirt,1,24.99,0.0,24.99,False
ORD-11741,2024-10-02,CUST-4566,East,Home & Garden,Throw Blanket,1,49.99,0.1,44.99,False
ORD-11098,2024-11-22,CUST-1389,East,Home & Garden,Scented Candles,1,19.99,0.1,17.99,False
ORD-11363,2024-09-18,CUST-3573,North,Clothing,Casual Sneakers,3,89.99,0.05,256.47,False
ORD-10393,2024-11-01,CUST-3791,South,Clothing,Cotton T-Shirt,2,24.99,0.15,42.48,False
ORD-14873,2024-03-05,CUST-4839,East,Home & Garden,Storage Organizer,2,29.99,0.0,59.98,False
ORD-12958,2024-04-28,CUST-1607,East,Electronics,Laptop Stand,2,49.99,0.1,89.98,False
ORD-14466,2024-02-20,CUST-1859,North,Clothing,Casual Sneakers,1,89.99,0.1,80.99,False
ORD-12267,2024-10-27,CUST-4511,North,Electronics,USB-C Hub,2,39.99,0.0,79.98,False
ORD-11851,2024-11-17,CUST-4793,East,Clothing,Denim Jeans,1,59.99,0.15,50.99,False
ORD-11522,2024-05-09,CUST-3150,West,Clothing,Casual Sneakers,1,89.99,0.2,71.99,False
ORD-10217,2024-10-02,CUST-4463,South,Home & Garden,Air Purifier,1,159.99,0.0,159.99,False
ORD-13249,2024-09-20,CUST-4050,North,Clothing,Running Shoes,2,109.99,0.15,186.98,False
ORD-13064,2024-09-04,CUST-1678,North,Clothing,Cotton T-Shirt,2,24.99,0.1,44.98,False
ORD-10983,2024-01-28,CUST-1317,West,Clothing,Running Shoes,2,109.99,0.1,197.98,False
ORD-10189,2024-04-10,CUST-4683,West,Clothing,Yoga Pants,2,44.99,0.15,76.48,False
ORD-13785,2024-02-19,CUST-2740,East,Home & Garden,Wall Clock,2,39.99,0.05,75.98,False
ORD-14881,2024-06-06,CUST-1522,East,Electronics,Bluetooth Speaker,1,59.99,0.1,53.99,False
ORD-11621,2024-01-24,CUST-4493,West,Electronics,Smart Watch,4,199.99,0.05,759.96,False
ORD-10553,2024-07-24,CUST-3993,South,Electronics,Webcam HD,3,79.99,0.05,227.97,False
ORD-14288,2024-05-17,CUST-4055,West,Clothing,Yoga Pants,3,44.99,0.15,114.72,False
ORD-12931,2024-09-10,CUST-1853,West,Electronics,Mechanical Keyboard,4,129.99,0.0,519.96,False
ORD-12928,2024-10-26,CUST-1468,North,Home & Garden,Throw Blanket,2,49.99,0.05,94.98,False
ORD-11380,2024-03-07,CUST-1861,North,Clothing,Yoga Pants,5,44.99,0.1,202.46,False
ORD-11253,2024-02-05,CUST-1348,North,Home & Garden,Plant Pot Set,1,34.99,0.05,33.24,False
ORD-12456,2024-06-23,CUST-4895,North,Home & Garden,Wall Clock,1,39.99,0.0,39.99,False
ORD-14811,2024-11-16,CUST-1276,East,Home & Garden,Scented Candles,1,19.99,0.1,17.99,False
ORD-12855,2024-07-09,CUST-3967,East,Clothing,Winter Jacket,1,149.99,0.05,142.49,False
ORD-12873,2024-06-26,CUST-3385,East,Home & Garden,Wall Clock,1,39.99,0.0,39.99,False
ORD-10404,2024-05-22,CUST-3328,West,Electronics,LED Monitor,1,299.99,0.0,299.99,False
ORD-11783,2024-09-07,CUST-1795,South,Clothing,Running Shoes,1,109.99,0.05,104.49,False
ORD-10666,2024-04-03,CUST-1810,West,Home & Garden,Wall Clock,2,39.99,0.1,71.98,False
ORD-12844,2024-08-23,CUST-2510,East,Clothing,Wool Sweater,1,79.99,0.05,75.99,False
ORD-11413,2024-01-05,CUST-4044,East,Clothing,Running Shoes,2,109.99,0.05,208.98,False
ORD-13219,2024-10-10,CUST-4574,North,Electronics,Laptop Stand,1,49.99,0.0,49.99,False
ORD-13626,2024-01-16,CUST-4821,East,Electronics,USB-C Hub,5,39.99,0.05,189.95,False
ORD-11386,2024-11-18,CUST-4764,North,Electronics,Smart Watch,2,199.99,0.05,379.98,False
ORD-14436,2024-05-03,CUST-2056,South,Electronics,Webcam HD,3,79.99,0.1,215.97,False
ORD-13278,2024-05-25,CUST-2439,West,Clothing,Casual Sneakers,2,89.99,0.05,170.98,False
ORD-12060,2024-01-19,CUST-3860,West,Clothing,Casual Sneakers,1,89.99,0.0,89.99,False
ORD-10485,2024-12-19,CUST-4116,West,Home & Garden,LED Desk Lamp,1,44.99,0.05,42.74,False
ORD-13425,2024-08-16,CUST-4731,South,Electronics,Laptop Stand,2,49.99,0.05,94.98,False
ORD-14920,2024-12-09,CUST-2591,East,Home & Garden,Storage Organizer,1,29.99,0.0,29.99,False
ORD-14432,2024-06-16,CUST-3865,South,Home & Garden,Throw Blanket,1,49.99,0.0,49.99,True
ORD-13135,2024-08-08,CUST-3379,North,Home & Garden,Storage Organizer,1,29.99,0.0,29.99,False
ORD-14201,2024-03-15,CUST-2292,East,Electronics,Bluetooth Speaker,2,59.99,0.0,119.98,False
ORD-14422,2024-08-01,CUST-2049,East,Clothing,Winter Jacket,1,149.99,0.1,134.99,False
ORD-11597,2024-01-08,CUST-3526,South,Clothing,Casual Sneakers,2,89.99,0.0,179.98,False
ORD-10598,2024-03-13,CUST-2380,East,Electronics,Laptop Stand,1,49.99,0.0,49.99,True
ORD-10158,2024-03-10,CUST-2579,North,Electronics,Smart Watch,1,199.99,0.1,179.99,False
ORD-13200,2024-07-20,CUST-4689,North,Clothing,Casual Sneakers,1,89.99,0.1,80.99,False
ORD-14055,2024-01-03,CUST-4476,East,Clothing,Wool Sweater,5,79.99,0.05,379.95,False
ORD-14721,2024-01-28,CUST-2995,North,Clothing,Winter Jacket,4,149.99,0.1,539.96,False
ORD-12518,2024-10-25,CUST-2912,East,Clothing,Denim Jeans,1,59.99,0.25,44.99,False
ORD-13920,2024-12-11,CUST-2798,North,Home & Garden,Throw Blanket,1,49.99,0.0,49.99,False
ORD-12782,2024-12-14,CUST-4557,South,Clothing,Winter Jacket,1,149.99,0.25,112.49,False
ORD-11123,2024-11-08,CUST-4702,South,Home & Garden,Coffee Maker,2,69.99,0.05,132.98,False
ORD-14484,2024-03-08,CUST-2840,North,Home & Garden,LED Desk Lamp,1,44.99,0.0,44.99,False
ORD-10226,2024-12-22,CUST-4133,East,Clothing,Cotton T-Shirt,2,24.99,0.0,49.98,True
ORD-13339,2024-09-18,CUST-1781,East,Clothing,Running Shoes,1,109.99,0.05,104.49,False
ORD-12441,2024-07-05,CUST-3525,South,Clothing,Rain Coat,1,119.99,0.0,119.99,False
ORD-10555,2024-05-23,CUST-2850,North,Clothing,Wool Sweater,3,79.99,0.2,191.98,False
ORD-13172,2024-03-28,CUST-1435,South,Clothing,Casual Sneakers,1,89.99,0.05,85.49,False
ORD-12784,2024-11-24,CUST-3311,West,Electronics,LED Monitor,2,299.99,0.0,599.98,False
ORD-14952,2024-05-17,CUST-4605,North,Electronics,Wireless Headphones,1,89.99,0.0,89.99,False
ORD-10707,2024-11-09,CUST-3138,East,Electronics,Wireless Headphones,3,89.99,0.15,229.47,False
ORD-14212,2024-07-11,CUST-4952,East,Electronics,Laptop Stand,2,49.99,0.15,84.98,False
ORD-13696,2024-12-14,CUST-1255,West,Electronics,Mechanical Keyboard,2,129.99,0.0,259.98,False
ORD-14295,2024-04-03,CUST-2200,North,Home & Garden,Wall Clock,2,39.99,0.0,79.98,False
ORD-12290,2024-08-25,CUST-3619,South,Home & Garden,Storage Organizer,2,29.99,0.0,59.98,True
ORD-11171,2024-12-21,CUST-1489,South,Clothing,Running Shoes,1,109.99,0.15,93.49,False
ORD-11455,2024-12-11,CUST-2972,North,Electronics,Webcam HD,1,79.99,0.0,79.99,False
ORD-13600,2024-02-20,CUST-3450,East,Electronics,LED Monitor,3,299.99,0.05,854.97,False
ORD-14753,2024-07-04,CUST-1319,West,Electronics,Mechanical Keyboard,2,129.99,0.1,233.98,False
ORD-13548,2024-04-27,CUST-1696,South,Home & Garden,Wall Clock,5,39.99,0.05,189.95,True
ORD-10326,2024-07-13,CUST-3871,East,Clothing,Cotton T-Shirt,1,24.99,0.0,24.99,False
ORD-14081,2024-03-12,CUST-1458,North,Electronics,Bluetooth Speaker,1,59.99,0.0,59.99,False
ORD-10476,2024-01-13,CUST-3489,West,Electronics,Laptop Stand,1,49.99,0.1,44.99,False
ORD-14003,2024-03-28,CUST-4919,East,Clothing,Denim Jeans,1,59.99,0.1,53.99,False
ORD-13732,2024-06-22,CUST-1470,East,Home & Garden,Wall Clock,1,39.99,0.0,39.99,False
ORD-12655,2024-06-09,CUST-2482,South,Home & Garden,Scented Candles,1,19.99,0.0,19.99,False
ORD-13471,2024-11-14,CUST-1778,North,Home & Garden,Throw Blanket,3,49.99,0.0,149.97,False
ORD-12766,2024-07-22,CUST-3483,West,Clothing,Cotton T-Shirt,2,24.99,0.25,37.48,False
ORD-11419,2024-12-18,CUST-2467,South,Clothing,Rain Coat,1,119.99,0.05,113.99,False
ORD-12422,2024-10-10,CUST-2368,North,Home & Garden,Wall Clock,1,39.99,0.05,37.99,False
ORD-12248,2024-08-09,CUST-4723,North,Electronics,LED Monitor,2,299.99,0.0,599.98,False
ORD-13869,2024-01-10,CUST-2063,North,Electronics,Mechanical Keyboard,3,129.99,0.0,389.97,False
ORD-10523,2024-11-05,CUST-1749,East,Clothing,Yoga Pants,1,44.99,0.15,38.24,False
ORD-10992,2024-04-26,CUST-2582,West,Electronics,Wireless Headphones,2,89.99,0.0,179.98,False
ORD-11830,2024-12-16,CUST-4956,North,Electronics,Wireless Headphones,2,89.99,0.05,170.98,False
ORD-13280,2024-06-11,CUST-2406,South,Home & Garden,Coffee Maker,1,69.99,0.0,69.99,True
ORD-10730,2024-03-23,CUST-1071,East,Electronics,Wireless Headphones,3,89.99,0.0,269.97,False
ORD-13480,2024-03-24,CUST-2849,North,Clothing,Rain Coat,1,119.99,0.1,107.99,False
ORD-12254,2024-12-12,CUST-3832,North,Home & Garden,Scented Candles,5,19.99,0.0,99.95,False
ORD-12226,2024-04-14,CUST-3037,South,Electronics,Mechanical Keyboard,2,129.99,0.0,259.98,False
ORD-11939,2024-01-26,CUST-2710,North,Clothing,Running Shoes,1,109.99,0.1,98.99,False
ORD-11396,2024-06-25,CUST-3721,South,Home & Garden,Wall Clock,1,39.99,0.1,35.99,True
ORD-10751,2024-12-15,CUST-4010,West,Clothing,Wool Sweater,1,79.99,0.1,71.99,False
ORD-14080,2024-10-22,CUST-3326,East,Electronics,Mechanical Keyboard,1,129.99,0.15,110.49,False
ORD-10488,2024-12-07,CUST-1930,East,Clothing,Rain Coat,2,119.99,0.05,227.98,False
ORD-12173,2024-11-07,CUST-4946,East,Electronics,Bluetooth Speaker,2,59.99,0.0,119.98,False
ORD-11016,2024-03-27,CUST-1641,East,Electronics,Webcam HD,3,79.99,0.0,239.97,False
ORD-12106,2024-11-15,CUST-3809,East,Home & Garden,Coffee Maker,4,69.99,0.0,279.96,False
ORD-14717,2024-12-06,CUST-2212,East,Home & Garden,Plant Pot Set,3,34.99,0.05,99.72,False
ORD-12003,2024-04-22,CUST-1313,West,Clothing,Winter Jacket,2,149.99,0.0,299.98,False
ORD-12512,2024-06-20,CUST-3739,West,Electronics,Mechanical Keyboard,1,129.99,0.05,123.49,False
ORD-14373,2024-05-03,CUST-2053,East,Home & Garden,Throw Blanket,4,49.99,0.1,179.96,False
ORD-13873,2024-11-09,CUST-4305,East,Home & Garden,Throw Blanket,2,49.99,0.0,99.98,False
ORD-11724,2024-10-11,CUST-2945,South,Electronics,Laptop Stand,1,49.99,0.0,49.99,False
ORD-10010,2024-01-05,CUST-2369,North,Home & Garden,Scented Candles,1,19.99,0.05,18.99,True
ORD-12097,2024-09-18,CUST-1375,South,Clothing,Yoga Pants,5,44.99,,224.95,False
ORD-10978,2024-06-21,CUST-1358,North,Clothing,Wool Sweater,4,79.99,0.05,303.96,False
ORD-10774,2024-11-14,CUST-1608,East,Clothing,Wool Sweater,3,79.99,0.0,239.97,False
ORD-10759,2024-11-28,CUST-3325,South,Clothing,Rain Coat,4,119.99,0.2,383.97,False
ORD-11611,2024-09-25,CUST-1767,East,Electronics,USB-C Hub,1,39.99,0.0,39.99,False
ORD-13099,2024-06-23,CUST-2193,North,Home & Garden,Storage Organizer,1,29.99,0.0,29.99,False
ORD-12798,2024-12-18,CUST-2628,East,Electronics,Wireless Headphones,2,89.99,0.15,152.98,False
ORD-12075,2024-12-14,CUST-1195,South,Home & Garden,Scented Candles,2,19.99,0.05,37.98,False
ORD-10110,2024-04-24,CUST-4310,South,Electronics,Mechanical Keyboard,1,129.99,0.0,129.99,False
ORD-14087,2024-08-27,CUST-4646,North,Home & Garden,LED Desk Lamp,1,44.99,0.0,44.99,False
ORD-14264,2024-09-03,CUST-2925,North,Clothing,Cotton T-Shirt,2,24.99,0.05,47.48,False
ORD-10490,2024-06-12,CUST-1745,East,Electronics,Webcam HD,3,79.99,0.05,227.97,False
ORD-11190,2024-01-01,CUST-1850,South,Electronics,Bluetooth Speaker,2,59.99,0.05,113.98,False
ORD-13579,2024-06-04,CUST-3356,North,Electronics,Mechanical Keyboard,1,129.99,0.0,129.99,False
ORD-13271,2024-01-17,CUST-4217,South,Electronics,Webcam HD,1,79.99,0.1,71.99,True
ORD-11479,2024-06-02,CUST-1243,East,Electronics,Bluetooth Speaker,1,59.99,0.1,53.99,False
ORD-12529,2024-12-24,CUST-4437,East,Home & Garden,Air Purifier,2,159.99,0.0,319.98,True
ORD-13112,2024-10-28,CUST-2951,South,Electronics,Bluetooth Speaker,1,59.99,0.0,59.99,False
ORD-11906,2024-12-03,CUST-1770,West,Clothing,Rain Coat,1,119.99,0.0,119.99,False
ORD-14932,2024-12-03,CUST-3017,North,Electronics,LED Monitor,1,299.99,0.0,299.99,False
ORD-11298,2024-09-09,CUST-2140,South,Electronics,LED Monitor,2,299.99,0.05,569.98,False
ORD-12072,2024-03-02,CUST-2628,East,Clothing,Yoga Pants,1,44.99,0.1,40.49,False
ORD-14633,2024-12-22,CUST-2208,East,Home & Garden,Coffee Maker,1,69.99,0.0,69.99,False
ORD-10071,2024-03-19,CUST-4988,North,Clothing,Rain Coat,2,119.99,0.2,191.98,False
ORD-14620,2024-11-24,CUST-1595,East,Electronics,Mechanical Keyboard,1,129.99,0.1,116.99,False
ORD-13589,2024-03-05,CUST-1377,South,Clothing,Denim Jeans,3,59.99,0.0,179.97,False
ORD-11852,2024-12-01,CUST-2298,East,Clothing,Rain Coat,3,119.99,0.1,323.97,False
ORD-11942,2024-11-26,CUST-4241,North,Clothing,Rain Coat,1,119.99,0.15,101.99,False
ORD-11254,2024-10-16,CUST-1024,South,Electronics,Mechanical Keyboard,3,129.99,0.0,389.97,False
ORD-12388,2024-10-27,CUST-3619,North,Electronics,Webcam HD,3,79.99,0.0,239.97,False
ORD-10184,2024-04-14,CUST-2909,North,Clothing,Yoga Pants,2,44.99,0.15,76.48,True
ORD-10824,2024-07-25,CUST-3404,South,Clothing,Wool Sweater,2,79.99,0.15,135.98,False
ORD-10386,2024-04-10,CUST-2480,East,Clothing,Yoga Pants,1,44.99,0.0,44.99,False
ORD-11719,2024-03-22,CUST-4919,South,Electronics,Bluetooth Speaker,1,59.99,0.1,53.99,False
ORD-13331,2024-10-13,CUST-3147,East,Clothing,Wool Sweater,2,79.99,0.1,143.98,False
ORD-13693,2024-03-08,CUST-3087,South,Clothing,Rain Coat,1,119.99,0.0,119.99,False
ORD-13534,2024-03-05,CUST-2187,South,Electronics,Smart Watch,3,199.99,0.0,599.97,False
ORD-10468,2024-03-28,CUST-2078,South,Clothing,Denim Jeans,1,59.99,0.1,53.99,False
ORD-11418,2024-06-03,CUST-4345,South,Electronics,Webcam HD,2,79.99,0.05,151.98,False
ORD-12990,2024-03-14,CUST-3021,South,Home & Garden,Air Purifier,2,159.99,0.05,303.98,False
ORD-10536,2024-11-24,CUST-1743,South,Electronics,Wireless Headphones,1,89.99,0.0,89.99,False
ORD-12743,2024-02-09,CUST-3209,West,Electronics,Mechanical Keyboard,1,129.99,0.0,129.99,True
ORD-10341,2024-06-09,CUST-4756,South,Electronics,Bluetooth Speaker,3,59.99,0.15,152.97,False
ORD-14552,2024-03-18,CUST-4151,North,Home & Garden,Plant Pot Set,1,34.99,0.0,34.99,False
ORD-13812,2024-03-12,CUST-3082,East,Clothing,Cotton T-Shirt,1,24.99,0.1,22.49,False
ORD-11995,2024-09-11,CUST-4764,West,Clothing,Cotton T-Shirt,1,24.99,0.05,23.74,False
ORD-11619,2024-10-03,CUST-2020,South,Home & Garden,Plant Pot Set,1,34.99,0.05,33.24,False
ORD-14464,2024-10-19,CUST-4692,North,Clothing,Casual Sneakers,3,89.99,0.15,229.47,False
ORD-13773,2024-10-13,CUST-1118,North,Clothing,Running Shoes,1,109.99,0.1,98.99,False
ORD-14281,2024-10-19,CUST-4718,North,Clothing,Running Shoes,1,109.99,0.15,93.49,False
ORD-14562,2024-12-26,CUST-3030,West,Electronics,Smart Watch,1,199.99,0.05,189.99,False
ORD-11927,2024-06-06,CUST-3074,South,Clothing,Yoga Pants,2,44.99,0.25,67.48,False
ORD-13526,2024-12-05,CUST-3547,South,Clothing,Rain Coat,2,119.99,0.15,203.98,True
ORD-10719,2024-10-25,CUST-2396,South,Electronics,LED Monitor,1,299.99,0.05,284.99,False
ORD-11083,2024-12-26,CUST-3301,East,Clothing,Rain Coat,1,119.99,0.2,95.99,False
ORD-14428,2024-03-26,CUST-1514,South,Electronics,Laptop Stand,2,49.99,0.0,99.98,False
ORD-12759,2024-01-05,CUST-4503,South,Clothing,Running Shoes,1,109.99,0.2,87.99,False
ORD-10749,2024-09-02,CUST-4892,South,Electronics,Webcam HD,2,79.99,0.0,159.98,False
ORD-13997,2024-05-10,CUST-2756,South,Electronics,Webcam HD,2,79.99,0.05,151.98,False
ORD-13295,2024-01-02,CUST-2871,South,Home & Garden,Scented Candles,3,19.99,0.05,56.97,False
ORD-13288,2024-12-10,CUST-2000,West,Electronics,Laptop Stand,1,49.99,0.0,49.99,False
ORD-11558,2024-11-07,CUST-1988,South,Clothing,Casual Sneakers,3,89.99,0.2,215.98,False
ORD-11081,2024-02-06,CUST-1416,North,Electronics,Webcam HD,2,79.99,0.0,159.98,True
ORD-10920,2024-12-22,CUST-1628,North,Home & Garden,Coffee Maker,1,69.99,0.0,69.99,False
ORD-12629,2024-05-17,CUST-1684,North,Clothing,Running Shoes,2,109.99,0.15,186.98,False
ORD-11853,2024-11-25,CUST-1594,South,Home & Garden,Storage Organizer,2,29.99,0.0,59.98,False
ORD-13014,2024-09-09,CUST-2706,West,Electronics,Mechanical Keyboard,2,129.99,,246.98,True
ORD-14754,2024-12-19,CUST-2069,South,Clothing,Denim Jeans,4,59.99,0.05,227.96,False
ORD-10848,2024-07-27,CUST-3967,East,Electronics,Laptop Stand,1,49.99,0.0,49.99,False
ORD-11603,2024-05-10,CUST-4880,West,Clothing,Denim Jeans,2,59.99,0.05,113.98,False
ORD-14879,2024-11-10,CUST-1624,North,Clothing,Wool Sweater,3,79.99,0.15,203.97,False
ORD-14806,2024-01-19,CUST-4751,North,Home & Garden,LED Desk Lamp,1,44.99,0.0,44.99,False
ORD-14777,2024-04-01,CUST-3411,East,Clothing,Cotton T-Shirt,1,24.99,0.2,19.99,False
ORD-13077,2024-02-28,CUST-3317,East,Electronics,USB-C Hub,1,39.99,0.0,39.99,False
ORD-14403,2024-05-04,CUST-4651,East,Clothing,Denim Jeans,2,59.99,0.15,101.98,False
ORD-12872,2024-12-04,CUST-2077,West,Electronics,LED Monitor,1,299.99,0.0,299.99,True
ORD-14483,2024-08-04,CUST-3201,South,Electronics,USB-C Hub,2,39.99,0.0,79.98,False
ORD-14834,2024-07-06,CUST-1281,West,Home & Garden,Air Purifier,2,159.99,0.0,319.98,False
ORD-14505,2024-04-08,CUST-4798,East,Electronics,Wireless Headphones,3,89.99,0.0,269.97,False
ORD-11294,2024-11-21,CUST-2623,South,Clothing,Winter Jacket,5,149.99,0.05,712.45,False
ORD-12189,2024-09-23,CUST-2553,West,Clothing,Running Shoes,3,109.99,0.15,280.47,False
ORD-11531,2024-08-07,CUST-2971,East,Electronics,USB-C Hub,4,39.99,0.05,151.96,False
ORD-12502,2024-08-16,CUST-3215,West,Home & Garden,Throw Blanket,2,49.99,0.05,94.98,False
ORD-11387,2024-02-10,CUST-1209,South,Clothing,Cotton T-Shirt,1,24.99,0.1,22.49,False
ORD-14546,2024-01-06,CUST-4674,North,Clothing,Casual Sneakers,2,89.99,0.05,170.98,False
ORD-11251,2024-06-26,CUST-1752,South,Electronics,Bluetooth Speaker,2,59.99,0.15,101.98,False
ORD-11892,2024-11-21,CUST-2502,East,Clothing,Winter Jacket,2,149.99,0.25,224.98,False
ORD-10568,2024-12-25,CUST-3846,North,Home & Garden,Wall Clock,1,39.99,0.0,39.99,False
ORD-13168,2024-11-05,CUST-3682,West,Home & Garden,Air Purifier,4,159.99,0.0,639.96,False
ORD-10436,2024-01-25,CUST-2702,North,Clothing,Running Shoes,3,109.99,0.1,296.97,False
ORD-11559,2024-12-01,CUST-4316,North,Clothing,Denim Jeans,2,59.99,0.2,95.98,False
ORD-13041,2024-12-19,CUST-2794,West,Home & Garden,Plant Pot Set,2,34.99,0.1,62.98,False
ORD-10655,2024-02-03,CUST-4329,North,Clothing,Denim Jeans,4,59.99,0.0,239.96,False
ORD-12471,2024-12-16,CUST-2841,West,Electronics,Mechanical Keyboard,2,129.99,0.0,259.98,False
ORD-10780,2024-10-03,CUST-4428,North,Electronics,Wireless Headphones,1,89.99,0.0,89.99,False
ORD-12811,2024-09-24,CUST-2299,West,Clothing,Wool Sweater,3,79.99,0.05,227.97,False
ORD-13845,2024-09-08,CUST-1275,South,Clothing,Running Shoes,2,109.99,0.2,175.98,False
ORD-11197,2024-12-14,CUST-3659,West,Home & Garden,Air Purifier,2,159.99,0.05,303.98,False
ORD-14178,2024-05-13,CUST-4113,South,Electronics,Smart Watch,4,199.99,0.1,719.96,False
ORD-13217,2024-01-02,CUST-3967,South,Electronics,Smart Watch,2,199.99,0.05,379.98,False
ORD-11987,2024-06-19,CUST-2412,,Electronics,Wireless Headphones,4,89.99,0.0,359.96,False
ORD-10845,2024-06-20,CUST-4801,West,Home & Garden,Plant Pot Set,3,34.99,0.05,99.72,False
ORD-10602,2024-03-17,CUST-3566,South,Electronics,LED Monitor,2,299.99,0.0,599.98,False
ORD-14624,2024-12-05,CUST-1363,South,Electronics,LED Monitor,1,299.99,0.0,299.99,False
ORD-14260,2024-02-04,CUST-1733,East,Clothing,Cotton T-Shirt,1,24.99,0.1,22.49,False
ORD-10108,2024-03-07,CUST-3156,North,Home & Garden,Plant Pot Set,1,34.99,0.05,33.24,False
ORD-14616,2024-11-27,CUST-2739,North,Electronics,Smart Watch,1,199.99,0.1,179.99,False
ORD-12919,2024-04-18,CUST-4240,South,Clothing,Yoga Pants,2,44.99,0.05,85.48,False
ORD-14239,2024-05-21,CUST-2998,North,Electronics,USB-C Hub,1,39.99,0.0,39.99,False
ORD-11302,2024-01-21,CUST-1586,South,Electronics,USB-C Hub,1,39.99,0.1,35.99,False
ORD-10828,2024-10-14,CUST-2695,North,Electronics,Bluetooth Speaker,1,59.99,0.05,56.99,False
ORD-10151,2024-03-10,CUST-3317,North,Home & Garden,Air Purifier,1,159.99,0.1,143.99,True
ORD-14192,2024-06-11,CUST-2147,South,Clothing,Cotton T-Shirt,2,24.99,0.1,44.98,False
ORD-13205,2024-11-01,CUST-4660,East,Clothing,Winter Jacket,2,149.99,0.1,269.98,False
ORD-12557,2024-04-08,CUST-4721,East,Electronics,Bluetooth Speaker,3,59.99,0.05,170.97,False
ORD-14355,2024-08-13,CUST-3700,West,Clothing,Denim Jeans,2,59.99,0.1,107.98,False
ORD-12084,2024-07-23,CUST-2085,North,Home & Garden,Wall Clock,4,39.99,0.0,159.96,False
ORD-12073,2024-12-06,CUST-4734,South,Clothing,Yoga Pants,1,44.99,0.1,40.49,False
ORD-14678,2024-10-16,CUST-2918,North,Clothing,Casual Sneakers,1,89.99,0.0,89.99,False
ORD-10397,2024-06-16,CUST-2657,West,Clothing,Casual Sneakers,1,89.99,,67.49,False
ORD-10166,2024-05-08,CUST-3009,East,Clothing,Rain Coat,4,119.99,0.1,431.96,False
ORD-12474,2024-07-28,CUST-3818,North,Clothing,Cotton T-Shirt,4,24.99,0.2,79.97,False
ORD-11225,2024-09-11,CUST-1719,East,Clothing,Denim Jeans,2,59.99,0.2,95.98,False
ORD-11796,2024-10-01,CUST-4308,South,Clothing,Running Shoes,2,109.99,0.15,186.98,True
ORD-11642,2024-07-28,CUST-2192,North,Electronics,USB-C Hub,1,39.99,0.05,37.99,False
ORD-10142,2024-06-01,CUST-1256,South,Electronics,Wireless Headphones,2,89.99,0.0,179.98,False
ORD-11240,2024-12-09,CUST-2344,North,Clothing,Denim Jeans,1,59.99,0.0,59.99,False
ORD-11986,2024-10-23,CUST-4669,North,Home & Garden,Coffee Maker,1,69.99,0.0,69.99,False
ORD-12577,2024-08-20,CUST-1419,North,Home & Garden,Throw Blanket,2,49.99,0.1,89.98,False
ORD-12223,2024-04-21,CUST-4962,West,Home & Garden,Storage Organizer,1,29.99,0.05,28.49,True
ORD-10237,2024-01-11,CUST-4690,North,Clothing,Winter Jacket,3,149.99,0.0,449.97,False
ORD-10989,2024-11-19,CUST-1400,East,Electronics,Webcam HD,1,79.99,0.0,79.99,False
ORD-14190,2024-10-18,CUST-4761,South,Clothing,Cotton T-Shirt,3,24.99,0.1,67.47,False
ORD-11758,2024-02-18,CUST-2258,East,Clothing,Casual Sneakers,1,89.99,0.1,80.99,False
ORD-11021,2024-04-07,CUST-2302,East,Clothing,Casual Sneakers,1,89.99,0.1,80.99,False
ORD-14901,2024-06-01,CUST-1121,North,Clothing,Yoga Pants,1,44.99,,38.24,False
ORD-10866,2024-03-25,CUST-4473,East,Home & Garden,Scented Candles,5,19.99,0.0,99.95,False
ORD-14442,2024-03-13,CUST-3873,South,Home & Garden,Throw Blanket,2,49.99,0.0,99.98,True
ORD-12310,2024-07-05,CUST-4079,East,Clothing,Rain Coat,2,119.99,0.15,203.98,False
ORD-14379,2024-07-23,CUST-1619,East,Clothing,Running Shoes,2,109.99,0.25,164.98,False
ORD-12434,2024-12-21,CUST-4044,North,Home & Garden,Scented Candles,1,19.99,0.05,18.99,False
ORD-11697,2024-02-21,CUST-4808,South,Clothing,Running Shoes,3,109.99,0.15,280.47,False
ORD-13076,2024-12-09,CUST-1194,South,Home & Garden,Plant Pot Set,2,34.99,0.0,69.98,False
ORD-12217,2024-04-08,CUST-1959,South,Electronics,Webcam HD,1,79.99,0.0,79.99,True
ORD-13019,2024-11-28,CUST-4268,North,Electronics,Laptop Stand,1,49.99,0.0,49.99,False
ORD-13556,2024-04-20,CUST-1487,East,Electronics,LED Monitor,2,299.99,0.1,539.98,False
ORD-14183,2024-04-13,CUST-2282,West,Clothing,Denim Jeans,1,59.99,0.1,53.99,False
ORD-11582,2024-08-06,CUST-3609,South,Home & Garden,Throw Blanket,2,49.99,0.0,99.98,False
ORD-10803,2024-08-09,CUST-4659,South,Clothing,Denim Jeans,1,59.99,0.0,59.99,False
ORD-11226,2024-05-01,CUST-4128,East,Electronics,Webcam HD,1,79.99,0.0,79.99,False
ORD-11203,2024-05-13,CUST-1982,East,Electronics,LED Monitor,1,299.99,0.05,284.99,False
ORD-14943,2024-05-05,CUST-2604,South,Home & Garden,Air Purifier,1,159.99,,143.99,False
ORD-14282,2024-03-25,CUST-2745,North,Electronics,Bluetooth Speaker,1,59.99,0.05,56.99,False
ORD-12680,2024-04-11,CUST-1271,East,Clothing,Denim Jeans,1,59.99,0.15,50.99,False
ORD-14521,2024-08-28,CUST-1000,South,Electronics,Laptop Stand,1,49.99,0.0,49.99,False
ORD-14697,2024-07-01,CUST-4930,East,Home & Garden,Scented Candles,1,19.99,0.0,19.99,True
ORD-10401,2024-12-03,CUST-3873,North,Electronics,Mechanical Keyboard,1,129.99,0.15,110.49,False
ORD-12735,2024-11-01,CUST-3059,North,Electronics,Wireless Headphones,1,89.99,0.0,89.99,False
ORD-13843,2024-05-06,CUST-3535,North,Home & Garden,Scented Candles,4,19.99,0.0,79.96,True
ORD-11267,2024-06-28,CUST-3538,West,Home & Garden,Scented Candles,1,19.99,0.05,18.99,False
ORD-10805,2024-10-13,CUST-4938,South,Clothing,Winter Jacket,2,149.99,0.15,254.98,False
ORD-11443,2024-06-12,CUST-3024,West,Home & Garden,Scented Candles,4,19.99,0.0,79.96,True
ORD-10959,2024-10-09,CUST-1552,North,Home & Garden,Throw Blanket,2,49.99,0.0,99.98,False
ORD-14549,2024-11-05,CUST-4823,East,Clothing,Casual Sneakers,3,89.99,0.1,242.97,False
ORD-10185,2024-09-24,CUST-2557,North,Clothing,Cotton T-Shirt,1,24.99,0.15,21.24,False
ORD-13714,2024-12-18,CUST-3031,North,Home & Garden,LED Desk Lamp,2,44.99,0.0,89.98,False
ORD-12085,2024-06-17,CUST-4266,South,Home & Garden,Coffee Maker,2,69.99,0.05,132.98,False
ORD-10096,2024-07-04,CUST-4436,East,Electronics,Smart Watch,1,199.99,0.05,189.99,False
ORD-12733,2024-12-11,CUST-1146,South,Electronics,Mechanical Keyboard,2,129.99,0.0,259.98,True
ORD-14728,2024-10-01,CUST-2563,North,Home & Garden,Wall Clock,2,39.99,0.0,79.98,False
ORD-12119,2024-12-28,CUST-1624,North,Home & Garden,Scented Candles,2,19.99,0.05,37.98,True
ORD-13650,2024-11-14,CUST-4059,West,Clothing,Yoga Pants,2,44.99,0.0,89.98,False
ORD-13004,2024-08-07,CUST-3139,East,Electronics,Webcam HD,3,79.99,0.0,239.97,False
ORD-10669,2024-04-19,CUST-1173,South,Clothing,Wool Sweater,1,79.99,0.15,67.99,True
ORD-11752,2024-01-20,CUST-4116,North,Electronics,Bluetooth Speaker,2,59.99,0.1,107.98,True
ORD-14951,2024-01-18,CUST-1830,East,Electronics,USB-C Hub,3,39.99,0.0,119.97,False
ORD-13451,2024-10-17,CUST-1021,South,Clothing,Rain Coat,1,119.99,0.15,101.99,False
ORD-12797,2024-09-10,CUST-2485,West,Electronics,Webcam HD,5,79.99,0.0,399.95,False
ORD-11659,2024-06-14,CUST-4752,,Home & Garden,Coffee Maker,5,69.99,0.0,349.95,True
ORD-13361,2024-04-04,CUST-3983,East,Clothing,Cotton T-Shirt,2,24.99,0.15,42.48,False
ORD-12865,2024-08-06,CUST-3326,South,Electronics,Laptop Stand,2,49.99,0.0,99.98,False
ORD-14111,2024-07-20,CUST-4165,South,Home & Garden,Throw Blanket,1,49.99,0.0,49.99,False
ORD-13247,2024-06-21,CUST-2965,East,Clothing,Wool Sweater,1,79.99,0.2,63.99,False
ORD-11377,2024-07-25,CUST-4106,South,Electronics,Smart Watch,2,199.99,0.05,379.98,False
ORD-13045,2024-10-22,CUST-4145,North,Clothing,Denim Jeans,1,59.99,0.1,53.99,False
ORD-12741,2024-03-03,CUST-3908,South,Clothing,Wool Sweater,2,79.99,0.2,127.98,False
ORD-13221,2024-03-06,CUST-3572,South,Home & Garden,Air Purifier,5,159.99,0.05,759.95,False
ORD-12633,2024-03-10,CUST-1948,North,Clothing,Rain Coat,1,119.99,0.0,119.99,False
ORD-13487,2024-01-08,CUST-4190,West,Clothing,Running Shoes,3,109.99,0.1,296.97,False
ORD-14588,2024-10-27,CUST-3349,North,Home & Garden,Throw Blanket,1,49.99,0.0,49.99,False
ORD-14997,2024-05-04,CUST-1385,North,Clothing,Yoga Pants,1,44.99,0.1,40.49,True
ORD-12675,2024-04-13,CUST-3965,East,Home & Garden,Coffee Maker,2,69.99,0.0,139.98,False
ORD-14625,2024-10-14,CUST-2569,North,Clothing,Wool Sweater,1,79.99,0.0,79.99,False
ORD-10943,2024-11-15,CUST-3435,South,Home & Garden,Storage Organizer,3,29.99,0.0,89.97,True
ORD-13956,2024-12-25,CUST-2223,North,Home & Garden,Storage Organizer,2,29.99,0.05,56.98,False
ORD-13594,2024-06-25,CUST-2816,West,Home & Garden,Throw Blanket,3,49.99,0.0,149.97,False
ORD-10241,2024-12-13,CUST-3878,East,Electronics,LED Monitor,2,299.99,0.05,569.98,False
ORD-11789,2024-07-28,CUST-2427,South,Clothing,Casual Sneakers,2,89.99,0.1,161.98,False
ORD-11926,2024-08-20,CUST-4659,West,Electronics,Bluetooth Speaker,5,59.99,0.0,299.95,False
ORD-10526,2024-06-20,CUST-4957,North,Home & Garden,Air Purifier,1,159.99,0.0,159.99,False
ORD-14861,2024-11-15,CUST-1440,East,Home & Garden,Air Purifier,1,159.99,0.0,159.99,True
ORD-12508,2024-11-06,CUST-1522,East,Electronics,USB-C Hub,2,39.99,0.0,79.98,False
ORD-13462,2024-09-01,CUST-1904,West,Electronics,Mechanical Keyboard,3,129.99,0.1,350.97,False
ORD-12252,2024-09-10,CUST-2464,South,Clothing,Denim Jeans,3,59.99,0.15,152.97,False
ORD-14066,2024-02-01,CUST-3823,West,Electronics,Smart Watch,2,199.99,0.1,359.98,False
ORD-12136,2024-01-24,CUST-3427,South,Home & Garden,Plant Pot Set,2,34.99,0.05,66.48,False
ORD-14243,2024-06-18,CUST-2572,East,Home & Garden,Throw Blanket,1,49.99,0.1,44.99,False
ORD-10429,2024-02-02,CUST-4268,South,Home & Garden,Throw Blanket,3,49.99,0.05,142.47,False
ORD-14906,2024-12-20,CUST-1946,West,Clothing,Yoga Pants,3,44.99,0.1,121.47,False
ORD-12066,2024-03-01,CUST-1834,North,Clothing,Winter Jacket,2,149.99,0.1,269.98,False
ORD-12325,2024-12-01,CUST-1445,East,Electronics,Mechanical Keyboard,1,129.99,0.0,129.99,False
ORD-14587,2024-02-22,CUST-1791,North,Clothing,Yoga Pants,1,44.99,0.0,44.99,False
ORD-14919,2024-05-05,CUST-2405,East,Clothing,Winter Jacket,1,149.99,0.05,142.49,False
ORD-11478,2024-11-04,CUST-2541,East,Electronics,USB-C Hub,1,39.99,0.0,39.99,False
ORD-10338,2024-06-01,CUST-4765,South,Home & Garden,Plant Pot Set,2,34.99,0.0,69.98,False
ORD-12074,2024-12-22,CUST-2593,North,Electronics,Wireless Headphones,1,89.99,0.0,89.99,False
ORD-12011,2024-01-28,CUST-4626,West,Electronics,Bluetooth Speaker,4,59.99,0.0,239.96,True
ORD-10253,2024-04-23,CUST-3550,East,Clothing,Denim Jeans,1,59.99,0.15,50.99,False
ORD-10320,2024-07-24,CUST-1805,East,Clothing,Yoga Pants,1,44.99,0.0,44.99,False
ORD-12048,2024-07-20,CUST-3702,North,Clothing,Casual Sneakers,2,89.99,0.1,161.98,False
ORD-10946,2024-02-16,CUST-2862,South,Clothing,Running Shoes,1,109.99,0.0,109.99,False
ORD-12495,2024-06-12,CUST-2461,South,Clothing,Cotton T-Shirt,3,24.99,0.0,74.97,False
ORD-11084,2024-12-27,CUST-1944,East,Electronics,Laptop Stand,1,49.99,0.05,47.49,False
ORD-11191,2024-08-21,CUST-4452,West,Clothing,Casual Sneakers,3,89.99,0.2,215.98,False
ORD-10620,2024-03-17,CUST-3369,South,Clothing,Wool Sweater,2,79.99,0.2,127.98,False
ORD-12098,2024-11-24,CUST-3423,South,Electronics,USB-C Hub,2,39.99,0.0,79.98,False
ORD-10750,2024-02-10,CUST-2136,East,Electronics,Smart Watch,1,199.99,0.1,179.99,False
ORD-12903,2024-06-03,CUST-3385,North,Home & Garden,Air Purifier,1,159.99,0.0,159.99,False
ORD-13834,2024-06-04,CUST-3057,South,Electronics,Webcam HD,5,79.99,0.0,399.95,False
ORD-11864,2024-12-21,CUST-3853,South,Electronics,LED Monitor,4,299.99,0.1,1079.96,False
ORD-11958,2024-09-22,CUST-2564,South,Home & Garden,LED Desk Lamp,2,44.99,0.05,85.48,False
ORD-12955,2024-10-05,CUST-1777,South,Electronics,LED Monitor,5,299.99,0.0,1499.95,False
ORD-13806,2024-06-14,CUST-4537,West,Electronics,Laptop Stand,1,49.99,0.15,42.49,False
ORD-11777,2024-06-19,CUST-4068,North,Clothing,Winter Jacket,2,149.99,0.25,224.98,False
ORD-10577,2024-12-09,CUST-2457,South,Electronics,Bluetooth Speaker,1,59.99,0.05,56.99,False
ORD-11667,2024-12-11,CUST-3725,South,Home & Garden,Plant Pot Set,4,34.99,0.0,139.96,False
ORD-11395,2024-11-16,CUST-2355,South,Electronics,Webcam HD,1,79.99,0.0,79.99,False
ORD-12183,2024-04-19,CUST-2581,East,Clothing,Running Shoes,2,109.99,0.2,175.98,False
ORD-11805,2024-11-12,CUST-3050,West,Clothing,Cotton T-Shirt,2,24.99,0.1,44.98,False
ORD-14342,2024-11-05,CUST-3378,East,Clothing,Yoga Pants,1,44.99,0.15,38.24,False
ORD-10270,2024-11-10,CUST-4962,East,Electronics,Bluetooth Speaker,3,59.99,0.05,170.97,False
ORD-10170,2024-10-01,CUST-4952,West,Home & Garden,Coffee Maker,3,69.99,0.0,209.97,False
ORD-12041,2024-07-11,CUST-2234,East,Electronics,LED Monitor,2,299.99,0.1,539.98,False
ORD-13343,2024-03-02,CUST-1405,North,Home & Garden,Plant Pot Set,2,34.99,0.0,69.98,False
ORD-13932,2024-09-22,CUST-1672,East,Clothing,Yoga Pants,1,44.99,0.0,44.99,False
ORD-11815,2024-12-12,CUST-1078,North,Electronics,Wireless Headphones,1,89.99,0.1,80.99,False
ORD-13550,2024-11-16,CUST-1927,South,Home & Garden,Throw Blanket,4,49.99,0.0,199.96,False
ORD-12587,2024-10-18,CUST-3922,South,Clothing,Casual Sneakers,1,89.99,0.15,76.49,False
ORD-11496,2024-08-28,CUST-3884,West,Clothing,Wool Sweater,2,79.99,0.2,127.98,False
ORD-12799,2024-03-22,CUST-4884,West,Electronics,Laptop Stand,3,49.99,0.0,149.97,False
ORD-11275,2024-02-25,CUST-1647,South,Clothing,Rain Coat,3,119.99,0.2,287.98,False
ORD-14203,2024-12-28,CUST-3989,East,Clothing,Running Shoes,2,109.99,0.1,197.98,False
ORD-11786,2024-09-15,CUST-3683,North,Clothing,Wool Sweater,1,79.99,0.15,67.99,True
ORD-13166,2024-12-13,CUST-1417,West,Home & Garden,Plant Pot Set,1,34.99,0.0,34.99,False
ORD-13707,2024-04-10,CUST-1857,North,Home & Garden,LED Desk Lamp,2,44.99,0.0,89.98,False
ORD-13207,2024-10-04,CUST-4396,North,Clothing,Casual Sneakers,1,89.99,0.15,76.49,False
ORD-13840,2024-07-25,CUST-1276,East,Electronics,Laptop Stand,2,49.99,0.0,99.98,False
ORD-12170,2024-10-12,CUST-4964,North,Home & Garden,Scented Candles,1,19.99,0.1,17.99,True
ORD-12301,2024-08-08,CUST-1533,South,Home & Garden,Air Purifier,2,159.99,0.0,319.98,False
ORD-13071,2024-08-02,CUST-4300,South,Electronics,Smart Watch,1,199.99,0.0,199.99,False
ORD-12968,2024-12-16,CUST-2280,South,Electronics,LED Monitor,1,299.99,0.05,284.99,False
ORD-10295,2024-07-08,CUST-1645,South,Home & Garden,Throw Blanket,1,49.99,0.1,44.99,False
ORD-11070,2024-04-20,CUST-3165,North,Electronics,Laptop Stand,1,49.99,0.0,49.99,False
ORD-10053,2024-12-17,CUST-1206,North,Home & Garden,LED Desk Lamp,1,44.99,0.05,42.74,False
ORD-14051,2024-10-12,CUST-4718,East,Clothing,Cotton T-Shirt,1,24.99,0.25,18.74,False
ORD-14487,2024-05-13,CUST-4990,East,Electronics,Mechanical Keyboard,2,129.99,0.1,233.98,False
ORD-12989,2024-12-10,CUST-4543,West,Clothing,Rain Coat,1,119.99,0.0,119.99,False
ORD-13975,2024-12-11,CUST-3266,South,Clothing,Casual Sneakers,2,89.99,0.05,170.98,False
ORD-12006,2024-06-23,CUST-4214,East,Clothing,Running Shoes,1,109.99,0.0,109.99,False
ORD-10301,2024-07-08,CUST-1797,North,Electronics,LED Monitor,1,299.99,0.0,299.99,False
ORD-10365,2024-05-12,CUST-2224,East,Electronics,Bluetooth Speaker,1,59.99,0.0,59.99,False
ORD-10102,2024-04-18,CUST-2956,North,Electronics,Mechanical Keyboard,2,129.99,0.05,246.98,False
ORD-14468,2024-12-09,CUST-2868,West,Clothing,Rain Coat,1,119.99,0.05,113.99,False
ORD-12449,2024-05-07,CUST-3688,West,Home & Garden,Wall Clock,1,39.99,0.0,39.99,False
ORD-13145,2024-05-07,CUST-4694,West,Clothing,Cotton T-Shirt,2,24.99,0.05,47.48,False
ORD-12714,2024-01-02,CUST-4724,East,Electronics,LED Monitor,1,299.99,0.0,299.99,False
ORD-12558,2024-01-01,CUST-2515,North,Electronics,Laptop Stand,1,49.99,0.15,42.49,False
ORD-12926,2024-11-02,CUST-2309,East,Clothing,Winter Jacket,2,149.99,0.1,269.98,False
ORD-11487,2024-10-08,CUST-1122,South,Clothing,Casual Sneakers,1,89.99,0.15,76.49,False
ORD-12969,2024-06-06,CUST-1217,South,Electronics,Mechanical Keyboard,2,129.99,0.05,246.98,False
ORD-10374,2024-01-03,CUST-4554,East,Electronics,Webcam HD,3,79.99,0.0,239.97,False
ORD-11213,2024-11-16,CUST-1424,South,Home & Garden,Storage Organizer,1,29.99,0.0,70.25,False
ORD-10544,2024-08-06,CUST-4031,East,Electronics,Smart Watch,1,199.99,0.15,169.99,False
ORD-11351,2024-08-10,CUST-2244,East,Home & Garden,Storage Organizer,4,29.99,0.05,113.96,False
ORD-10291,2024-01-13,CUST-3080,East,Clothing,Wool Sweater,1,79.99,0.1,71.99,False
ORD-13293,2024-07-13,CUST-1016,North,Clothing,Winter Jacket,5,149.99,0.15,637.46,False
ORD-10389,2024-11-20,CUST-1865,East,Electronics,Bluetooth Speaker,3,59.99,0.0,179.97,False
ORD-14371,2024-05-05,CUST-2369,North,Home & Garden,Scented Candles,2,19.99,0.0,39.98,False
ORD-12687,2024-06-07,CUST-2775,East,Clothing,Wool Sweater,1,79.99,0.1,71.99,False
ORD-11870,2024-11-14,CUST-4104,South,Electronics,Laptop Stand,2,49.99,0.0,99.98,False
ORD-13323,2024-08-04,CUST-4880,West,Home & Garden,Scented Candles,2,19.99,0.1,35.98,False
ORD-10247,2024-12-07,CUST-1647,South,Electronics,Laptop Stand,4,49.99,0.0,199.96,False
ORD-12736,2024-12-13,CUST-2863,West,Clothing,Winter Jacket,1,149.99,0.2,119.99,False
ORD-12164,2024-06-21,CUST-1269,North,Home & Garden,LED Desk Lamp,3,44.99,0.0,134.97,False
ORD-14994,2024-01-18,CUST-4343,North,Electronics,Smart Watch,1,199.99,0.0,199.99,False
ORD-14435,2024-04-14,CUST-1555,East,Clothing,Cotton T-Shirt,1,24.99,0.15,21.24,False
ORD-14652,2024-06-18,CUST-3340,East,Electronics,Mechanical Keyboard,4,129.99,0.0,519.96,False
ORD-10410,2024-04-22,CUST-4701,North,Electronics,Mechanical Keyboard,1,129.99,0.05,123.49,True
ORD-12005,2024-10-06,CUST-3687,North,Clothing,Cotton T-Shirt,1,24.99,0.15,21.24,False
ORD-14995,2024-12-07,CUST-3334,West,Clothing,Denim Jeans,2,59.99,0.1,107.98,False
ORD-11894,2024-07-27,CUST-1848,East,Clothing,Winter Jacket,1,149.99,0.15,127.49,False
ORD-11184,2024-02-16,CUST-4020,East,Home & Garden,LED Desk Lamp,3,44.99,0.0,134.97,True
ORD-13467,2024-09-20,CUST-3417,South,Electronics,Mechanical Keyboard,2,129.99,0.0,259.98,False
ORD-10832,2024-02-06,CUST-2197,East,Clothing,Cotton T-Shirt,1,24.99,0.0,24.99,False
ORD-12227,2024-08-01,CUST-2377,North,Electronics,LED Monitor,2,299.99,0.05,569.98,False
ORD-11803,2024-04-18,CUST-4049,South,Clothing,Yoga Pants,5,44.99,0.1,202.46,False
ORD-10690,2024-05-18,CUST-1290,East,Home & Garden,Coffee Maker,2,69.99,0.0,139.98,False
ORD-14098,2024-04-21,CUST-1342,East,Electronics,Mechanical Keyboard,1,129.99,0.0,129.99,False
ORD-13237,2024-12-08,CUST-3296,South,Clothing,Wool Sweater,3,79.99,0.15,203.97,False
ORD-13413,2024-05-13,CUST-1468,East,Electronics,Bluetooth Speaker,1,59.99,0.0,59.99,True
ORD-14384,2024-12-07,CUST-3897,West,Clothing,Yoga Pants,1,44.99,0.15,38.24,False
ORD-14205,2024-06-11,CUST-2218,East,Clothing,Winter Jacket,1,149.99,0.15,127.49,False
ORD-11075,2024-06-23,CUST-1480,East,Electronics,LED Monitor,1,299.99,0.0,299.99,False
ORD-12785,2024-04-20,CUST-2547,South,Clothing,Yoga Pants,1,44.99,0.15,38.24,False
ORD-13242,2024-07-19,CUST-3156,South,Clothing,Denim Jeans,1,59.99,0.2,47.99,False
ORD-12439,2024-03-11,CUST-1907,South,Electronics,Laptop Stand,3,49.99,0.05,142.47,True
ORD-12111,2024-03-01,CUST-3133,South,Home & Garden,Wall Clock,3,39.99,0.0,119.97,True
ORD-10769,2024-11-26,CUST-4285,West,Clothing,Wool Sweater,1,79.99,0.15,67.99,False
ORD-12786,2024-12-28,CUST-2954,East,Electronics,Wireless Headphones,3,89.99,0.0,269.97,False
ORD-13762,2024-07-03,CUST-1883,West,Electronics,Laptop Stand,4,49.99,0.0,199.96,False
ORD-11946,2024-06-26,CUST-2009,East,Electronics,Mechanical Keyboard,2,129.99,0.05,246.98,False
ORD-10554,2024-12-14,CUST-4221,North,Electronics,USB-C Hub,4,39.99,0.0,159.96,False
ORD-10752,2024-09-12,CUST-4902,North,Clothing,Casual Sneakers,2,89.99,0.1,161.98,False
ORD-13853,2024-12-07,CUST-3388,North,Home & Garden,Plant Pot Set,2,34.99,0.0,69.98,False
ORD-12531,2024-11-12,CUST-1027,North,Electronics,Smart Watch,2,199.99,0.15,339.98,False
ORD-11041,2024-11-12,CUST-4741,West,Electronics,Smart Watch,3,199.99,0.0,599.97,False
ORD-13926,2024-08-09,CUST-3627,South,Home & Garden,Air Purifier,1,159.99,0.05,151.99,False
ORD-14713,2024-10-11,CUST-3257,South,Clothing,Cotton T-Shirt,2,24.99,0.2,39.98,False
ORD-10363,2024-07-25,CUST-1367,South,Electronics,Smart Watch,1,199.99,0.0,199.99,False
ORD-13632,2024-06-14,CUST-4177,East,Clothing,Cotton T-Shirt,2,24.99,0.0,49.98,False
ORD-11135,2024-01-27,CUST-4316,South,Electronics,Laptop Stand,2,49.99,0.15,84.98,False
ORD-13284,2024-06-22,CUST-3881,North,Clothing,Rain Coat,1,119.99,0.2,95.99,False
ORD-14236,2024-01-13,CUST-2994,East,Electronics,USB-C Hub,1,39.99,0.0,39.99,False
ORD-10550,2024-07-21,CUST-1279,West,Clothing,Running Shoes,1,109.99,0.05,104.49,False
ORD-13005,2024-11-07,CUST-4901,East,Home & Garden,Wall Clock,1,39.99,0.0,39.99,True
ORD-12816,2024-06-03,CUST-2090,North,Electronics,Mechanical Keyboard,3,129.99,0.15,331.47,False
ORD-11622,2024-07-27,CUST-2077,North,Home & Garden,LED Desk Lamp,5,44.99,0.05,213.7,False
ORD-13940,2024-10-14,CUST-1479,North,Electronics,LED Monitor,1,299.99,0.05,284.99,False
ORD-13465,2024-10-07,CUST-4564,East,Clothing,Rain Coat,1,119.99,0.05,113.99,False
ORD-13734,2024-04-19,CUST-1512,East,Home & Garden,Wall Clock,1,39.99,0.0,39.99,False
ORD-13862,2024-05-06,CUST-2534,South,Home & Garden,Wall Clock,1,39.99,0.1,35.99,False
ORD-10842,2024-03-13,CUST-2255,North,Electronics,Webcam HD,2,79.99,0.05,151.98,False
ORD-12068,2024-03-19,CUST-2376,South,Clothing,Rain Coat,2,119.99,0.25,179.98,False
ORD-14499,2024-06-07,CUST-2106,East,Home & Garden,Scented Candles,4,19.99,0.0,79.96,False
ORD-10879,2024-03-03,CUST-2023,North,Electronics,Webcam HD,1,79.99,0.1,71.99,False
ORD-14738,2024-05-13,CUST-2328,East,Clothing,Cotton T-Shirt,2,24.99,0.05,127.38,False
ORD-12738,2024-12-20,CUST-3102,North,Electronics,Bluetooth Speaker,2,59.99,0.05,113.98,False
ORD-10863,2024-06-07,CUST-1321,West,Electronics,Mechanical Keyboard,2,129.99,0.1,233.98,True
ORD-14773,2024-11-19,CUST-4460,South,Clothing,Rain Coat,2,119.99,0.2,191.98,False
ORD-13521,2024-06-27,CUST-2622,East,Clothing,Wool Sweater,3,79.99,0.1,215.97,False
ORD-12402,2024-05-13,CUST-4116,South,Home & Garden,Plant Pot Set,3,34.99,0.1,94.47,False
ORD-12059,2024-07-25,CUST-2249,South,Electronics,LED Monitor,3,299.99,0.05,854.97,False
ORD-12788,2024-12-24,CUST-1180,North,Home & Garden,Air Purifier,3,159.99,0.0,479.97,False
ORD-11911,2024-12-04,CUST-4086,West,Electronics,Bluetooth Speaker,1,59.99,0.05,56.99,False
ORD-13576,2024-03-19,CUST-3922,East,Clothing,Rain Coat,1,119.99,0.1,107.99,False
ORD-14137,2024-05-25,CUST-1716,East,Home & Garden,LED Desk Lamp,1,44.99,0.05,42.74,True
ORD-11073,2024-01-24,CUST-3256,North,Clothing,Denim Jeans,1,59.99,0.2,47.99,False
ORD-11753,2024-04-13,CUST-2993,East,Home & Garden,Storage Organizer,1,29.99,0.05,28.49,True
ORD-11159,2024-01-27,CUST-3831,South,Home & Garden,LED Desk Lamp,1,44.99,0.0,44.99,False
ORD-10058,2024-01-12,CUST-2269,South,Home & Garden,Throw Blanket,1,49.99,0.05,47.49,False
ORD-11326,2024-03-03,CUST-1759,East,Clothing,Cotton T-Shirt,2,24.99,0.0,49.98,False
ORD-14253,2024-07-04,CUST-2360,South,Electronics,Webcam HD,3,79.99,0.1,215.97,False
ORD-12294,2024-01-14,CUST-1127,East,Home & Garden,LED Desk Lamp,1,44.99,0.0,44.99,False
ORD-12971,2024-03-01,CUST-2340,West,Home & Garden,Coffee Maker,1,69.99,0.0,69.99,True
ORD-11238,2024-12-02,CUST-1307,East,Clothing,Winter Jacket,1,149.99,0.0,149.99,False
ORD-12398,2024-09-08,CUST-1755,North,Electronics,LED Monitor,1,299.99,0.05,284.99,False
ORD-12523,2024-05-25,CUST-2502,West,Electronics,Bluetooth Speaker,2,59.99,0.1,107.98,False
ORD-14970,2024-06-04,CUST-3446,East,Electronics,Webcam HD,1,79.99,0.15,67.99,False
ORD-14666,2024-02-09,CUST-2893,West,Clothing,Winter Jacket,2,149.99,0.0,299.98,False
ORD-11513,2024-01-27,CUST-3993,South,Electronics,LED Monitor,2,299.99,0.1,539.98,False
ORD-12196,2024-06-19,CUST-3234,North,Clothing,Casual Sneakers,1,89.99,0.1,80.99,False
ORD-13489,2024-06-14,CUST-4738,South,Electronics,Laptop Stand,4,49.99,0.0,199.96,False
ORD-12700,2024-07-02,CUST-4088,South,Electronics,LED Monitor,1,299.99,0.0,299.99,False
ORD-11068,2024-05-05,CUST-3951,East,Clothing,Yoga Pants,2,44.99,0.2,71.98,False
ORD-12195,2024-06-10,CUST-1142,North,Electronics,Mechanical Keyboard,4,129.99,0.0,519.96,False
ORD-13826,2024-06-12,CUST-1112,East,Electronics,Smart Watch,3,199.99,0.0,599.97,False
ORD-10076,2024-11-02,CUST-3099,West,Clothing,Yoga Pants,1,44.99,0.0,44.99,False
ORD-10516,2024-05-07,CUST-1106,East,Home & Garden,Air Purifier,3,159.99,0.05,455.97,False
ORD-14042,2024-06-02,CUST-2647,South,Home & Garden,Coffee Maker,1,69.99,0.05,66.49,False
ORD-11799,2024-01-18,CUST-2026,South,Electronics,USB-C Hub,2,39.99,0.05,75.98,False
ORD-13561,2024-11-18,CUST-4361,North,Clothing,Casual Sneakers,1,89.99,0.1,80.99,True
ORD-14128,2024-04-05,CUST-2245,North,Clothing,Running Shoes,1,109.99,0.15,93.49,False
ORD-12500,2024-11-07,CUST-4298,East,Clothing,Yoga Pants,1,44.99,0.1,40.49,False
ORD-14835,2024-02-01,CUST-3668,East,Electronics,Webcam HD,2,79.99,0.0,159.98,False
ORD-14854,2024-09-17,CUST-4058,West,Home & Garden,Throw Blanket,1,49.99,0.0,49.99,True
ORD-10192,2024-12-17,CUST-3994,East,Home & Garden,Coffee Maker,1,69.99,0.0,69.99,False
ORD-12762,2024-09-06,CUST-4935,South,Clothing,Winter Jacket,3,149.99,0.25,337.48,False
ORD-11038,2024-01-06,CUST-1167,North,Clothing,Rain Coat,1,119.99,0.0,119.99,False
ORD-12178,2024-10-12,CUST-4921,East,Clothing,Yoga Pants,3,44.99,0.05,128.22,False
ORD-11959,2024-11-27,CUST-2206,North,Electronics,USB-C Hub,1,39.99,0.05,37.99,False
ORD-14539,2024-02-08,CUST-4365,East,Home & Garden,Coffee Maker,2,69.99,0.1,125.98,False
ORD-14114,2024-08-22,CUST-4704,South,Clothing,Denim Jeans,2,59.99,0.05,113.98,False
ORD-12505,2024-02-07,CUST-3831,East,Clothing,Cotton T-Shirt,2,24.99,0.15,42.48,False
ORD-11303,2024-07-04,CUST-2103,North,Home & Garden,Storage Organizer,3,29.99,0.05,85.47,False
ORD-10626,2024-06-27,CUST-3800,East,Clothing,Winter Jacket,3,149.99,0.25,337.48,False
ORD-13040,2024-03-01,CUST-2448,North,Clothing,Cotton T-Shirt,1,24.99,0.0,24.99,False
ORD-12837,2024-01-28,CUST-3914,East,Electronics,Bluetooth Speaker,1,59.99,0.05,56.99,False
ORD-11099,2024-05-21,CUST-4728,North,Home & Garden,LED Desk Lamp,3,44.99,0.0,134.97,True
ORD-14516,2024-07-01,CUST-4010,South,Home & Garden,Air Purifier,5,159.99,0.05,759.95,False
ORD-11908,2024-05-21,CUST-2970,East,Electronics,Smart Watch,3,199.99,0.0,599.97,False
ORD-14316,2024-10-03,CUST-3980,,Home & Garden,Storage Organizer,2,29.99,0.1,53.98,False
ORD-12792,2024-07-01,CUST-1113,West,Electronics,USB-C Hub,3,39.99,0.0,119.97,False
ORD-13501,2024-11-13,CUST-4455,North,Electronics,USB-C Hub,2,39.99,0.0,79.98,False
ORD-11910,2024-04-11,CUST-4723,North,Home & Garden,Wall Clock,2,39.99,0.0,79.98,True
ORD-12198,2024-07-09,CUST-3169,West,Clothing,Winter Jacket,1,149.99,0.15,127.49,False
ORD-14751,2024-06-15,CUST-1551,South,Electronics,Wireless Headphones,2,89.99,0.0,179.98,False
ORD-12885,2024-12-01,CUST-4657,East,Electronics,Bluetooth Speaker,2,59.99,0.15,101.98,False
ORD-14902,2024-02-04,CUST-2147,North,Clothing,Running Shoes,2,109.99,0.1,197.98,False
ORD-10309,2024-04-05,CUST-2653,West,Clothing,Winter Jacket,2,149.99,0.05,284.98,False
ORD-11412,2024-04-22,CUST-1956,East,Home & Garden,Air Purifier,1,159.99,0.1,143.99,False
ORD-10775,2024-02-06,CUST-1086,North,Clothing,Winter Jacket,1,149.99,0.05,142.49,False
ORD-10484,2024-08-20,CUST-1372,South,Home & Garden,Storage Organizer,1,29.99,0.0,29.99,False
ORD-14605,2024-12-01,CUST-3346,,Home & Garden,Plant Pot Set,2,34.99,0.0,69.98,True
ORD-10367,2024-12-04,CUST-3332,South,Home & Garden,LED Desk Lamp,3,44.99,0.0,134.97,False
ORD-10570,2024-07-01,CUST-1237,North,Electronics,Smart Watch,2,199.99,0.15,339.98,False
ORD-13023,2024-05-09,CUST-3185,West,Clothing,Running Shoes,1,109.99,0.1,98.99,False
ORD-10649,2024-06-19,CUST-2097,South,Electronics,Smart Watch,3,199.99,0.0,599.97,False
ORD-12854,2024-02-22,CUST-1944,East,Clothing,Rain Coat,2,119.99,0.2,191.98,False
ORD-10441,2024-12-04,CUST-3629,North,Clothing,Cotton T-Shirt,2,24.99,0.1,44.98,False
ORD-11593,2024-02-19,CUST-1953,South,Electronics,Smart Watch,2,199.99,0.0,399.98,False
ORD-12263,2024-06-12,CUST-1153,North,Electronics,Smart Watch,2,199.99,0.0,399.98,False
ORD-10896,2024-04-07,CUST-3293,North,Clothing,Denim Jeans,1,59.99,0.15,50.99,False
ORD-13809,2024-01-24,CUST-2976,West,Home & Garden,Coffee Maker,5,69.99,0.1,314.96,False
ORD-11541,2024-02-26,CUST-1857,North,Electronics,Laptop Stand,5,49.99,0.0,249.95,False
ORD-11404,2024-09-28,CUST-2894,South,Home & Garden,Scented Candles,1,19.99,0.0,19.99,False
ORD-13565,2024-10-08,CUST-2699,West,Home & Garden,LED Desk Lamp,2,44.99,0.0,89.98,False
ORD-12880,2024-05-07,CUST-3371,West,Home & Garden,Throw Blanket,1,49.99,0.0,49.99,False
ORD-14545,2024-11-12,CUST-1283,East,Clothing,Wool Sweater,2,79.99,0.05,151.98,False
ORD-13724,2024-05-09,CUST-4981,North,Home & Garden,Wall Clock,1,39.99,0.0,39.99,True
ORD-14929,2024-12-18,CUST-3367,East,Electronics,Mechanical Keyboard,2,129.99,0.0,259.98,False
ORD-13365,2024-09-09,CUST-2227,South,Electronics,LED Monitor,3,299.99,0.05,854.97,False
ORD-12031,2024-07-21,CUST-4769,South,Clothing,Cotton T-Shirt,1,24.99,0.1,22.49,False
ORD-10945,2024-01-27,CUST-4412,North,Home & Garden,Storage Organizer,1,29.99,0.0,29.99,True
ORD-11689,2024-11-26,CUST-2168,North,Electronics,LED Monitor,2,299.99,0.0,599.98,True
ORD-14221,2024-08-05,CUST-3352,North,Clothing,Casual Sneakers,1,89.99,0.1,80.99,False
ORD-10072,2024-01-02,CUST-1501,North,Home & Garden,LED Desk Lamp,2,44.99,0.0,89.98,False
ORD-14169,2024-02-11,CUST-3100,South,Electronics,USB-C Hub,3,39.99,0.05,113.97,False
ORD-13888,2024-09-08,CUST-3863,South,Clothing,Denim Jeans,2,59.99,0.0,119.98,False
ORD-10994,2024-05-07,CUST-3390,East,Electronics,USB-C Hub,2,39.99,0.0,79.98,False
ORD-10762,2024-04-07,CUST-3839,North,Electronics,Mechanical Keyboard,1,129.99,0.05,123.49,False
ORD-12137,2024-10-08,CUST-1798,North,Clothing,Denim Jeans,3,59.99,0.1,161.97,False
ORD-10173,2024-03-18,CUST-1771,North,Clothing,Cotton T-Shirt,3,24.99,0.2,59.98,False
ORD-12065,2024-11-18,CUST-3199,North,Home & Garden,Wall Clock,5,39.99,0.05,189.95,False
ORD-11734,2024-02-05,CUST-2238,East,Clothing,Winter Jacket,2,149.99,0.05,284.98,False
ORD-14082,2024-09-17,CUST-1691,North,Electronics,USB-C Hub,2,39.99,0.15,67.98,False
ORD-13914,2024-12-10,CUST-2550,East,Electronics,Wireless Headphones,2,89.99,0.0,179.98,False
ORD-12511,2024-12-11,CUST-2599,West,Electronics,Webcam HD,1,79.99,0.1,71.99,False
ORD-13872,2024-03-17,CUST-4904,East,Home & Garden,LED Desk Lamp,3,44.99,0.0,134.97,True
ORD-12351,2024-12-12,CUST-1004,South,Clothing,Cotton T-Shirt,2,24.99,0.2,39.98,False
ORD-11775,2024-04-25,CUST-1344,East,Electronics,Webcam HD,1,79.99,0.05,75.99,False
ORD-13998,2024-07-16,CUST-2942,West,Clothing,Winter Jacket,2,149.99,0.15,254.98,False
ORD-10838,2024-08-17,CUST-3959,North,Home & Garden,Storage Organizer,4,29.99,0.0,119.96,True
ORD-10864,2024-05-13,CUST-1138,West,Electronics,Bluetooth Speaker,1,59.99,0.0,59.99,False
ORD-13334,2024-12-03,CUST-4226,West,Clothing,Wool Sweater,1,79.99,0.0,79.99,False
ORD-13754,2024-04-11,CUST-3783,East,Clothing,Yoga Pants,2,44.99,0.1,80.98,False
ORD-11903,2024-01-16,CUST-3374,North,Clothing,Winter Jacket,1,149.99,0.0,149.99,True
ORD-10298,2024-09-27,CUST-1855,North,Home & Garden,Throw Blanket,2,49.99,0.0,99.98,True
ORD-10371,2024-01-21,CUST-3811,North,Home & Garden,Wall Clock,4,39.99,0.0,159.96,False
ORD-11899,2024-11-07,CUST-3961,South,Electronics,Bluetooth Speaker,4,59.99,0.0,239.96,True
ORD-11293,2024-10-20,CUST-3855,East,Clothing,Cotton T-Shirt,1,24.99,0.0,24.99,True
ORD-10266,2024-10-21,CUST-1129,North,Clothing,Casual Sneakers,5,89.99,0.0,449.95,False
ORD-14569,2024-11-21,CUST-4734,West,Home & Garden,Scented Candles,5,19.99,0.0,99.95,False
ORD-11784,2024-09-13,CUST-4848,North,Electronics,USB-C Hub,1,39.99,0.15,33.99,False
ORD-11029,2024-11-02,CUST-3125,East,Clothing,Wool Sweater,1,79.99,0.05,75.99,False
ORD-10519,2024-03-21,CUST-4677,North,Home & Garden,Plant Pot Set,2,34.99,0.0,69.98,False
ORD-12645,2024-05-25,CUST-1129,South,Clothing,Yoga Pants,3,44.99,0.2,107.98,False
ORD-12446,2024-04-19,CUST-1545,South,Electronics,Wireless Headphones,1,89.99,0.05,85.49,False
ORD-13380,2024-05-12,CUST-4336,East,Electronics,Laptop Stand,1,49.99,0.0,49.99,True
ORD-11914,2024-06-09,CUST-1480,North,Clothing,Yoga Pants,2,44.99,0.0,89.98,False
ORD-14959,2024-10-03,CUST-2740,South,Home & Garden,Plant Pot Set,3,34.99,0.05,99.72,True
ORD-13682,2024-11-01,CUST-3135,North,Electronics,Mechanical Keyboard,1,129.99,0.05,123.49,True
ORD-11609,2024-07-20,CUST-2434,East,Home & Garden,Plant Pot Set,1,34.99,0.1,31.49,False
ORD-12938,2024-12-19,CUST-4847,South,Home & Garden,Throw Blanket,1,49.99,0.0,49.99,False
ORD-13164,2024-01-20,CUST-1220,West,Clothing,Casual Sneakers,2,89.99,0.05,170.98,False
ORD-10395,2024-12-26,CUST-4887,North,Electronics,USB-C Hub,1,39.99,0.0,39.99,False
ORD-10094,2024-11-16,CUST-1744,North,Electronics,USB-C Hub,2,39.99,0.0,79.98,False
ORD-14886,2024-05-28,CUST-1248,East,Clothing,Casual Sneakers,2,89.99,0.05,170.98,False
ORD-13685,2024-07-10,CUST-2833,West,Clothing,Casual Sneakers,1,89.99,0.1,80.99,False
ORD-11785,2024-12-25,CUST-2138,West,Electronics,USB-C Hub,1,39.99,0.05,37.99,False
ORD-11983,2024-06-16,CUST-2205,North,Clothing,Casual Sneakers,5,89.99,0.05,427.45,False
ORD-11936,2024-04-15,CUST-4357,North,Clothing,Winter Jacket,2,149.99,0.1,269.98,False
ORD-14025,2024-11-01,CUST-2640,East,Electronics,Webcam HD,2,79.99,0.0,159.98,False
ORD-13113,2024-02-06,CUST-1668,West,Clothing,Denim Jeans,1,59.99,0.2,47.99,False
ORD-12711,2024-07-11,CUST-3261,North,Home & Garden,LED Desk Lamp,1,44.99,0.0,44.99,False
ORD-14699,2024-12-13,CUST-4359,South,Clothing,Denim Jeans,2,59.99,0.1,107.98,False
ORD-14925,2024-04-05,CUST-1854,North,Home & Garden,Plant Pot Set,1,34.99,0.0,34.99,False
ORD-14701,2024-01-23,CUST-3555,South,Clothing,Denim Jeans,2,59.99,0.1,107.98,False
ORD-13673,2024-02-22,CUST-3653,East,Clothing,Denim Jeans,1,59.99,0.15,50.99,False
ORD-12904,2024-07-24,CUST-2286,East,Home & Garden,Wall Clock,3,39.99,0.0,119.97,False
ORD-14948,2024-11-07,CUST-4777,South,Home & Garden,Storage Organizer,2,29.99,0.0,59.98,False
ORD-10881,2024-10-24,CUST-3908,North,Home & Garden,Coffee Maker,2,69.99,0.05,132.98,True
ORD-11431,2024-07-19,CUST-1766,East,Clothing,Cotton T-Shirt,5,24.99,0.15,106.21,False
ORD-13027,2024-09-12,CUST-3771,North,Electronics,Laptop Stand,2,49.99,0.05,94.98,False
ORD-14962,2024-04-11,CUST-2353,North,Electronics,LED Monitor,4,299.99,0.05,1139.96,False
ORD-10112,2024-12-07,CUST-1511,South,Electronics,Mechanical Keyboard,1,129.99,0.0,129.99,False
ORD-12365,2024-01-24,CUST-2832,East,Home & Garden,Wall Clock,1,39.99,0.1,35.99,True
ORD-11321,2024-03-16,CUST-3765,North,Clothing,Casual Sneakers,2,89.99,0.25,134.98,False
ORD-14313,2024-12-15,CUST-1450,South,Home & Garden,Plant Pot Set,1,34.99,0.0,34.99,True
ORD-12576,2024-12-06,CUST-1130,West,Electronics,Mechanical Keyboard,2,129.99,0.0,259.98,False
ORD-10947,2024-12-12,CUST-4732,North,Home & Garden,Throw Blanket,1,49.99,0.05,47.49,False
ORD-14287,2024-08-04,CUST-4339,North,Home & Garden,Coffee Maker,3,69.99,0.0,209.97,True
ORD-11587,2024-05-26,CUST-2612,North,Clothing,Cotton T-Shirt,2,24.99,0.1,44.98,False
ORD-11177,2024-02-02,CUST-1994,West,Electronics,Laptop Stand,1,49.99,0.0,49.99,False
ORD-12641,2024-02-05,CUST-2971,North,Clothing,Casual Sneakers,1,89.99,0.05,85.49,False
ORD-13553,2024-07-28,CUST-3027,West,Home & Garden,Air Purifier,1,159.99,0.0,159.99,False
ORD-12592,2024-07-27,CUST-3795,West,Clothing,Casual Sneakers,2,89.99,0.1,161.98,False
ORD-10630,2024-10-04,CUST-4654,North,Electronics,USB-C Hub,3,39.99,0.0,119.97,False
ORD-13713,2024-09-03,CUST-4374,East,Home & Garden,Wall Clock,1,39.99,0.0,39.99,False
ORD-13509,2024-01-14,CUST-2081,East,Clothing,Running Shoes,1,109.99,0.05,104.49,False
ORD-13216,2024-03-10,CUST-2120,South,Electronics,LED Monitor,1,299.99,0.0,299.99,True
ORD-11614,2024-05-19,CUST-3432,West,Electronics,LED Monitor,4,299.99,0.0,1199.96,False
ORD-13544,2024-12-26,CUST-4795,North,Clothing,Denim Jeans,1,59.99,0.1,53.99,False
ORD-14983,2024-11-26,CUST-4906,South,Clothing,Running Shoes,2,109.99,0.15,186.98,False
ORD-12156,2024-02-02,CUST-3897,East,Clothing,Running Shoes,3,109.99,0.0,329.97,False
ORD-11742,2024-11-08,CUST-3431,South,Clothing,Casual Sneakers,1,89.99,0.15,76.49,False
ORD-13605,2024-03-25,CUST-3448,South,Clothing,Wool Sweater,2,79.99,0.2,127.98,False
ORD-13421,2024-09-26,CUST-3567,East,Home & Garden,Wall Clock,2,39.99,0.0,79.98,False
ORD-11877,2024-07-22,CUST-3686,North,Home & Garden,LED Desk Lamp,2,44.99,0.05,85.48,False
ORD-14797,2024-11-09,CUST-4076,East,Electronics,Wireless Headphones,1,89.99,0.05,85.49,False
ORD-12089,2024-05-12,CUST-3665,West,Clothing,Casual Sneakers,2,89.99,0.15,152.98,False
ORD-14454,2024-12-07,CUST-3011,North,Electronics,Webcam HD,3,79.99,0.1,215.97,False
ORD-12162,2024-05-28,CUST-4495,South,Clothing,Rain Coat,3,119.99,0.25,269.98,False
ORD-13637,2024-01-19,CUST-1870,East,Home & Garden,Air Purifier,1,159.99,0.0,159.99,True
ORD-11923,2024-05-21,CUST-3987,East,Home & Garden,Throw Blanket,4,49.99,0.0,199.96,False
ORD-10287,2024-07-23,CUST-1035,South,Home & Garden,Storage Organizer,3,29.99,0.0,89.97,True
ORD-14858,2024-12-19,CUST-4442,South,Electronics,Mechanical Keyboard,2,129.99,0.05,246.98,False
ORD-14334,2024-05-17,CUST-2594,East,Electronics,Smart Watch,1,199.99,0.0,199.99,False
ORD-13311,2024-09-02,CUST-2393,West,Clothing,Wool Sweater,3,79.99,0.2,191.98,False
ORD-12369,2024-10-22,CUST-3948,East,Home & Garden,LED Desk Lamp,2,44.99,0.0,89.98,False
ORD-13631,2024-03-16,CUST-3713,East,Electronics,Wireless Headphones,2,89.99,0.0,179.98,False
ORD-13187,2024-05-17,CUST-1772,West,Clothing,Cotton T-Shirt,1,24.99,0.1,22.49,False
ORD-11109,2024-03-15,CUST-1010,North,Electronics,Laptop Stand,2,49.99,0.0,99.98,True
ORD-11224,2024-06-02,CUST-4776,East,Clothing,Rain Coat,2,119.99,0.0,239.98,False
ORD-12806,2024-10-26,CUST-3498,South,Home & Garden,Scented Candles,2,19.99,0.05,37.98,False
ORD-13310,2024-10-16,CUST-3564,South,Clothing,Yoga Pants,1,44.99,0.0,44.99,False
ORD-13460,2024-04-23,CUST-2068,South,Home & Garden,Storage Organizer,2,29.99,0.0,59.98,False
ORD-10525,2024-06-25,CUST-3286,North,Home & Garden,Scented Candles,4,19.99,0.05,75.96,False
ORD-13341,2024-08-15,CUST-2974,North,Home & Garden,Wall Clock,2,39.99,0.0,79.98,False
ORD-14385,2024-07-01,CUST-1488,East,Electronics,Laptop Stand,2,49.99,0.0,99.98,True
ORD-12995,2024-12-26,CUST-4030,East,Clothing,Winter Jacket,1,149.99,0.05,142.49,False
ORD-10506,2024-12-10,CUST-3443,South,Home & Garden,LED Desk Lamp,2,44.99,0.0,89.98,False
ORD-14888,2024-01-08,CUST-2292,East,Electronics,Webcam HD,1,79.99,0.0,79.99,False
ORD-12062,2024-11-05,CUST-4219,East,Clothing,Yoga Pants,2,44.99,0.1,80.98,False
ORD-11223,2024-12-25,CUST-2222,South,Electronics,Webcam HD,5,79.99,0.15,339.96,False
ORD-12444,2024-06-11,CUST-2600,West,Home & Garden,Plant Pot Set,4,34.99,0.05,132.96,False
ORD-14356,2024-03-03,CUST-2060,East,Clothing,Denim Jeans,2,59.99,0.15,101.98,False
ORD-12779,2024-03-21,CUST-1875,East,Clothing,Running Shoes,3,109.99,0.05,313.47,False
ORD-11695,2024-01-25,CUST-3541,North,Clothing,Denim Jeans,1,59.99,0.0,59.99,False
ORD-11449,2024-10-05,CUST-3455,North,Electronics,Wireless Headphones,2,89.99,0.1,161.98,False
ORD-11626,2024-03-17,CUST-3639,West,Home & Garden,Plant Pot Set,1,34.99,0.1,31.49,True
ORD-11264,2024-01-28,CUST-4261,South,Electronics,Webcam HD,1,79.99,0.05,75.99,True
ORD-14412,2024-10-21,CUST-1187,North,Clothing,Running Shoes,1,109.99,0.15,93.49,True
ORD-10877,2024-09-16,CUST-1986,South,Electronics,Mechanical Keyboard,1,129.99,0.05,123.49,False
ORD-14807,2024-12-28,CUST-2564,South,Electronics,Laptop Stand,4,49.99,0.0,199.96,False
ORD-12713,2024-05-07,CUST-2547,North,Electronics,Bluetooth Speaker,1,59.99,0.1,53.99,False
ORD-10013,2024-03-27,CUST-3631,South,Clothing,Running Shoes,1,109.99,0.15,93.49,False
ORD-10481,2024-10-04,CUST-2817,East,Clothing,Rain Coat,5,119.99,0.25,449.96,False
ORD-14606,2024-11-25,CUST-4353,South,Clothing,Wool Sweater,5,79.99,0.2,319.96,False
ORD-14186,2024-02-22,CUST-2418,West,Electronics,Bluetooth Speaker,2,59.99,0.0,119.98,False
ORD-13055,2024-12-28,CUST-1768,South,Home & Garden,Storage Organizer,2,29.99,0.1,53.98,True
ORD-12424,2024-04-05,CUST-4367,South,Clothing,Rain Coat,4,119.99,0.1,431.96,False
ORD-13133,2024-07-16,CUST-1867,South,Clothing,Running Shoes,1,109.99,0.15,93.49,False
ORD-13208,2024-06-22,CUST-2233,East,Electronics,USB-C Hub,1,39.99,0.0,39.99,False
ORD-14580,2024-12-07,CUST-4158,North,Home & Garden,Coffee Maker,3,69.99,0.1,188.97,False
ORD-10857,2024-06-26,CUST-2213,North,Home & Garden,Air Purifier,1,159.99,0.0,159.99,False
ORD-12551,2024-02-07,CUST-4988,North,Home & Garden,LED Desk Lamp,4,44.99,0.0,179.96,False
ORD-10046,2024-04-12,CUST-2566,South,Home & Garden,Scented Candles,1,19.99,0.0,19.99,False
ORD-12314,2024-12-02,CUST-3711,North,Electronics,LED Monitor,1,299.99,0.05,284.99,False
ORD-14196,2024-01-11,CUST-3847,West,Home & Garden,LED Desk Lamp,2,44.99,0.0,89.98,False
ORD-12385,2024-08-24,CUST-3717,East,Clothing,Cotton T-Shirt,2,24.99,0.05,47.48,False
ORD-10899,2024-02-06,CUST-4289,East,Electronics,Smart Watch,3,199.99,0.0,599.97,False
ORD-11022,2024-12-01,CUST-3236,North,Home & Garden,LED Desk Lamp,1,44.99,0.0,44.99,True
ORD-10232,2024-08-27,CUST-4639,North,Clothing,Winter Jacket,1,149.99,0.15,127.49,False
ORD-10941,2024-07-19,CUST-3272,North,Clothing,Yoga Pants,1,44.99,0.15,38.24,False
ORD-14657,2024-07-13,CUST-3096,North,Electronics,Laptop Stand,1,49.99,0.05,47.49,False
ORD-14725,2024-01-04,CUST-2056,North,Electronics,Smart Watch,5,199.99,0.05,949.95,True
ORD-14866,2024-05-16,CUST-3119,East,Electronics,Webcam HD,3,79.99,0.0,239.97,False
ORD-13546,2024-02-23,CUST-4984,East,Home & Garden,Wall Clock,2,39.99,0.05,75.98,False
ORD-12942,2024-04-23,CUST-2470,North,Home & Garden,LED Desk Lamp,3,44.99,0.05,128.22,False
ORD-13115,2024-12-02,CUST-1512,North,Clothing,Winter Jacket,2,149.99,0.1,269.98,False
ORD-12221,2024-07-19,CUST-3732,East,Clothing,Rain Coat,2,119.99,0.05,227.98,False
ORD-11165,2024-11-25,CUST-2921,North,Home & Garden,Storage Organizer,1,29.99,0.05,28.49,False
ORD-10204,2024-08-10,CUST-2510,South,Clothing,Rain Coat,3,119.99,0.15,305.97,False
ORD-14078,2024-11-24,CUST-2078,North,Home & Garden,Storage Organizer,1,29.99,0.0,29.99,True
ORD-13676,2024-03-09,CUST-3128,West,Clothing,Denim Jeans,1,59.99,0.15,50.99,False
ORD-14439,2024-04-18,CUST-4379,South,Clothing,Denim Jeans,1,59.99,0.2,47.99,False
ORD-11162,2024-05-10,CUST-1270,North,Home & Garden,Wall Clock,1,39.99,0.05,37.99,False
ORD-13664,2024-07-28,CUST-2729,East,Clothing,Running Shoes,1,109.99,0.0,109.99,False
ORD-12729,2024-06-06,CUST-1687,South,Home & Garden,Storage Organizer,2,29.99,0.0,59.98,False
ORD-11600,2024-03-13,CUST-4635,East,Electronics,Mechanical Keyboard,3,129.99,0.05,370.47,False
ORD-10086,2024-10-26,CUST-2128,East,Electronics,Wireless Headphones,3,89.99,0.0,269.97,False
ORD-11869,2024-10-23,CUST-4739,East,Clothing,Denim Jeans,1,59.99,0.05,56.99,False
ORD-14290,2024-07-18,CUST-1215,West,Home & Garden,Plant Pot Set,1,34.99,0.1,31.49,False
ORD-13868,2024-09-07,CUST-3257,South,Clothing,Cotton T-Shirt,4,24.99,0.05,94.96,False
ORD-13213,2024-10-22,CUST-1289,North,Electronics,Webcam HD,1,79.99,0.05,75.99,False
ORD-10621,2024-03-05,CUST-3513,South,Electronics,Webcam HD,1,79.99,0.0,79.99,False
ORD-13401,2024-02-26,CUST-3692,West,Electronics,LED Monitor,4,299.99,0.15,1019.97,False
ORD-12810,2024-04-14,CUST-1939,North,Electronics,Wireless Headphones,1,89.99,0.1,80.99,False
ORD-13438,2024-12-11,CUST-1155,East,Electronics,Webcam HD,2,79.99,0.15,135.98,False
ORD-10364,2024-12-23,CUST-2424,South,Clothing,Running Shoes,2,109.99,0.2,175.98,False
ORD-13236,2024-03-12,CUST-2209,East,Home & Garden,Coffee Maker,4,69.99,0.0,279.96,False
ORD-13922,2024-11-01,CUST-4455,North,Clothing,Winter Jacket,1,149.99,0.1,134.99,False
ORD-11292,2024-07-04,CUST-4672,South,Clothing,Yoga Pants,2,44.99,0.2,71.98,False
ORD-12956,2024-10-11,CUST-4080,South,Home & Garden,Storage Organizer,1,29.99,0.0,29.99,False
ORD-12925,2024-12-20,CUST-3596,South,Home & Garden,Scented Candles,1,19.99,0.05,18.99,False
ORD-14926,2024-06-05,CUST-1750,West,Electronics,Bluetooth Speaker,2,59.99,0.1,107.98,False
ORD-14364,2024-03-23,CUST-2045,South,Clothing,Running Shoes,1,109.99,0.2,87.99,False
ORD-11036,2024-05-02,CUST-2711,East,Electronics,Wireless Headphones,1,89.99,0.0,89.99,False
ORD-14480,2024-03-18,CUST-1886,West,Clothing,Winter Jacket,2,149.99,0.25,224.98,False
ORD-11653,2024-05-03,CUST-1712,South,Electronics,Bluetooth Speaker,2,59.99,0.05,113.98,False
ORD-13020,2024-04-08,CUST-2069,East,Electronics,LED Monitor,5,299.99,0.0,1499.95,False
ORD-14008,2024-10-01,CUST-4130,East,Electronics,Wireless Headphones,2,89.99,0.05,170.98,False
ORD-14232,2024-05-07,CUST-2905,North,Home & Garden,Storage Organizer,3,29.99,0.0,89.97,False
ORD-12843,2024-12-23,CUST-2725,West,Electronics,Bluetooth Speaker,1,59.99,0.05,56.99,False
ORD-10220,2024-09-08,CUST-2361,South,Home & Garden,Wall Clock,1,39.99,0.05,37.99,False
ORD-12401,2024-01-02,CUST-2719,North,Electronics,Webcam HD,3,79.99,0.1,215.97,False
ORD-14001,2024-11-17,CUST-4207,West,Clothing,Wool Sweater,3,79.99,0.05,227.97,False
ORD-14581,2024-04-14,CUST-1404,West,Clothing,Running Shoes,1,109.99,0.25,82.49,False
ORD-13535,2024-02-23,CUST-2004,North,Electronics,USB-C Hub,1,39.99,0.15,33.99,False
ORD-13469,2024-03-14,CUST-2902,East,Home & Garden,Wall Clock,1,39.99,0.0,39.99,False
ORD-12007,2024-11-27,CUST-2427,South,Clothing,Rain Coat,5,119.99,0.0,599.95,False
ORD-12165,2024-12-18,CUST-4831,North,Clothing,Winter Jacket,1,149.99,0.05,142.49,False
ORD-10039,2024-06-23,CUST-1495,North,Clothing,Casual Sneakers,1,89.99,0.0,89.99,False
ORD-11192,2024-05-20,CUST-3968,North,Electronics,Webcam HD,1,79.99,0.0,79.99,False
ORD-12796,2024-01-28,CUST-2365,West,Home & Garden,Wall Clock,1,39.99,0.0,39.99,False
ORD-13412,2024-01-13,CUST-1003,South,Clothing,Yoga Pants,1,44.99,0.15,38.24,False
ORD-10563,2024-01-24,CUST-2565,North,Home & Garden,Scented Candles,2,19.99,0.1,35.98,False
ORD-14799,2024-09-02,CUST-1445,South,Electronics,USB-C Hub,2,39.99,0.0,79.98,False
ORD-12538,2024-10-23,CUST-4095,West,Home & Garden,Plant Pot Set,2,34.99,0.0,69.98,False
ORD-13524,2024-03-11,CUST-3377,South,Electronics,LED Monitor,2,299.99,0.05,569.98,False
ORD-13700,2024-08-22,CUST-2443,East,Clothing,Denim Jeans,1,59.99,0.05,56.99,False
ORD-14745,2024-01-14,CUST-4563,East,Electronics,LED Monitor,2,299.99,0.05,569.98,False
ORD-10521,2024-12-17,CUST-2041,East,Clothing,Denim Jeans,2,59.99,0.2,95.98,False
ORD-14709,2024-09-08,CUST-2327,East,Clothing,Running Shoes,1,109.99,0.1,98.99,False
ORD-13417,2024-09-02,CUST-1537,West,Clothing,Winter Jacket,3,149.99,0.1,404.97,False
ORD-13031,2024-06-09,CUST-1340,South,Electronics,Laptop Stand,4,49.99,0.0,199.96,False
ORD-12225,2024-06-15,CUST-2315,North,Electronics,Mechanical Keyboard,1,129.99,0.15,110.49,False
ORD-12259,2024-06-28,CUST-2742,North,Home & Garden,Plant Pot Set,2,34.99,0.05,66.48,False
ORD-12878,2024-08-10,CUST-1989,East,Electronics,Webcam HD,1,79.99,0.0,79.99,False
ORD-12896,2024-07-28,CUST-3035,West,Electronics,Wireless Headphones,2,89.99,0.05,170.98,False
ORD-13817,2024-11-26,CUST-2014,East,Clothing,Wool Sweater,5,79.99,0.05,379.95,False
ORD-13710,2024-01-28,CUST-3915,North,Home & Garden,Scented Candles,2,19.99,0.0,39.98,False
ORD-12657,2024-11-03,CUST-1786,East,Clothing,Casual Sneakers,1,89.99,0.05,85.49,False
ORD-12901,2024-11-11,CUST-3228,East,Electronics,Wireless Headphones,4,89.99,0.0,359.96,False
ORD-13201,2024-07-16,CUST-1647,East,Clothing,Winter Jacket,1,149.99,0.0,149.99,False
ORD-12526,2024-03-22,CUST-3504,South,Clothing,Winter Jacket,2,149.99,0.1,269.98,False
ORD-13373,2024-09-15,CUST-1796,South,Electronics,LED Monitor,1,299.99,0.0,299.99,True
ORD-10576,2024-02-03,CUST-3121,West,Home & Garden,Scented Candles,1,19.99,0.0,19.99,False
ORD-11650,2024-01-16,CUST-2128,East,Home & Garden,Storage Organizer,1,29.99,0.0,29.99,True
ORD-13389,2024-09-20,CUST-1229,North,Clothing,Winter Jacket,2,149.99,0.1,269.98,False
ORD-11960,2024-02-25,CUST-4796,West,Clothing,Wool Sweater,2,79.99,0.0,159.98,False
ORD-14710,2024-06-03,CUST-3537,North,Clothing,Running Shoes,1,109.99,0.0,109.99,False
ORD-10551,2024-11-28,CUST-4975,East,Clothing,Casual Sneakers,2,89.99,0.2,143.98,False
ORD-11635,2024-03-03,CUST-2788,North,Electronics,Smart Watch,4,199.99,0.05,759.96,False
ORD-11274,2024-06-23,CUST-4098,West,Clothing,Rain Coat,1,119.99,0.0,119.99,False
ORD-11816,2024-04-09,CUST-4398,North,Clothing,Yoga Pants,1,44.99,0.1,40.49,False
ORD-10755,2024-11-04,CUST-4003,East,Clothing,Cotton T-Shirt,2,24.99,0.0,49.98,False
ORD-13746,2024-09-18,CUST-4998,North,Clothing,Casual Sneakers,4,89.99,0.1,323.96,False
ORD-12634,2024-10-07,CUST-3845,West,Home & Garden,Coffee Maker,3,69.99,0.0,209.97,False
ORD-11327,2024-11-26,CUST-1501,East,Electronics,USB-C Hub,3,39.99,0.1,107.97,False
ORD-10639,2024-05-24,CUST-1439,East,Home & Garden,Coffee Maker,2,69.99,0.05,132.98,False
ORD-14277,2024-05-01,CUST-3633,East,Clothing,Rain Coat,4,119.99,0.05,455.96,False
ORD-10043,2024-12-10,CUST-1791,South,Clothing,Winter Jacket,1,149.99,0.1,134.99,False
ORD-10007,2024-12-27,CUST-3566,North,Clothing,Rain Coat,1,119.99,0.05,113.99,False
ORD-10480,2024-09-14,CUST-3940,East,Electronics,Laptop Stand,2,49.99,0.05,94.98,False
ORD-14611,2024-01-09,CUST-3734,West,Clothing,Yoga Pants,2,44.99,0.0,89.98,False
ORD-10471,2024-12-21,CUST-1874,North,Clothing,Running Shoes,3,109.99,0.15,280.47,False
ORD-10421,2024-11-08,CUST-2083,North,Electronics,Smart Watch,2,199.99,0.0,399.98,False
ORD-13752,2024-04-22,CUST-1390,East,Home & Garden,Throw Blanket,2,49.99,0.0,99.98,False
ORD-13630,2024-10-12,CUST-2720,South,Home & Garden,Throw Blanket,1,49.99,0.0,49.99,False
ORD-13514,2024-11-18,CUST-4684,East,Clothing,Cotton T-Shirt,1,24.99,0.15,21.24,False
ORD-10654,2024-06-11,CUST-4679,East,Home & Garden,Scented Candles,2,19.99,0.05,37.98,True
ORD-12983,2024-11-28,CUST-1335,South,Home & Garden,Throw Blanket,4,49.99,0.0,199.96,False
ORD-14500,2024-08-01,CUST-2987,West,Clothing,Denim Jeans,4,59.99,0.1,215.96,False
ORD-14517,2024-12-10,CUST-1750,South,Clothing,Casual Sneakers,1,89.99,0.05,85.49,False
ORD-10464,2024-12-21,CUST-3681,South,Electronics,Mechanical Keyboard,2,129.99,0.0,259.98,False
ORD-13050,2024-03-08,CUST-3074,East,Electronics,Smart Watch,2,199.99,0.05,379.98,False
ORD-11691,2024-07-09,CUST-3659,South,Electronics,USB-C Hub,2,39.99,0.05,75.98,False
ORD-11033,2024-02-05,CUST-3594,East,Electronics,LED Monitor,2,299.99,0.0,599.98,False
ORD-10697,2024-08-22,CUST-2988,South,Home & Garden,Air Purifier,4,159.99,0.0,639.96,False
ORD-12230,2024-10-19,CUST-1222,East,Clothing,Wool Sweater,3,79.99,0.15,203.97,False
ORD-14950,2024-05-11,CUST-4067,North,Home & Garden,Throw Blanket,2,49.99,0.0,99.98,False
ORD-13263,2024-01-04,CUST-4454,East,Home & Garden,LED Desk Lamp,2,44.99,0.0,89.98,False
ORD-10065,2024-07-21,CUST-4452,East,Clothing,Rain Coat,3,119.99,0.1,323.97,False
ORD-13717,2024-01-21,CUST-1281,North,Home & Garden,Storage Organizer,4,29.99,0.0,119.96,True
ORD-12906,2024-12-15,CUST-3125,East,Electronics,Wireless Headphones,1,89.99,0.0,89.99,False
ORD-12480,2024-04-16,CUST-2451,East,Home & Garden,Plant Pot Set,1,34.99,0.0,34.99,False
ORD-11432,2024-06-13,CUST-2817,North,Clothing,Rain Coat,4,119.99,0.0,479.96,False
ORD-13448,2024-08-21,CUST-4734,North,Clothing,Yoga Pants,2,44.99,0.1,80.98,False
ORD-13411,2024-02-17,CUST-2878,East,Home & Garden,Scented Candles,5,19.99,0.1,89.96,False
ORD-14094,2024-05-09,CUST-1518,West,Electronics,Webcam HD,3,79.99,0.0,239.97,False
ORD-12092,2024-03-06,CUST-1886,East,Electronics,Bluetooth Speaker,2,59.99,0.05,113.98,False
ORD-13047,2024-05-17,CUST-1095,North,Electronics,Laptop Stand,2,49.99,0.0,99.98,True
ORD-10995,2024-02-04,CUST-3740,West,Clothing,Yoga Pants,3,44.99,0.0,134.97,False
ORD-12371,2024-11-12,CUST-1000,West,Home & Garden,Storage Organizer,2,29.99,0.0,59.98,True
ORD-14731,2024-01-19,CUST-4590,East,Electronics,Smart Watch,2,199.99,0.1,359.98,False
ORD-14397,2024-01-05,CUST-2044,North,Home & Garden,Wall Clock,2,39.99,0.05,75.98,False
ORD-14085,2024-01-15,CUST-2478,East,Electronics,Mechanical Keyboard,2,129.99,0.05,246.98,False
ORD-11780,2024-01-05,CUST-3445,East,Home & Garden,Wall Clock,1,39.99,0.0,39.99,False
ORD-12109,2024-12-22,CUST-4380,East,Clothing,Running Shoes,2,109.99,0.05,208.98,False
ORD-13170,2024-09-15,CUST-1960,North,Clothing,Casual Sneakers,3,89.99,0.15,229.47,False
ORD-13364,2024-12-19,CUST-2093,North,Clothing,Wool Sweater,4,79.99,0.0,319.96,False
ORD-10129,2024-07-06,CUST-1867,North,Electronics,Laptop Stand,3,49.99,0.0,149.97,False
ORD-14690,2024-05-08,CUST-1769,South,Home & Garden,Scented Candles,2,19.99,0.0,39.98,False
ORD-13378,2024-02-04,CUST-2859,South,Home & Garden,LED Desk Lamp,1,44.99,0.05,42.74,True
ORD-10849,2024-08-26,CUST-2259,West,Home & Garden,Plant Pot Set,1,34.99,0.0,34.99,False
ORD-13725,2024-12-07,CUST-1908,East,Home & Garden,Storage Organizer,1,29.99,0.0,29.99,False
ORD-13671,2024-01-11,CUST-3224,North,Home & Garden,LED Desk Lamp,3,44.99,0.0,134.97,False
ORD-14528,2024-08-19,CUST-1297,West,Electronics,Webcam HD,1,79.99,0.0,79.99,False
ORD-12998,2024-04-24,CUST-4386,North,Clothing,Denim Jeans,2,59.99,0.05,113.98,False
ORD-12285,2024-04-15,CUST-2708,North,Electronics,Laptop Stand,2,49.99,0.0,99.98,False
ORD-14391,2024-07-20,CUST-1466,West,Electronics,Laptop Stand,1,49.99,0.05,47.49,False
ORD-13017,2024-05-19,CUST-4649,South,Home & Garden,Air Purifier,1,159.99,0.0,159.99,False
ORD-13191,2024-12-08,CUST-2032,West,Electronics,USB-C Hub,1,39.99,0.15,33.99,True
ORD-10077,2024-01-06,CUST-3597,East,Clothing,Running Shoes,1,109.99,0.05,104.49,False
ORD-14787,2024-12-17,CUST-4806,South,Clothing,Wool Sweater,1,79.99,0.25,59.99,True
ORD-11922,2024-08-28,CUST-4404,South,Clothing,Casual Sneakers,4,89.99,0.0,359.96,False
ORD-13921,2024-05-16,CUST-2393,North,Clothing,Wool Sweater,2,79.99,0.0,159.98,False
ORD-14583,2024-11-21,CUST-2438,North,Electronics,Smart Watch,1,199.99,0.0,199.99,False
ORD-12570,2024-05-24,CUST-4204,South,Clothing,Denim Jeans,3,59.99,0.15,152.97,False
ORD-14814,2024-11-24,CUST-4935,South,Electronics,Webcam HD,3,79.99,0.15,203.97,False
ORD-12102,2024-03-06,CUST-1372,North,Electronics,LED Monitor,3,299.99,0.05,854.97,False
ORD-13402,2024-12-06,CUST-1526,West,Electronics,Webcam HD,2,79.99,0.0,159.98,False
ORD-14848,2024-11-13,CUST-4585,North,Home & Garden,Throw Blanket,3,49.99,0.05,142.47,False
ORD-13679,2024-05-09,CUST-3275,West,Home & Garden,Wall Clock,4,39.99,0.05,274.41,True
ORD-14083,2024-10-25,CUST-3572,South,Electronics,Smart Watch,1,199.99,0.0,199.99,False
ORD-11481,2024-02-07,CUST-3426,South,Electronics,LED Monitor,1,299.99,0.0,299.99,False
ORD-14457,2024-02-10,CUST-1082,North,Electronics,Wireless Headphones,1,89.99,0.15,76.49,False
ORD-10382,2024-09-13,CUST-3093,East,Electronics,USB-C Hub,1,39.99,0.05,37.99,False
ORD-14592,2024-07-12,CUST-4233,North,Electronics,LED Monitor,5,299.99,0.1,1349.96,False
ORD-14419,2024-03-20,CUST-4465,West,Clothing,Rain Coat,1,119.99,0.0,119.99,True
ORD-13984,2024-11-05,CUST-2270,North,Electronics,USB-C Hub,2,39.99,0.0,79.98,False
ORD-14827,2024-03-04,CUST-3302,East,Clothing,Rain Coat,2,119.99,0.1,215.98,False
ORD-14361,2024-08-17,CUST-3443,West,Clothing,Yoga Pants,2,44.99,0.2,71.98,False
ORD-10558,2024-10-06,CUST-2596,South,Home & Garden,Throw Blanket,1,49.99,0.0,49.99,False
ORD-10835,2024-06-08,CUST-1987,South,Clothing,Winter Jacket,2,149.99,0.1,269.98,False
ORD-10029,2024-01-21,CUST-2341,North,Home & Garden,Air Purifier,2,159.99,0.0,319.98,True
ORD-10463,2024-08-22,CUST-1330,South,Clothing,Running Shoes,1,109.99,0.2,87.99,False
ORD-13511,2024-01-18,CUST-4487,East,Home & Garden,Plant Pot Set,2,34.99,0.0,69.98,False
ORD-10916,2024-04-14,CUST-2492,North,Clothing,Casual Sneakers,2,89.99,0.1,161.98,False
ORD-11825,2024-07-15,CUST-1520,West,Electronics,Bluetooth Speaker,1,59.99,0.15,50.99,False
ORD-11299,2024-10-18,CUST-3830,South,Clothing,Casual Sneakers,1,89.99,0.15,76.49,False
ORD-13615,2024-02-22,CUST-3404,North,Clothing,Rain Coat,1,119.99,0.15,101.99,False
ORD-13279,2024-11-08,CUST-3399,East,Home & Garden,Air Purifier,2,159.99,0.05,303.98,True
ORD-14276,2024-05-12,CUST-3557,West,Electronics,USB-C Hub,1,39.99,0.1,35.99,False
ORD-13907,2024-04-28,CUST-3858,West,Clothing,Wool Sweater,4,79.99,0.05,303.96,False
ORD-10518,2024-12-21,CUST-1149,North,Clothing,Wool Sweater,2,79.99,0.25,119.98,False
ORD-14408,2024-05-01,CUST-4409,West,Home & Garden,Storage Organizer,4,29.99,0.0,119.96,False
ORD-12948,2024-05-20,CUST-4721,North,Electronics,Wireless Headphones,1,89.99,0.0,89.99,False
ORD-11872,2024-07-07,CUST-1215,East,Electronics,Wireless Headphones,2,89.99,0.0,179.98,False
ORD-13104,2024-04-06,CUST-3158,West,Home & Garden,LED Desk Lamp,1,44.99,0.1,40.49,False
ORD-10595,2024-06-06,CUST-3035,East,Clothing,Yoga Pants,5,44.99,0.15,191.21,False
ORD-10469,2024-12-16,CUST-2305,North,Clothing,Rain Coat,4,119.99,0.05,455.96,False
ORD-13148,2024-11-15,CUST-3220,East,Home & Garden,Air Purifier,2,159.99,0.0,319.98,True
ORD-13096,2024-12-23,CUST-4329,West,Clothing,Denim Jeans,1,59.99,0.25,44.99,False
ORD-13741,2024-11-25,CUST-3107,South,Clothing,Cotton T-Shirt,1,24.99,0.1,22.49,False
ORD-12415,2024-12-28,CUST-4466,South,Electronics,LED Monitor,1,299.99,0.0,299.99,False
ORD-12293,2024-07-23,CUST-2847,East,Clothing,Wool Sweater,2,79.99,0.0,159.98,False
ORD-11554,2024-03-21,CUST-4215,South,Electronics,Mechanical Keyboard,2,129.99,0.05,246.98,False
ORD-10097,2024-06-10,CUST-2067,West,Home & Garden,Plant Pot Set,2,34.99,0.0,69.98,True
ORD-13739,2024-08-22,CUST-3996,South,Clothing,Rain Coat,1,119.99,0.2,95.99,False
ORD-13866,2024-06-15,CUST-3603,East,Electronics,Wireless Headphones,1,89.99,0.05,85.49,True
ORD-12212,2024-01-07,CUST-4490,North,Electronics,Laptop Stand,2,49.99,0.1,89.98,False
ORD-12429,2024-12-14,CUST-1232,South,Home & Garden,Scented Candles,1,19.99,0.05,18.99,False
ORD-12245,2024-07-12,CUST-3517,East,Electronics,Bluetooth Speaker,4,59.99,0.0,239.96,False
ORD-13790,2024-03-09,CUST-3839,West,Electronics,LED Monitor,4,299.99,0.05,1139.96,False
ORD-12076,2024-03-03,CUST-3372,West,Clothing,Winter Jacket,2,149.99,0.15,254.98,False
ORD-10447,2024-10-17,CUST-1547,North,Electronics,Laptop Stand,2,49.99,0.0,99.98,False
ORD-14278,2024-02-03,CUST-4644,South,Home & Garden,Coffee Maker,1,69.99,0.1,62.99,False
ORD-11733,2024-06-14,CUST-4185,West,Home & Garden,Scented Candles,1,19.99,0.0,19.99,False
ORD-11897,2024-03-17,CUST-4169,North,Electronics,Smart Watch,3,199.99,0.0,599.97,False
ORD-11017,2024-07-01,CUST-3252,East,Clothing,Running Shoes,2,109.99,0.05,208.98,False
ORD-12868,2024-04-10,CUST-3773,North,Home & Garden,Coffee Maker,2,69.99,0.0,139.98,False
ORD-10014,2024-03-05,CUST-2114,West,Home & Garden,Scented Candles,3,19.99,0.05,56.97,True
ORD-13911,2024-04-28,CUST-2048,East,Electronics,Wireless Headphones,1,89.99,0.0,89.99,False
ORD-13180,2024-02-13,CUST-1215,North,Electronics,Wireless Headphones,4,89.99,0.0,359.96,False
ORD-11215,2024-03-16,CUST-2635,North,Home & Garden,Air Purifier,2,159.99,0.05,303.98,False
ORD-14668,2024-10-07,CUST-3115,East,Clothing,Winter Jacket,3,149.99,0.05,427.47,False
ORD-13560,2024-04-01,CUST-3998,South,Clothing,Running Shoes,3,109.99,0.0,329.97,False
ORD-12130,2024-03-28,CUST-4867,East,Electronics,Bluetooth Speaker,1,59.99,0.0,59.99,False
ORD-14578,2024-12-06,CUST-4463,East,Electronics,USB-C Hub,1,39.99,0.15,33.99,False
ORD-12769,2024-10-25,CUST-4041,South,Clothing,Casual Sneakers,3,89.99,0.1,242.97,False
ORD-14246,2024-04-03,CUST-2244,West,Electronics,Bluetooth Speaker,2,59.99,0.0,119.98,False
ORD-14802,2024-12-21,CUST-2081,South,Home & Garden,Wall Clock,4,39.99,0.0,159.96,False
ORD-13441,2024-07-03,CUST-3986,East,Home & Garden,LED Desk Lamp,1,44.99,0.05,42.74,True
ORD-10286,2024-06-05,CUST-2984,West,Electronics,USB-C Hub,1,39.99,0.15,33.99,False
ORD-13936,2024-06-25,CUST-3149,East,Clothing,Rain Coat,2,119.99,0.1,215.98,False
ORD-12312,2024-06-28,CUST-3381,South,Clothing,Wool Sweater,2,79.99,0.0,159.98,False
ORD-13728,2024-03-23,CUST-3602,East,Clothing,Wool Sweater,1,79.99,0.25,59.99,False
ORD-10779,2024-09-03,CUST-3439,East,Electronics,Webcam HD,4,79.99,0.0,319.96,False
ORD-14637,2024-09-16,CUST-4488,North,Home & Garden,Air Purifier,3,159.99,0.0,479.97,False
ORD-14686,2024-02-13,CUST-1649,East,Home & Garden,Throw Blanket,2,49.99,0.0,99.98,False
ORD-12052,2024-03-13,CUST-4221,East,Electronics,Laptop Stand,1,49.99,0.0,49.99,False
ORD-10428,2024-05-11,CUST-2764,North,Home & Garden,Storage Organizer,4,29.99,0.0,119.96,False
ORD-13813,2024-08-19,CUST-2563,East,Electronics,Mechanical Keyboard,2,129.99,0.0,259.98,False
ORD-14123,2024-12-21,CUST-1467,North,Electronics,Wireless Headphones,4,89.99,0.0,359.96,False
ORD-11467,2024-05-25,CUST-1762,East,Home & Garden,Plant Pot Set,5,34.99,0.0,174.95,False
ORD-14209,2024-01-27,CUST-1756,West,Electronics,Wireless Headphones,2,89.99,0.05,170.98,False
ORD-14763,2024-04-10,CUST-2133,West,Clothing,Winter Jacket,1,149.99,0.1,134.99,False
ORD-14614,2024-04-18,CUST-4153,North,Clothing,Winter Jacket,2,149.99,0.0,299.98,False
ORD-14765,2024-12-05,CUST-4389,North,Clothing,Yoga Pants,1,44.99,0.0,44.99,False
ORD-10350,2024-07-15,CUST-1736,South,Clothing,Casual Sneakers,1,89.99,0.0,89.99,False
ORD-10165,2024-11-20,CUST-3512,South,Home & Garden,Scented Candles,1,19.99,0.1,17.99,False
ORD-14542,2024-03-27,CUST-4297,West,Home & Garden,LED Desk Lamp,2,44.99,0.05,85.48,False
ORD-10660,2024-05-28,CUST-4781,East,Home & Garden,Scented Candles,1,19.99,0.05,18.99,True
ORD-12295,2024-01-24,CUST-4705,East,Clothing,Rain Coat,5,119.99,0.1,539.95,False
ORD-11339,2024-01-18,CUST-1778,West,Clothing,Running Shoes,4,109.99,0.1,395.96,False
ORD-12947,2024-07-22,CUST-2276,East,Electronics,LED Monitor,1,299.99,0.0,299.99,False
ORD-13870,2024-05-06,CUST-4105,West,Clothing,Running Shoes,4,109.99,0.1,395.96,False
ORD-12618,2024-11-19,CUST-2236,South,Home & Garden,Wall Clock,1,39.99,0.1,35.99,False
ORD-12206,2024-04-25,CUST-4872,East,Clothing,Yoga Pants,2,44.99,0.1,80.98,False
ORD-10383,2024-12-18,CUST-1193,North,Clothing,Denim Jeans,1,59.99,0.05,56.99,False
ORD-13059,2024-12-10,CUST-1204,North,Home & Garden,Scented Candles,1,19.99,0.05,18.99,False
ORD-12216,2024-11-27,CUST-4732,East,Clothing,Casual Sneakers,1,89.99,0.15,76.49,False
ORD-12188,2024-11-03,CUST-2779,North,Clothing,Denim Jeans,1,59.99,0.1,53.99,False
ORD-10465,2024-05-20,CUST-4849,West,Electronics,USB-C Hub,2,39.99,0.05,75.98,False
ORD-11132,2024-02-25,CUST-2009,East,Electronics,Mechanical Keyboard,2,129.99,0.0,259.98,False
ORD-10299,2024-02-16,CUST-4338,South,Electronics,Laptop Stand,2,49.99,0.0,99.98,False
ORD-12445,2024-04-25,CUST-3099,West,Home & Garden,Throw Blanket,2,49.99,0.1,89.98,False
ORD-11615,2024-09-26,CUST-2505,West,Electronics,Bluetooth Speaker,2,59.99,0.15,101.98,False
ORD-13810,2024-10-13,CUST-3818,West,Electronics,USB-C Hub,5,39.99,0.15,169.96,False
ORD-13854,2024-09-03,CUST-1592,East,Electronics,Webcam HD,2,79.99,0.05,151.98,False
ORD-12317,2024-05-17,CUST-2550,South,Clothing,Denim Jeans,1,59.99,0.05,56.99,False
ORD-14404,2024-12-07,CUST-4039,East,Home & Garden,Plant Pot Set,2,34.99,0.0,69.98,False
ORD-13228,2024-02-01,CUST-1575,East,Electronics,Wireless Headphones,2,89.99,0.0,179.98,False
ORD-11937,2024-11-15,CUST-1413,South,Electronics,USB-C Hub,3,39.99,0.1,107.97,False
ORD-14781,2024-03-02,CUST-3080,North,Clothing,Winter Jacket,2,149.99,0.25,224.98,False
ORD-14937,2024-07-19,CUST-4456,South,Electronics,Mechanical Keyboard,1,129.99,0.0,129.99,True
ORD-12986,2024-01-20,CUST-2605,West,Clothing,Casual Sneakers,3,89.99,0.15,229.47,False
ORD-11048,2024-12-16,CUST-2727,West,Electronics,LED Monitor,2,299.99,0.05,569.98,False
ORD-14413,2024-06-23,CUST-1207,South,Electronics,USB-C Hub,3,39.99,0.05,113.97,False
ORD-14101,2024-06-10,CUST-1547,North,Clothing,Denim Jeans,1,59.99,0.05,56.99,False
ORD-11528,2024-11-15,CUST-2166,South,Electronics,Webcam HD,1,79.99,0.05,75.99,True
ORD-10052,2024-12-26,CUST-4201,East,Home & Garden,Coffee Maker,2,69.99,0.05,132.98,True
ORD-10846,2024-02-28,CUST-1793,East,Electronics,Bluetooth Speaker,3,59.99,0.05,170.97,False
ORD-10251,2024-05-12,CUST-4907,South,Electronics,Wireless Headphones,4,89.99,0.05,341.96,False
ORD-11027,2024-11-03,CUST-3500,South,Clothing,Running Shoes,2,109.99,0.25,164.98,False
ORD-11668,2024-02-16,CUST-4475,South,Clothing,Denim Jeans,1,59.99,0.2,47.99,True
ORD-10806,2024-12-19,CUST-1215,North,Clothing,Casual Sneakers,2,89.99,0.0,179.98,True
ORD-11552,2024-11-18,CUST-3512,South,Home & Garden,Throw Blanket,1,49.99,0.0,49.99,False
ORD-10031,2024-03-21,CUST-4285,South,Clothing,Wool Sweater,1,79.99,0.1,71.99,False
ORD-10715,2024-12-28,CUST-1636,West,Electronics,Wireless Headphones,2,89.99,0.15,152.98,False
ORD-14019,2024-03-17,CUST-3771,West,Clothing,Denim Jeans,3,59.99,0.2,143.98,False
ORD-13008,2024-10-09,CUST-3085,East,Clothing,Cotton T-Shirt,5,24.99,0.25,93.71,True
ORD-14784,2024-06-16,CUST-1685,North,Clothing,Rain Coat,1,119.99,0.05,113.99,False
ORD-14638,2024-10-09,CUST-2254,East,Home & Garden,Wall Clock,4,39.99,0.0,159.96,False
ORD-14118,2024-02-11,CUST-2556,East,Clothing,Denim Jeans,2,59.99,0.0,119.98,False
ORD-14303,2024-08-11,CUST-2896,East,Home & Garden,Wall Clock,2,39.99,0.0,79.98,False
ORD-13175,2024-03-13,CUST-1042,North,Clothing,Wool Sweater,2,79.99,0.0,159.98,False
ORD-11044,2024-12-21,CUST-3950,North,Clothing,Cotton T-Shirt,1,24.99,0.05,23.74,False
ORD-12327,2024-01-17,CUST-1324,East,Clothing,Winter Jacket,2,149.99,0.1,269.98,False
ORD-12020,2024-12-18,CUST-1983,South,Clothing,Cotton T-Shirt,4,24.99,0.1,89.96,False
ORD-11759,2024-07-25,CUST-3204,East,Clothing,Yoga Pants,1,44.99,0.25,33.74,False
ORD-12144,2024-06-27,CUST-4353,West,Clothing,Yoga Pants,2,44.99,0.2,71.98,False
ORD-12489,2024-05-21,CUST-2093,North,Clothing,Cotton T-Shirt,5,24.99,0.2,99.96,False
ORD-12356,2024-12-25,CUST-2502,North,Home & Garden,LED Desk Lamp,1,44.99,0.05,42.74,False
ORD-13122,2024-01-15,CUST-4485,East,Clothing,Denim Jeans,2,59.99,0.15,101.98,False
ORD-14421,2024-12-12,CUST-3619,West,Clothing,Rain Coat,2,119.99,0.1,215.98,False
ORD-13455,2024-03-27,CUST-2436,West,Electronics,Wireless Headphones,2,89.99,0.05,170.98,False
ORD-10330,2024-05-16,CUST-2359,North,Electronics,Smart Watch,1,199.99,0.0,199.99,True
ORD-13398,2024-04-09,CUST-2634,West,Electronics,Smart Watch,2,199.99,0.0,399.98,False
ORD-14485,2024-10-17,CUST-1252,North,Electronics,USB-C Hub,2,39.99,0.0,79.98,False
ORD-11638,2024-12-04,CUST-4675,South,Electronics,Webcam HD,2,79.99,0.1,143.98,False
ORD-11515,2024-01-26,CUST-2815,South,Home & Garden,Coffee Maker,2,69.99,0.05,132.98,False
ORD-10861,2024-06-20,CUST-2996,East,Home & Garden,Scented Candles,2,19.99,0.0,39.98,False
ORD-14469,2024-12-10,CUST-4318,South,Clothing,Winter Jacket,1,149.99,0.2,119.99,False
ORD-14987,2024-08-02,CUST-1409,North,Home & Garden,Wall Clock,2,39.99,0.0,79.98,False
ORD-11198,2024-10-23,CUST-1633,South,Electronics,Mechanical Keyboard,2,129.99,0.0,259.98,False
ORD-11111,2024-03-10,CUST-3319,South,Home & Garden,Storage Organizer,3,29.99,,80.97,False
ORD-10327,2024-08-07,CUST-3536,North,Electronics,Mechanical Keyboard,1,129.99,0.05,123.49,False
ORD-11088,2024-12-11,CUST-4607,South,Home & Garden,Plant Pot Set,1,34.99,0.05,33.24,False
ORD-14222,2024-12-11,CUST-1313,West,Electronics,LED Monitor,1,299.99,0.05,284.99,False
ORD-12515,2024-12-06,CUST-3167,East,Home & Garden,Wall Clock,3,39.99,0.0,119.97,False
ORD-10003,2024-08-16,CUST-4209,South,Electronics,LED Monitor,4,299.99,0.05,1139.96,False
ORD-12642,2024-11-20,CUST-3526,North,Clothing,Yoga Pants,1,44.99,0.1,40.49,False
ORD-13083,2024-08-10,CUST-3587,South,Clothing,Casual Sneakers,1,89.99,0.1,80.99,False
ORD-11490,2024-03-12,CUST-3235,South,Electronics,Wireless Headphones,3,89.99,0.0,269.97,False
ORD-12459,2024-05-08,CUST-3778,West,Home & Garden,Throw Blanket,1,49.99,0.0,49.99,True
ORD-14618,2024-04-13,CUST-1103,East,Clothing,Rain Coat,1,119.99,0.05,113.99,False
ORD-10549,2024-11-27,CUST-2296,South,Home & Garden,LED Desk Lamp,3,44.99,0.0,134.97,False
ORD-10556,2024-02-20,CUST-1151,North,Home & Garden,Air Purifier,2,159.99,0.05,303.98,False
ORD-12202,2024-06-09,CUST-3996,South,Home & Garden,Storage Organizer,2,29.99,0.0,59.98,False
ORD-12589,2024-10-12,CUST-2303,East,Home & Garden,LED Desk Lamp,1,44.99,0.0,44.99,False
ORD-11485,2024-05-21,CUST-2983,East,Clothing,Casual Sneakers,2,89.99,0.0,179.98,False
ORD-14832,2024-09-09,CUST-4102,North,Electronics,Wireless Headphones,2,89.99,0.0,179.98,False
ORD-10264,2024-12-13,CUST-4140,South,Clothing,Running Shoes,1,109.99,0.1,98.99,False
ORD-11471,2024-10-11,CUST-1465,East,Clothing,Rain Coat,1,119.99,0.2,95.99,False
ORD-11234,2024-09-13,CUST-3165,North,Clothing,Running Shoes,1,109.99,0.05,104.49,True
ORD-11154,2024-08-14,CUST-1194,South,Home & Garden,LED Desk Lamp,1,44.99,0.0,44.99,False
ORD-11401,2024-03-23,CUST-4764,North,Clothing,Winter Jacket,3,149.99,0.05,427.47,False
ORD-13171,2024-04-17,CUST-2480,West,Electronics,Wireless Headphones,4,89.99,0.05,341.96,False
ORD-10918,2024-11-06,CUST-2575,North,Electronics,LED Monitor,2,299.99,0.1,539.98,False
ORD-14700,2024-04-01,CUST-2753,North,Electronics,Laptop Stand,2,49.99,0.15,84.98,False
ORD-11064,2024-06-27,CUST-2644,South,Home & Garden,Air Purifier,1,159.99,0.0,159.99,False
ORD-12348,2024-08-09,CUST-3106,North,Clothing,Cotton T-Shirt,4,24.99,0.15,84.97,False
ORD-14999,2024-08-10,CUST-1602,North,Home & Garden,Throw Blanket,2,49.99,0.0,99.98,False
ORD-13805,2024-12-06,CUST-2326,West,Clothing,Wool Sweater,2,79.99,0.05,151.98,False
ORD-12601,2024-01-09,CUST-3000,West,Home & Garden,Air Purifier,2,159.99,0.0,319.98,False
ORD-11512,2024-12-23,CUST-1269,North,Home & Garden,Wall Clock,4,39.99,0.0,159.96,False
ORD-11821,2024-02-13,CUST-4606,South,Electronics,Webcam HD,1,79.99,0.0,79.99,False
ORD-10467,2024-12-23,CUST-2284,West,Home & Garden,Wall Clock,2,39.99,0.05,75.98,False
ORD-10344,2024-05-19,CUST-3622,South,Home & Garden,Storage Organizer,1,29.99,0.0,29.99,False
ORD-14903,2024-04-10,CUST-3582,East,Electronics,USB-C Hub,1,39.99,0.1,35.99,True
ORD-11492,2024-03-21,CUST-1069,East,Home & Garden,LED Desk Lamp,1,44.99,0.0,44.99,True
ORD-14200,2024-11-14,CUST-3700,South,Electronics,Bluetooth Speaker,3,59.99,0.05,170.97,False
ORD-13935,2024-07-26,CUST-2645,West,Clothing,Yoga Pants,1,44.99,0.2,35.99,False
ORD-11417,2024-02-01,CUST-3099,North,Home & Garden,LED Desk Lamp,1,44.99,0.0,44.99,False
ORD-10607,2024-05-07,CUST-3332,West,Home & Garden,Storage Organizer,1,29.99,0.1,26.99,False
ORD-14122,2024-10-22,CUST-2255,East,Home & Garden,Plant Pot Set,1,34.99,0.0,34.99,False
ORD-11448,2024-12-14,CUST-1810,North,Clothing,Wool Sweater,1,79.99,0.0,79.99,False
ORD-13850,2024-06-22,CUST-2893,South,Electronics,LED Monitor,1,299.99,0.1,269.99,False
ORD-13962,2024-01-11,CUST-3497,North,Clothing,Cotton T-Shirt,1,24.99,0.1,22.49,False
ORD-11888,2024-10-04,CUST-2756,East,Clothing,Rain Coat,1,119.99,0.05,113.99,False
ORD-13771,2024-12-24,CUST-1340,North,Clothing,Running Shoes,2,109.99,0.05,208.98,False
ORD-11709,2024-09-08,CUST-4500,West,Clothing,Denim Jeans,2,59.99,0.1,107.98,False
ORD-13277,2024-06-16,CUST-1105,South,Home & Garden,Throw Blanket,2,49.99,0.1,89.98,False
ORD-12487,2024-12-06,CUST-1939,South,Clothing,Wool Sweater,2,79.99,0.15,135.98,True
ORD-12024,2024-06-03,CUST-2710,North,Clothing,Yoga Pants,3,44.99,0.05,128.22,False
ORD-13481,2024-08-25,CUST-3845,West,Home & Garden,Plant Pot Set,2,34.99,0.0,69.98,False
ORD-10021,2024-02-21,CUST-2013,West,Clothing,Winter Jacket,3,149.99,0.1,404.97,False
ORD-14511,2024-06-19,CUST-3509,East,Home & Garden,Coffee Maker,2,69.99,0.0,139.98,False
ORD-14100,2024-09-21,CUST-3091,North,Electronics,Bluetooth Speaker,1,59.99,0.05,56.99,True
ORD-11079,2024-12-22,CUST-4254,South,Clothing,Running Shoes,4,109.99,0.1,395.96,False
ORD-12428,2024-04-16,CUST-2468,South,Home & Garden,LED Desk Lamp,2,44.99,0.0,89.98,False
ORD-13366,2024-05-21,CUST-1590,East,Clothing,Rain Coat,1,119.99,0.25,89.99,False
ORD-14012,2024-10-13,CUST-1627,West,Clothing,Winter Jacket,1,149.99,0.25,112.49,False
ORD-12403,2024-04-13,CUST-3099,West,Clothing,Yoga Pants,5,44.99,0.0,224.95,False
ORD-13306,2024-05-02,CUST-4385,North,Electronics,Smart Watch,1,199.99,0.1,179.99,False
ORD-14407,2024-02-01,CUST-4801,South,Home & Garden,Wall Clock,1,39.99,0.0,39.99,False
ORD-13416,2024-04-21,CUST-3934,North,Clothing,Casual Sneakers,1,89.99,0.05,85.49,False
ORD-12535,2024-11-27,CUST-1848,North,Electronics,Laptop Stand,2,49.99,0.0,99.98,False
ORD-12277,2024-07-10,CUST-4571,East,Home & Garden,Wall Clock,2,39.99,0.0,79.98,False
ORD-11047,2024-01-06,CUST-2656,North,Home & Garden,Plant Pot Set,3,34.99,0.05,99.72,True
ORD-14972,2024-07-06,CUST-4509,East,Clothing,Denim Jeans,2,59.99,0.0,119.98,False
ORD-12334,2024-02-06,CUST-1838,South,Clothing,Denim Jeans,4,59.99,0.0,239.96,False
ORD-13617,2024-11-16,CUST-4045,North,Clothing,Rain Coat,2,119.99,0.05,227.98,False
ORD-11977,2024-06-21,CUST-4444,East,Clothing,Rain Coat,1,119.99,0.0,119.99,False
ORD-13209,2024-08-26,CUST-4815,East,Clothing,Casual Sneakers,5,89.99,0.0,449.95,False
ORD-10810,2024-12-04,CUST-2757,South,Electronics,Webcam HD,1,79.99,0.0,79.99,False
ORD-14369,2024-03-01,CUST-3973,North,Electronics,USB-C Hub,2,39.99,0.0,79.98,False
ORD-12479,2024-11-20,CUST-1247,East,Electronics,Bluetooth Speaker,3,59.99,0.0,179.97,False
ORD-14898,2024-02-27,CUST-3959,South,Clothing,Rain Coat,1,119.99,0.15,101.99,False
ORD-14233,2024-12-26,CUST-4805,North,Clothing,Rain Coat,1,119.99,0.0,119.99,False
ORD-14949,2024-11-11,CUST-1366,East,Home & Garden,Plant Pot Set,2,34.99,0.05,66.48,True
ORD-11368,2024-03-25,CUST-4868,North,Clothing,Casual Sneakers,2,89.99,0.15,152.98,False
ORD-12668,2024-10-24,CUST-3698,East,Clothing,Yoga Pants,2,44.99,0.05,85.48,False
ORD-13477,2024-07-25,CUST-3162,West,Clothing,Wool Sweater,3,79.99,0.0,239.97,False
ORD-11520,2024-01-07,CUST-4093,North,Clothing,Winter Jacket,2,149.99,0.0,299.98,False
ORD-14683,2024-04-05,CUST-1182,North,Home & Garden,Wall Clock,3,39.99,0.1,107.97,False
ORD-10936,2024-01-18,CUST-1600,East,Electronics,Smart Watch,1,199.99,0.05,189.99,False
ORD-11205,2024-11-13,CUST-4850,West,Clothing,Rain Coat,1,119.99,0.2,95.99,False
ORD-11202,2024-01-12,CUST-2248,South,Clothing,Wool Sweater,1,79.99,0.0,79.99,False
ORD-14291,2024-01-27,CUST-4945,East,Clothing,Denim Jeans,1,59.99,0.1,53.99,False
ORD-14331,2024-02-01,CUST-2208,South,Clothing,Denim Jeans,3,59.99,0.1,161.97,False
ORD-10130,2024-06-24,CUST-4872,North,Clothing,Running Shoes,1,109.99,0.0,109.99,False
ORD-10521,2024-05-09,CUST-1109,South,Electronics,Smart Watch,1,199.99,0.15,169.99,False
ORD-10955,2024-05-02,CUST-3065,South,Clothing,Cotton T-Shirt,1,24.99,0.05,23.74,False
ORD-10913,2024-05-06,CUST-3734,North,Home & Garden,Storage Organizer,1,29.99,0.0,29.99,False
ORD-10859,2024-01-24,CUST-3412,East,Clothing,Cotton T-Shirt,1,24.99,0.15,21.24,False
ORD-12033,2024-12-14,CUST-3281,North,Clothing,Denim Jeans,1,59.99,0.25,44.99,False
ORD-11651,2024-04-16,CUST-4438,East,Electronics,LED Monitor,2,299.99,0.15,509.98,False
ORD-11315,2024-09-09,CUST-4699,West,Electronics,Wireless Headphones,4,89.99,0.1,323.96,False
ORD-12399,2024-09-09,CUST-4192,East,Electronics,Webcam HD,3,79.99,0.0,239.97,False
ORD-12959,2024-11-23,CUST-3692,East,Electronics,Wireless Headphones,1,89.99,0.0,89.99,False
ORD-12175,2024-11-28,CUST-4221,West,Electronics,Bluetooth Speaker,2,59.99,0.05,113.98,False
ORD-11809,2024-02-07,CUST-4322,East,Home & Garden,LED Desk Lamp,1,44.99,0.0,44.99,False
ORD-12332,2024-08-05,CUST-1580,South,Clothing,Rain Coat,1,119.99,0.25,89.99,False
ORD-14194,2024-08-14,CUST-4170,North,Clothing,Casual Sneakers,3,89.99,0.1,242.97,False
ORD-13026,2024-12-18,CUST-3649,South,Electronics,Smart Watch,3,199.99,0.15,509.97,False
ORD-10623,2024-06-18,CUST-3932,West,Clothing,Casual Sneakers,1,89.99,0.1,80.99,False
ORD-10688,2024-11-27,CUST-4678,West,Electronics,Mechanical Keyboard,1,129.99,0.0,129.99,False
ORD-13844,2024-03-26,CUST-4915,South,Clothing,Wool Sweater,1,79.99,0.0,79.99,False
ORD-11366,2024-10-18,CUST-2557,West,Electronics,USB-C Hub,2,39.99,0.0,79.98,False
ORD-13043,2024-05-07,CUST-3484,East,Electronics,Wireless Headphones,3,89.99,0.0,269.97,False
ORD-13758,2024-06-07,CUST-1026,South,Clothing,Denim Jeans,2,59.99,0.0,119.98,False
ORD-13865,2024-05-24,CUST-2037,North,Electronics,Bluetooth Speaker,2,59.99,0.0,119.98,False
ORD-10610,2024-01-10,CUST-2984,West,Electronics,Laptop Stand,1,49.99,0.1,44.99,False
ORD-12506,2024-11-18,CUST-1721,South,Home & Garden,Plant Pot Set,1,34.99,0.05,33.24,False
ORD-14448,2024-05-25,CUST-4018,South,Home & Garden,LED Desk Lamp,3,44.99,0.05,128.22,True
ORD-13999,2024-03-10,CUST-1622,South,Home & Garden,Air Purifier,1,159.99,0.05,151.99,False
ORD-10462,2024-10-23,CUST-3774,East,Clothing,Casual Sneakers,1,89.99,0.05,85.49,False
ORD-11573,2024-12-18,CUST-2471,West,Clothing,Wool Sweater,2,79.99,0.1,143.98,False
ORD-10792,2024-07-02,CUST-3952,North,Clothing,Casual Sneakers,2,89.99,0.2,143.98,False
ORD-12552,2024-11-05,CUST-1020,North,Electronics,Smart Watch,4,199.99,0.1,719.96,False
ORD-10308,2024-11-26,CUST-3425,East,Electronics,Laptop Stand,1,49.99,0.0,49.99,False
ORD-12121,2024-07-23,CUST-1082,West,Electronics,Wireless Headphones,3,89.99,0.0,269.97,False
ORD-12411,2024-02-02,CUST-1007,East,Clothing,Wool Sweater,3,79.99,0.05,227.97,False
ORD-10579,2024-04-03,CUST-2734,North,Electronics,Mechanical Keyboard,2,129.99,0.0,259.98,False
ORD-10105,2024-04-21,CUST-3252,East,Home & Garden,Scented Candles,1,19.99,0.05,18.99,False
ORD-11705,2024-02-28,CUST-4861,North,Clothing,Running Shoes,1,109.99,0.0,109.99,True
ORD-10999,2024-06-11,CUST-2096,West,Electronics,Laptop Stand,1,49.99,0.05,47.49,False
ORD-12555,2024-12-11,CUST-1463,North,Home & Garden,Scented Candles,1,19.99,0.0,19.99,False
ORD-11011,2024-12-27,CUST-3400,West,Electronics,Webcam HD,1,79.99,0.1,71.99,False
ORD-13502,2024-12-20,CUST-2691,East,Home & Garden,Storage Organizer,5,29.99,0.0,149.95,False
ORD-12994,2024-02-10,CUST-4285,West,Clothing,Winter Jacket,1,149.99,0.1,134.99,False
ORD-13181,2024-04-14,CUST-4235,South,Home & Garden,Throw Blanket,1,49.99,0.1,44.99,False
ORD-11034,2024-01-09,CUST-4584,East,Home & Garden,Air Purifier,1,159.99,0.0,159.99,False
ORD-14788,2024-06-23,CUST-3314,East,Home & Garden,Storage Organizer,3,29.99,0.0,89.97,False
ORD-13345,2024-10-22,CUST-3679,West,Clothing,Casual Sneakers,3,89.99,0.15,229.47,False
ORD-11336,2024-03-19,CUST-2129,North,Home & Garden,Coffee Maker,4,69.99,0.0,279.96,False
ORD-12037,2024-03-07,CUST-4034,North,Home & Garden,Throw Blanket,4,49.99,0.0,199.96,False
ORD-13819,2024-06-24,CUST-2123,South,Clothing,Winter Jacket,2,149.99,0.1,269.98,False
ORD-12381,2024-11-16,CUST-4797,West,Home & Garden,Plant Pot Set,2,34.99,0.05,66.48,False
ORD-14536,2024-06-12,CUST-4836,South,Clothing,Denim Jeans,1,59.99,0.1,53.99,False
ORD-12859,2024-03-26,CUST-3832,East,Electronics,USB-C Hub,1,39.99,0.0,39.99,False
ORD-12236,2024-12-11,CUST-3153,South,Electronics,USB-C Hub,1,39.99,0.05,37.99,False
ORD-13674,2024-08-15,CUST-2115,East,Clothing,Casual Sneakers,2,89.99,0.05,170.98,False
ORD-12095,2024-11-06,CUST-2080,South,Electronics,Mechanical Keyboard,1,129.99,0.15,110.49,False
ORD-10870,2024-05-13,CUST-1223,East,Home & Garden,Storage Organizer,3,29.99,0.0,89.97,False
ORD-13821,2024-05-13,CUST-4444,North,Home & Garden,Coffee Maker,1,69.99,0.0,69.99,True
ORD-13049,2024-04-22,CUST-4248,South,Electronics,Smart Watch,2,199.99,0.0,399.98,False
ORD-14874,2024-04-07,CUST-4811,West,Home & Garden,Scented Candles,5,19.99,0.0,99.95,False
ORD-13273,2024-07-19,CUST-1871,North,Clothing,Cotton T-Shirt,1,24.99,0.2,19.99,False
ORD-14298,2024-06-09,CUST-2540,North,Electronics,Mechanical Keyboard,1,129.99,0.15,110.49,False
ORD-13828,2024-11-10,CUST-1196,North,Clothing,Rain Coat,2,119.99,0.0,239.98,False
ORD-10976,2024-08-10,CUST-3440,South,Electronics,Mechanical Keyboard,4,129.99,0.05,493.96,True
ORD-12967,2024-07-02,CUST-3226,North,Electronics,Wireless Headphones,2,89.99,0.0,179.98,False
ORD-11707,2024-03-17,CUST-2825,East,Clothing,Denim Jeans,1,59.99,0.1,53.99,False
ORD-13659,2024-12-07,CUST-3587,North,Home & Garden,Throw Blanket,2,49.99,0.1,89.98,True
ORD-11818,2024-09-18,CUST-4779,East,Clothing,Rain Coat,2,119.99,0.1,215.98,False
ORD-12910,2024-03-10,CUST-3421,South,Electronics,LED Monitor,1,299.99,0.0,299.99,False
ORD-11173,2024-04-26,CUST-1361,South,Clothing,Running Shoes,2,109.99,0.0,219.98,False
ORD-11340,2024-04-16,CUST-1778,North,Electronics,LED Monitor,2,299.99,0.0,599.98,False
ORD-13683,2024-03-17,CUST-4421,South,Clothing,Wool Sweater,1,79.99,0.1,71.99,False
ORD-13620,2024-10-14,CUST-4589,North,Clothing,Yoga Pants,2,44.99,0.15,76.48,False
ORD-14667,2024-11-27,CUST-3708,South,Home & Garden,Throw Blanket,3,49.99,0.05,142.47,False
ORD-11509,2024-11-15,CUST-1535,South,Home & Garden,Throw Blanket,2,49.99,0.05,94.98,False
ORD-11929,2024-01-01,CUST-4925,South,Home & Garden,LED Desk Lamp,2,44.99,0.05,85.48,True
ORD-10205,2024-01-19,CUST-4453,South,Electronics,USB-C Hub,1,39.99,0.0,39.99,False
ORD-14132,2024-09-04,CUST-1989,North,Home & Garden,Storage Organizer,1,29.99,0.05,28.49,False
ORD-10353,2024-03-22,CUST-4278,East,Clothing,Yoga Pants,3,44.99,0.1,121.47,False
ORD-13082,2024-03-01,CUST-1355,East,Electronics,Wireless Headphones,1,89.99,0.1,80.99,False
ORD-14519,2024-01-04,CUST-1025,North,Electronics,Bluetooth Speaker,2,59.99,0.05,113.98,False
ORD-10731,2024-11-04,CUST-3090,West,Electronics,Mechanical Keyboard,1,129.99,0.0,129.99,False
ORD-11445,2024-03-02,CUST-4729,West,Home & Garden,Wall Clock,1,39.99,0.0,39.99,False
ORD-10702,2024-05-28,CUST-4622,South,Electronics,Smart Watch,2,199.99,0.0,399.98,False
ORD-14093,2024-12-14,CUST-1154,West,Electronics,Mechanical Keyboard,1,129.99,0.1,116.99,False
ORD-14609,2024-05-24,CUST-3457,North,Electronics,USB-C Hub,1,39.99,0.0,39.99,False
ORD-12662,2024-03-13,CUST-1364,South,Clothing,Yoga Pants,3,44.99,0.25,101.23,False
ORD-10160,2024-05-25,CUST-1134,South,Clothing,Winter Jacket,2,149.99,0.05,284.98,False
ORD-14676,2024-01-25,CUST-1291,North,Home & Garden,Storage Organizer,4,29.99,0.05,113.96,False
ORD-13549,2024-07-21,CUST-2446,North,Clothing,Denim Jeans,2,59.99,0.0,119.98,True
ORD-13430,2024-08-24,CUST-2357,North,Home & Garden,LED Desk Lamp,1,44.99,0.05,42.74,True
ORD-13185,2024-07-03,CUST-3705,East,Clothing,Cotton T-Shirt,1,24.99,0.1,22.49,True
ORD-11385,2024-05-19,CUST-4933,North,Home & Garden,Coffee Maker,1,69.99,0.1,62.99,False
ORD-10501,2024-07-13,CUST-4658,West,Home & Garden,Air Purifier,1,159.99,0.0,159.99,False
ORD-14338,2024-05-06,CUST-1763,South,Electronics,Laptop Stand,3,49.99,0.05,142.47,True
ORD-14956,2024-05-10,CUST-3921,South,Clothing,Wool Sweater,3,79.99,0.25,179.98,False
ORD-12104,2024-11-08,CUST-2698,South,Clothing,Wool Sweater,2,79.99,0.15,135.98,True
ORD-13214,2024-03-23,CUST-4285,North,Clothing,Cotton T-Shirt,2,24.99,0.25,37.48,False
ORD-12233,2024-11-05,CUST-4110,North,Electronics,USB-C Hub,2,39.99,0.0,79.98,False
ORD-14226,2024-05-03,CUST-4482,South,Clothing,Wool Sweater,3,79.99,0.1,215.97,False
ORD-13333,2024-03-16,CUST-4456,East,Electronics,Wireless Headphones,1,89.99,0.05,85.49,False
ORD-12665,2024-04-10,CUST-2648,East,Electronics,USB-C Hub,3,39.99,0.0,119.97,False
ORD-11007,2024-11-07,CUST-4039,East,Clothing,Denim Jeans,1,59.99,0.1,53.99,False
ORD-13965,2024-11-17,CUST-3633,East,Electronics,Bluetooth Speaker,2,59.99,0.0,119.98,False
ORD-12171,2024-01-16,CUST-3302,West,Electronics,Mechanical Keyboard,1,129.99,0.0,129.99,False
ORD-11890,2024-02-10,CUST-4226,North,Clothing,Running Shoes,1,109.99,0.2,87.99,False
ORD-11287,2024-05-05,CUST-1615,South,Clothing,Winter Jacket,3,149.99,0.1,404.97,False
ORD-10368,2024-03-05,CUST-3110,East,Clothing,Yoga Pants,2,44.99,0.15,76.48,False
ORD-13231,2024-08-16,CUST-2762,South,Electronics,Webcam HD,3,79.99,0.1,215.97,False
ORD-11318,2024-02-05,CUST-2821,South,Clothing,Wool Sweater,1,79.99,0.0,79.99,False
ORD-10493,2024-03-27,CUST-2770,West,Clothing,Rain Coat,4,119.99,0.1,431.96,False
ORD-11963,2024-05-18,CUST-3879,West,Clothing,Wool Sweater,5,79.99,0.0,399.95,True
ORD-14174,2024-12-07,CUST-4331,North,Electronics,Mechanical Keyboard,2,129.99,0.0,259.98,False
ORD-14692,2024-05-18,CUST-4362,North,Home & Garden,Air Purifier,1,159.99,0.0,159.99,False
ORD-10333,2024-02-11,CUST-2769,South,Clothing,Cotton T-Shirt,1,24.99,0.05,23.74,False
ORD-11475,2024-09-10,CUST-4674,East,Clothing,Denim Jeans,2,59.99,0.0,119.98,False
ORD-10679,2024-12-15,CUST-3176,West,Home & Garden,LED Desk Lamp,1,44.99,0.05,42.74,False
ORD-12836,2024-12-11,CUST-3000,North,Electronics,Laptop Stand,1,49.99,0.05,47.49,False
ORD-11138,2024-06-26,CUST-1230,East,Electronics,Wireless Headphones,1,89.99,0.05,85.49,False
ORD-11221,2024-03-16,CUST-2288,South,Electronics,USB-C Hub,2,39.99,0.1,71.98,False
ORD-13781,2024-05-22,CUST-2605,East,Clothing,Rain Coat,1,119.99,0.25,89.99,False
ORD-12898,2024-06-06,CUST-3062,North,Electronics,Webcam HD,1,79.99,0.0,79.99,False
ORD-10380,2024-02-04,CUST-3850,South,Clothing,Winter Jacket,2,149.99,0.15,254.98,False
ORD-14115,2024-05-23,CUST-2900,West,Clothing,Rain Coat,2,119.99,0.0,239.98,False
ORD-14471,2024-12-17,CUST-4339,North,Clothing,Wool Sweater,2,79.99,0.05,151.98,False
ORD-10067,2024-11-25,CUST-1883,North,Electronics,Smart Watch,3,199.99,0.05,569.97,False
ORD-13272,2024-10-19,CUST-1771,East,Clothing,Wool Sweater,1,79.99,0.1,71.99,False
ORD-13687,2024-05-18,CUST-1866,East,Clothing,Yoga Pants,2,44.99,0.1,80.98,False
ORD-11882,2024-09-03,CUST-3728,East,Clothing,Running Shoes,3,109.99,0.0,329.97,False
ORD-10477,2024-07-19,CUST-4330,West,Electronics,Webcam HD,2,79.99,0.0,159.98,False
ORD-14518,2024-03-16,CUST-4540,West,Electronics,Bluetooth Speaker,5,59.99,0.0,299.95,False
ORD-14957,2024-09-22,CUST-4330,South,Electronics,LED Monitor,2,299.99,0.0,599.98,True
ORD-12382,2024-12-07,CUST-3586,South,Clothing,Denim Jeans,1,59.99,0.0,59.99,False
ORD-11172,2024-09-02,CUST-4139,South,Electronics,Webcam HD,1,79.99,0.0,79.99,False
ORD-14764,2024-07-16,CUST-2509,East,Clothing,Casual Sneakers,3,89.99,0.0,269.97,False
ORD-12359,2024-02-04,CUST-2001,West,Home & Garden,Wall Clock,1,39.99,0.05,37.99,False
ORD-10425,2024-07-08,CUST-2964,South,Clothing,Yoga Pants,1,44.99,0.2,35.99,False
ORD-12255,2024-08-23,CUST-3581,North,Electronics,Mechanical Keyboard,3,129.99,0.05,370.47,False
ORD-11333,2024-12-02,CUST-3457,East,Clothing,Rain Coat,1,119.99,0.15,101.99,True
ORD-10199,2024-11-15,CUST-3459,North,Home & Garden,Storage Organizer,2,29.99,0.0,59.98,False
ORD-12357,2024-01-11,CUST-4098,North,Electronics,Mechanical Keyboard,1,129.99,0.05,123.49,False
ORD-13541,2024-11-26,CUST-1374,East,Clothing,Yoga Pants,2,44.99,0.15,76.48,False
ORD-11938,2024-06-13,CUST-4667,North,Home & Garden,Throw Blanket,1,49.99,0.0,49.99,False
ORD-14452,2024-11-01,CUST-1082,East,Electronics,Laptop Stand,5,49.99,0.0,249.95,False
ORD-10143,2024-04-27,CUST-3748,North,Clothing,Running Shoes,2,109.99,0.0,219.98,False
ORD-14877,2024-10-13,CUST-3838,East,Clothing,Cotton T-Shirt,3,24.99,0.2,59.98,False
ORD-10249,2024-11-26,CUST-1263,East,Electronics,LED Monitor,3,299.99,0.0,899.97,False
ORD-13881,2024-10-07,CUST-2915,South,Electronics,USB-C Hub,1,39.99,0.05,37.99,False
ORD-11454,2024-01-24,CUST-2785,North,Clothing,Casual Sneakers,1,89.99,0.25,67.49,False
ORD-14796,2024-03-08,CUST-3686,North,Clothing,Rain Coat,4,119.99,0.0,479.96,False
ORD-10417,2024-05-23,CUST-3162,East,Home & Garden,Storage Organizer,2,29.99,0.0,59.98,False
ORD-10911,2024-04-13,CUST-3164,South,Electronics,Smart Watch,4,199.99,0.0,799.96,False
ORD-14573,2024-11-07,CUST-4607,West,Electronics,LED Monitor,2,299.99,0.0,599.98,False
ORD-12596,2024-04-10,CUST-1600,East,Electronics,LED Monitor,1,299.99,0.0,299.99,False
ORD-13925,2024-01-10,CUST-4550,North,Clothing,Wool Sweater,2,79.99,0.05,151.98,False
ORD-13453,2024-05-22,CUST-3107,North,Clothing,Winter Jacket,1,149.99,0.2,119.99,False
ORD-12309,2024-05-22,CUST-2902,East,Clothing,Rain Coat,5,119.99,0.05,569.95,False
ORD-12112,2024-03-18,CUST-1098,South,Electronics,USB-C Hub,1,39.99,0.05,37.99,False
ORD-14646,2024-10-04,CUST-4622,South,Clothing,Winter Jacket,4,149.99,0.0,599.96,False
ORD-13419,2024-01-22,CUST-4265,North,Clothing,Running Shoes,1,109.99,0.2,87.99,False
ORD-13176,2024-09-11,CUST-3257,South,Home & Garden,Storage Organizer,1,29.99,0.0,29.99,False
ORD-12695,2024-07-07,CUST-4171,West,Clothing,Winter Jacket,2,149.99,0.05,284.98,False
ORD-11288,2024-01-21,CUST-2284,East,Clothing,Casual Sneakers,1,89.99,0.1,80.99,False
ORD-11655,2024-12-04,CUST-2908,North,Home & Garden,Wall Clock,2,39.99,0.1,71.98,False
ORD-10912,2024-09-11,CUST-1591,West,Home & Garden,Air Purifier,3,159.99,0.05,455.97,False
ORD-13432,2024-10-27,CUST-2519,North,Clothing,Denim Jeans,2,59.99,0.1,107.98,False
ORD-14072,2024-08-24,CUST-3863,West,Clothing,Casual Sneakers,3,89.99,0.1,242.97,False
ORD-10765,2024-07-06,CUST-3525,West,Electronics,Wireless Headphones,1,89.99,0.0,89.99,False
ORD-14244,2024-06-11,CUST-3078,North,Home & Garden,Wall Clock,2,39.99,0.0,79.98,False
ORD-10146,2024-08-28,CUST-2969,South,Home & Garden,Plant Pot Set,1,34.99,0.0,34.99,False
ORD-11133,2024-03-09,CUST-1022,North,Home & Garden,LED Desk Lamp,3,44.99,0.0,134.97,False
ORD-12656,2024-11-12,CUST-4808,South,Clothing,Rain Coat,4,119.99,0.25,359.97,False
ORD-10394,2024-05-07,CUST-1149,East,Clothing,Cotton T-Shirt,5,24.99,0.1,112.46,False
ORD-13597,2024-07-18,CUST-4135,North,Home & Garden,Plant Pot Set,2,34.99,0.0,69.98,False
ORD-10045,2024-09-06,CUST-2838,East,Clothing,Cotton T-Shirt,1,24.99,0.15,21.24,False
ORD-13269,2024-10-16,CUST-4257,East,Home & Garden,Storage Organizer,3,29.99,0.0,89.97,False
ORD-13286,2024-05-19,CUST-4594,West,Clothing,Wool Sweater,2,79.99,0.1,143.98,False
ORD-10321,2024-10-03,CUST-2065,South,Clothing,Yoga Pants,2,44.99,0.15,76.48,True
ORD-12159,2024-10-28,CUST-4815,West,Electronics,LED Monitor,1,299.99,0.0,299.99,False
ORD-14566,2024-04-19,CUST-1166,East,Clothing,Running Shoes,3,109.99,0.0,329.97,False
ORD-11957,2024-06-13,CUST-4319,West,Clothing,Running Shoes,5,109.99,0.2,439.96,False
ORD-13459,2024-09-28,CUST-1195,North,Clothing,Rain Coat,1,119.99,0.15,101.99,False
ORD-12427,2024-12-08,CUST-1587,South,Clothing,Cotton T-Shirt,3,24.99,0.1,67.47,False
ORD-13892,2024-10-04,CUST-2768,West,Home & Garden,Plant Pot Set,1,34.99,0.0,34.99,False
ORD-12184,2024-09-16,CUST-1358,South,Home & Garden,LED Desk Lamp,2,44.99,0.0,89.98,False
ORD-13433,2024-06-15,CUST-1078,West,Electronics,LED Monitor,1,299.99,0.0,299.99,True
ORD-12701,2024-12-09,CUST-4776,East,Electronics,Webcam HD,2,79.99,0.0,159.98,False
ORD-14801,2024-01-06,CUST-4928,South,Clothing,Yoga Pants,3,44.99,0.2,107.98,False
ORD-12071,2024-07-11,CUST-2440,East,Home & Garden,Storage Organizer,2,29.99,0.0,59.98,False
ORD-11367,2024-12-14,CUST-3634,West,Electronics,Laptop Stand,1,49.99,0.0,49.99,False
ORD-13095,2024-10-09,CUST-2876,North,Electronics,USB-C Hub,2,39.99,0.1,71.98,False
ORD-12364,2024-08-07,CUST-3227,East,Clothing,Yoga Pants,1,44.99,0.0,44.99,False
ORD-10930,2024-02-01,CUST-2197,West,Electronics,USB-C Hub,2,39.99,0.0,79.98,False
ORD-12268,2024-03-01,CUST-1810,East,Clothing,Running Shoes,1,109.99,0.05,104.49,False
ORD-12975,2024-01-03,CUST-4887,North,Electronics,Laptop Stand,3,49.99,0.15,127.47,False
ORD-13951,2024-11-15,CUST-2721,South,Home & Garden,Air Purifier,3,159.99,0.0,479.97,True
ORD-13141,2024-12-10,CUST-3335,West,Home & Garden,Plant Pot Set,4,34.99,0.05,132.96,True
ORD-11945,2024-07-14,CUST-3563,West,Electronics,USB-C Hub,3,39.99,0.05,113.97,False
ORD-14227,2024-09-26,CUST-1497,North,Home & Garden,Air Purifier,1,159.99,0.0,159.99,False
ORD-12581,2024-12-12,CUST-4965,East,Clothing,Denim Jeans,3,59.99,0.1,161.97,False
ORD-10435,2024-10-16,CUST-1448,South,Home & Garden,LED Desk Lamp,2,44.99,0.0,89.98,True
ORD-10606,2024-03-24,CUST-1448,South,Electronics,LED Monitor,4,299.99,0.05,1139.96,False
ORD-10074,2024-10-17,CUST-3039,North,Clothing,Winter Jacket,2,149.99,0.0,299.98,False
ORD-11764,2024-03-09,CUST-4193,West,Home & Garden,LED Desk Lamp,5,44.99,0.0,224.95,False
ORD-13515,2024-12-03,CUST-4875,South,Clothing,Casual Sneakers,1,89.99,0.1,80.99,True
ORD-13238,2024-08-10,CUST-4855,East,Home & Garden,Wall Clock,1,39.99,0.0,39.99,False
ORD-11322,2024-12-14,CUST-4402,North,Home & Garden,Scented Candles,2,19.99,0.05,37.98,True
ORD-11576,2024-01-08,CUST-2275,West,Electronics,Mechanical Keyboard,4,129.99,0.0,519.96,False
ORD-13742,2024-10-18,CUST-2206,South,Clothing,Yoga Pants,2,44.99,0.25,67.48,False
ORD-10113,2024-11-09,CUST-2066,East,Electronics,Smart Watch,5,199.99,0.1,899.96,False
ORD-10986,2024-10-15,CUST-1348,East,Home & Garden,Plant Pot Set,1,34.99,0.0,34.99,False
ORD-14561,2024-04-25,CUST-1183,North,Electronics,Wireless Headphones,1,89.99,0.05,85.49,False
ORD-10747,2024-07-07,CUST-1899,South,Electronics,Bluetooth Speaker,2,59.99,0.0,119.98,False
ORD-11863,2024-07-19,CUST-3880,South,Clothing,Denim Jeans,3,59.99,0.0,179.97,False
ORD-10222,2024-02-25,CUST-4026,East,Clothing,Cotton T-Shirt,2,24.99,0.05,96.63,False
ORD-12566,2024-03-17,CUST-2427,North,Clothing,Denim Jeans,4,59.99,0.15,203.97,False
ORD-11348,2024-12-05,CUST-4557,East,Clothing,Denim Jeans,3,59.99,0.1,161.97,False
ORD-11502,2024-01-19,CUST-4217,North,Clothing,Yoga Pants,1,44.99,0.15,38.24,False
ORD-14136,2024-10-26,CUST-3548,North,Electronics,USB-C Hub,3,39.99,0.1,107.97,False
ORD-11664,2024-11-10,CUST-3004,South,Clothing,Yoga Pants,3,44.99,0.15,114.72,False
ORD-14824,2024-07-02,CUST-2012,East,Clothing,Casual Sneakers,3,89.99,0.05,256.47,False
ORD-14363,2024-07-19,CUST-2947,East,Clothing,Wool Sweater,1,79.99,0.25,59.99,True
ORD-13167,2024-02-01,CUST-2324,South,Home & Garden,LED Desk Lamp,2,44.99,0.0,89.98,False
ORD-10035,2024-11-08,CUST-2775,North,Electronics,Smart Watch,4,199.99,0.05,759.96,False
ORD-10830,2024-03-13,CUST-4447,East,Home & Garden,Throw Blanket,3,49.99,0.05,142.47,False
ORD-14168,2024-04-08,CUST-4784,North,Home & Garden,Plant Pot Set,4,34.99,0.0,139.96,True
ORD-14180,2024-05-07,CUST-2376,South,Clothing,Cotton T-Shirt,3,24.99,0.05,71.22,False
ORD-11761,2024-11-25,CUST-4744,West,Clothing,Denim Jeans,1,59.99,0.25,44.99,False
ORD-12863,2024-08-16,CUST-4850,West,Electronics,Wireless Headphones,2,89.99,0.0,179.98,False
ORD-10347,2024-01-25,CUST-3172,East,Electronics,LED Monitor,5,299.99,0.05,1424.95,True
ORD-10167,2024-03-23,CUST-1373,South,Clothing,Denim Jeans,4,59.99,0.1,215.96,False
ORD-14663,2024-11-04,CUST-2680,East,Clothing,Cotton T-Shirt,1,24.99,0.1,22.49,False
ORD-10116,2024-11-06,CUST-1131,North,Home & Garden,Air Purifier,3,159.99,0.0,479.97,True
ORD-10530,2024-11-19,CUST-1861,North,Electronics,Mechanical Keyboard,2,129.99,0.05,246.98,False
ORD-11394,2024-05-26,CUST-3187,West,Electronics,Laptop Stand,5,49.99,0.1,224.96,False
ORD-12590,2024-11-27,CUST-1463,East,Electronics,Smart Watch,2,199.99,0.05,379.98,False
ORD-12368,2024-05-24,CUST-1782,North,Clothing,Casual Sneakers,1,89.99,0.0,89.99,False
ORD-11028,2024-04-19,CUST-2595,,Home & Garden,Storage Organizer,4,29.99,0.0,119.96,False
ORD-11641,2024-11-27,CUST-2336,South,Electronics,Laptop Stand,1,49.99,0.1,44.99,False
ORD-12521,2024-02-16,CUST-2787,South,Clothing,Denim Jeans,2,59.99,0.1,107.98,False
ORD-14726,2024-12-11,CUST-1500,South,Electronics,USB-C Hub,1,39.99,0.0,39.99,False
ORD-13051,2024-06-01,CUST-3868,East,Electronics,Wireless Headphones,2,89.99,0.0,179.98,False
ORD-13776,2024-11-20,CUST-3760,South,Home & Garden,Wall Clock,1,39.99,0.0,39.99,True
ORD-14109,2024-08-11,CUST-3494,West,Clothing,Winter Jacket,2,149.99,0.15,254.98,False
ORD-14377,2024-11-22,CUST-2652,East,Clothing,Cotton T-Shirt,4,24.99,0.0,99.96,False
ORD-14551,2024-01-16,CUST-2356,South,Electronics,LED Monitor,1,299.99,0.1,269.99,False
ORD-14204,2024-02-21,CUST-1673,South,Electronics,Webcam HD,1,79.99,0.1,71.99,False
ORD-14736,2024-07-01,CUST-1519,East,Clothing,Denim Jeans,2,59.99,0.1,107.98,False
ORD-13204,2024-10-05,CUST-1460,South,Home & Garden,Scented Candles,2,19.99,0.0,39.98,False
ORD-14237,2024-11-12,CUST-2540,East,Clothing,Yoga Pants,2,44.99,0.1,80.98,False
ORD-11779,2024-11-12,CUST-2913,North,Home & Garden,LED Desk Lamp,3,44.99,0.05,128.22,True
ORD-11025,2024-06-06,CUST-4521,North,Clothing,Wool Sweater,1,79.99,0.15,67.99,False
ORD-14254,2024-03-26,CUST-3209,West,Home & Garden,LED Desk Lamp,2,44.99,0.1,80.98,False
ORD-13766,2024-08-20,CUST-2479,North,Electronics,Webcam HD,2,79.99,0.0,159.98,False
ORD-10081,2024-09-25,CUST-2239,East,Clothing,Cotton T-Shirt,2,24.99,0.1,44.98,False
ORD-14368,2024-03-02,CUST-2226,South,Clothing,Winter Jacket,1,149.99,0.1,134.99,False
ORD-12030,2024-03-03,CUST-3470,East,Electronics,LED Monitor,1,299.99,0.05,284.99,True
ORD-13721,2024-11-12,CUST-4270,North,Home & Garden,LED Desk Lamp,2,44.99,0.0,89.98,False
ORD-13747,2024-06-26,CUST-1824,North,Clothing,Wool Sweater,1,79.99,0.0,79.99,False
ORD-11476,2024-11-12,CUST-3722,North,Clothing,Rain Coat,2,119.99,0.0,239.98,False
ORD-12716,2024-09-04,CUST-1969,South,Electronics,LED Monitor,1,299.99,0.05,284.99,False
ORD-14158,2024-12-21,CUST-3648,West,Clothing,Denim Jeans,2,59.99,0.15,101.98,False
ORD-13663,2024-01-13,CUST-1250,East,Home & Garden,Throw Blanket,3,49.99,0.05,142.47,False
ORD-14735,2024-02-04,CUST-4203,North,Clothing,Cotton T-Shirt,3,24.99,0.15,63.72,False
ORD-12673,2024-03-07,CUST-3908,South,Clothing,Wool Sweater,1,79.99,0.2,63.99,False
ORD-11477,2024-11-17,CUST-1796,South,Electronics,Webcam HD,2,79.99,0.15,135.98,False
ORD-14063,2024-04-14,CUST-3396,West,Electronics,LED Monitor,3,299.99,0.05,854.97,False
ORD-12483,2024-02-19,CUST-2142,North,Clothing,Running Shoes,1,109.99,0.2,87.99,False
ORD-12562,2024-01-18,CUST-1023,West,Clothing,Winter Jacket,2,149.99,0.2,239.98,False
ORD-14880,2024-03-02,CUST-1506,South,Clothing,Casual Sneakers,1,89.99,0.1,80.99,False
ORD-12157,2024-05-07,CUST-4015,East,Clothing,Wool Sweater,1,79.99,0.1,71.99,False
ORD-11886,2024-01-20,CUST-2827,North,Home & Garden,Air Purifier,4,159.99,0.0,639.96,False
ORD-11956,2024-09-24,CUST-2534,East,Home & Garden,Coffee Maker,1,69.99,0.1,62.99,False
ORD-11629,2024-06-18,CUST-2890,North,Electronics,Wireless Headphones,1,89.99,0.0,89.99,False
ORD-12698,2024-11-13,CUST-1860,North,Home & Garden,Wall Clock,4,39.99,0.05,151.96,False
ORD-13993,2024-01-26,CUST-3410,West,Clothing,Yoga Pants,2,44.99,0.0,89.98,False
ORD-10040,2024-02-14,CUST-3670,South,Clothing,Running Shoes,1,109.99,0.05,104.49,False
ORD-11704,2024-06-04,CUST-2543,West,Clothing,Wool Sweater,1,79.99,0.0,79.99,False
ORD-12693,2024-06-28,CUST-2827,West,Home & Garden,Storage Organizer,2,29.99,0.05,56.98,False
ORD-14698,2024-02-05,CUST-4862,West,Clothing,Denim Jeans,2,59.99,0.2,95.98,False
ORD-13302,2024-07-09,CUST-2948,South,Electronics,Smart Watch,2,199.99,0.05,379.98,False
ORD-14362,2024-11-28,CUST-2590,West,Electronics,Smart Watch,1,199.99,0.05,189.99,False
ORD-13173,2024-03-23,CUST-3441,South,Home & Garden,Storage Organizer,1,29.99,0.0,29.99,False
ORD-13136,2024-10-06,CUST-4450,North,Electronics,LED Monitor,1,299.99,0.0,299.99,False
ORD-10311,2024-01-01,CUST-1962,South,Clothing,Wool Sweater,1,79.99,0.2,63.99,False
ORD-11631,2024-05-09,CUST-4618,East,Electronics,Smart Watch,2,199.99,0.0,399.98,False
ORD-14749,2024-11-20,CUST-4176,North,Electronics,Laptop Stand,1,49.99,0.0,49.99,False
ORD-12067,2024-04-08,CUST-1581,North,Home & Garden,Throw Blanket,2,49.99,0.0,99.98,False
ORD-11426,2024-01-02,CUST-1424,South,Clothing,Running Shoes,2,109.99,0.2,175.98,False
ORD-12002,2024-12-04,CUST-1036,East,Electronics,Wireless Headphones,4,89.99,0.05,341.96,False
ORD-10357,2024-08-22,CUST-4769,South,Electronics,Mechanical Keyboard,2,129.99,0.0,259.98,False
ORD-12408,2024-12-24,CUST-4569,North,Clothing,Cotton T-Shirt,2,24.99,0.1,44.98,False
ORD-11129,2024-04-14,CUST-1707,East,Electronics,Wireless Headphones,1,89.99,0.15,76.49,False
ORD-13517,2024-05-17,CUST-4291,South,Clothing,Denim Jeans,1,59.99,0.2,47.99,False
ORD-14056,2024-11-11,CUST-2570,South,Electronics,Bluetooth Speaker,5,59.99,0.15,254.96,False
ORD-11827,2024-12-17,CUST-2777,South,Clothing,Yoga Pants,3,44.99,0.0,134.97,False
ORD-12440,2024-07-22,CUST-3748,North,Home & Garden,Air Purifier,2,159.99,0.1,287.98,True
ORD-10128,2024-01-18,CUST-1219,East,Clothing,Cotton T-Shirt,1,24.99,0.0,24.99,False
ORD-11009,2024-06-14,CUST-1792,South,Electronics,USB-C Hub,2,39.99,0.0,79.98,False
ORD-11813,2024-01-16,CUST-1060,South,Electronics,Webcam HD,1,79.99,0.1,71.99,False
ORD-13644,2024-11-23,CUST-4907,South,Clothing,Yoga Pants,4,44.99,0.15,152.97,False
ORD-10657,2024-05-17,CUST-3276,West,Electronics,Wireless Headphones,1,89.99,0.0,89.99,False
ORD-11246,2024-02-07,CUST-3784,North,Home & Garden,Air Purifier,5,159.99,0.0,799.95,False
ORD-14810,2024-03-24,CUST-4689,East,Clothing,Wool Sweater,2,79.99,0.1,143.98,False
ORD-12771,2024-04-23,CUST-1783,East,Home & Garden,LED Desk Lamp,1,44.99,0.05,42.74,True
ORD-10201,2024-02-08,CUST-1207,West,Home & Garden,LED Desk Lamp,1,44.99,0.1,40.49,False
ORD-13344,2024-06-17,CUST-3068,North,Clothing,Cotton T-Shirt,2,24.99,0.0,49.98,False
ORD-14853,2024-05-07,CUST-1658,North,Clothing,Wool Sweater,2,79.99,0.2,127.98,False
ORD-11421,2024-07-03,CUST-3872,East,Electronics,Bluetooth Speaker,2,59.99,0.15,101.98,False
ORD-11817,2024-11-08,CUST-3414,East,Clothing,Rain Coat,1,119.99,0.1,107.99,False
ORD-10954,2024-06-03,CUST-1386,West,Electronics,USB-C Hub,3,39.99,0.0,119.97,False
ORD-13048,2024-05-26,CUST-1291,South,Electronics,USB-C Hub,1,39.99,0.0,39.99,False
ORD-12418,2024-01-08,CUST-4410,South,Electronics,USB-C Hub,1,39.99,0.0,39.99,False
ORD-13698,2024-12-23,CUST-3994,West,Electronics,Mechanical Keyboard,1,129.99,0.0,129.99,False
ORD-12361,2024-06-21,CUST-4648,North,Home & Garden,Throw Blanket,4,49.99,0.0,199.96,False
ORD-13359,2024-09-22,CUST-3059,North,Home & Garden,LED Desk Lamp,1,44.99,0.05,42.74,False
ORD-10996,2024-12-03,CUST-2388,East,Clothing,Denim Jeans,5,59.99,0.2,239.96,False
ORD-10593,2024-05-16,CUST-2104,North,Electronics,USB-C Hub,2,39.99,0.05,75.98,False
ORD-10970,2024-09-27,CUST-3555,West,Electronics,Laptop Stand,1,49.99,0.0,49.99,False
ORD-10202,2024-03-25,CUST-1404,East,Clothing,Winter Jacket,2,149.99,0.2,239.98,False
ORD-14568,2024-02-18,CUST-2871,South,Clothing,Running Shoes,2,109.99,0.05,208.98,False
ORD-11974,2024-04-10,CUST-3674,East,Electronics,LED Monitor,2,299.99,0.0,599.98,False
ORD-14016,2024-12-05,CUST-4021,North,Electronics,Smart Watch,2,199.99,0.0,399.98,False
ORD-14841,2024-12-06,CUST-1877,South,Home & Garden,Throw Blanket,1,49.99,0.05,47.49,False
ORD-13318,2024-11-09,CUST-1863,North,Clothing,Rain Coat,2,119.99,0.1,215.98,False
ORD-13863,2024-04-18,CUST-2254,North,Home & Garden,Scented Candles,3,19.99,0.0,59.97,False
ORD-14990,2024-12-13,CUST-3907,East,Electronics,Wireless Headphones,3,89.99,0.1,242.97,False
ORD-11980,2024-03-11,CUST-4347,West,Clothing,Rain Coat,1,119.99,0.1,107.99,False
ORD-12380,2024-11-20,CUST-3420,South,Clothing,Wool Sweater,1,79.99,0.05,75.99,False
ORD-12486,2024-06-08,CUST-1908,South,Electronics,Webcam HD,1,79.99,0.0,79.99,False
ORD-12374,2024-10-13,CUST-4003,South,Electronics,USB-C Hub,3,39.99,0.0,119.97,False
ORD-14104,2024-04-04,CUST-3212,West,Clothing,Running Shoes,1,109.99,0.15,93.49,False
ORD-14915,2024-12-23,CUST-3758,East,Electronics,Wireless Headphones,2,89.99,0.0,179.98,False
ORD-13097,2024-02-07,CUST-3741,North,Clothing,Yoga Pants,3,44.99,0.1,121.47,False
ORD-14535,2024-08-17,CUST-4938,East,Clothing,Rain Coat,1,119.99,0.0,119.99,False
ORD-13089,2024-04-03,CUST-4512,East,Clothing,Yoga Pants,5,44.99,0.2,179.96,False
ORD-14430,2024-10-10,CUST-4328,West,Clothing,Wool Sweater,2,79.99,0.25,119.98,False
ORD-11187,2024-01-01,CUST-3509,East,Clothing,Cotton T-Shirt,2,24.99,0.05,47.48,False
ORD-12329,2024-01-21,CUST-1166,East,Electronics,Laptop Stand,3,49.99,0.0,149.97,False
ORD-12342,2024-02-15,CUST-2172,West,Electronics,Wireless Headphones,3,89.99,0.0,269.97,False
ORD-10351,2024-11-05,CUST-4778,West,Clothing,Wool Sweater,1,79.99,0.2,63.99,False
ORD-13403,2024-05-10,CUST-4069,South,Electronics,USB-C Hub,1,39.99,0.0,39.99,False
ORD-11755,2024-11-20,CUST-3337,East,Home & Garden,Scented Candles,1,19.99,0.0,19.99,True
ORD-11595,2024-08-16,CUST-3741,West,Home & Garden,Wall Clock,4,39.99,0.05,151.96,False
ORD-10042,2024-01-14,CUST-2182,South,Home & Garden,Coffee Maker,3,69.99,0.1,188.97,False
ORD-14739,2024-09-01,CUST-4100,West,Electronics,Laptop Stand,2,49.99,0.1,89.98,False
ORD-12149,2024-11-02,CUST-3408,South,Clothing,Denim Jeans,1,59.99,0.25,44.99,True
ORD-13347,2024-03-08,CUST-3066,South,Clothing,Cotton T-Shirt,3,24.99,0.25,56.23,False
ORD-14531,2024-03-09,CUST-2984,South,Electronics,Laptop Stand,1,49.99,0.0,49.99,False
ORD-12494,2024-07-28,CUST-3778,South,Home & Garden,Wall Clock,1,39.99,0.05,37.99,False
ORD-13635,2024-06-23,CUST-2433,South,Home & Garden,Scented Candles,1,19.99,0.1,17.99,False
ORD-11273,2024-01-25,CUST-4337,South,Clothing,Wool Sweater,2,79.99,0.1,143.98,False
ORD-12182,2024-01-20,CUST-3723,West,Home & Garden,Scented Candles,2,19.99,0.0,39.98,False
ORD-10574,2024-12-10,CUST-4725,South,Home & Garden,Throw Blanket,3,49.99,0.0,149.97,False
ORD-11920,2024-10-02,CUST-1484,South,Home & Garden,Storage Organizer,2,29.99,0.05,56.98,False
ORD-12924,2024-05-08,CUST-4035,North,Clothing,Denim Jeans,1,59.99,0.0,59.99,False
ORD-14639,2024-11-02,CUST-1134,East,Home & Garden,Scented Candles,2,19.99,0.0,39.98,False
ORD-10856,2024-01-28,CUST-1118,South,Electronics,LED Monitor,2,299.99,0.1,539.98,False
ORD-12176,2024-04-05,CUST-1785,West,Clothing,Winter Jacket,2,149.99,0.15,254.98,False
ORD-13468,2024-11-10,CUST-1567,West,Clothing,Denim Jeans,3,59.99,0.1,161.97,False
ORD-12795,2024-08-22,CUST-4257,West,Home & Garden,Storage Organizer,1,29.99,0.1,26.99,False
ORD-12047,2024-10-28,CUST-2417,West,Electronics,Webcam HD,5,79.99,0.0,399.95,True
ORD-11808,2024-03-10,CUST-4002,,Home & Garden,Scented Candles,2,19.99,0.0,39.98,False
ORD-12620,2024-11-06,CUST-2701,West,Home & Garden,Scented Candles,3,19.99,0.05,56.97,False
ORD-14559,2024-12-03,CUST-2317,East,Electronics,Bluetooth Speaker,2,59.99,0.0,119.98,False
ORD-11898,2024-05-16,CUST-1249,West,Home & Garden,Throw Blanket,1,49.99,0.05,47.49,False
ORD-11846,2024-02-18,CUST-4739,East,Clothing,Yoga Pants,1,44.99,0.0,44.99,True
ORD-14474,2024-09-06,CUST-4152,East,Home & Garden,Wall Clock,1,39.99,0.0,39.99,False
ORD-10875,2024-03-08,CUST-3640,South,Home & Garden,Plant Pot Set,2,34.99,0.1,62.98,False
ORD-10103,2024-07-21,CUST-3526,West,Clothing,Rain Coat,2,119.99,0.05,227.98,False
ORD-13678,2024-11-28,CUST-1420,East,Home & Garden,Storage Organizer,4,29.99,0.0,119.96,False
ORD-12458,2024-06-22,CUST-1876,South,Electronics,Bluetooth Speaker,3,59.99,0.0,179.97,False
ORD-14057,2024-01-25,CUST-4927,South,Home & Garden,Throw Blanket,1,49.99,0.0,49.99,True
ORD-13226,2024-04-16,CUST-4782,North,Electronics,USB-C Hub,1,39.99,0.1,35.99,False
ORD-13409,2024-01-24,CUST-3670,North,Clothing,Cotton T-Shirt,1,24.99,0.15,21.24,False
ORD-10604,2024-02-19,CUST-1801,North,Home & Garden,Throw Blanket,5,49.99,0.0,249.95,False
ORD-10988,2024-04-16,CUST-1637,North,Home & Garden,Coffee Maker,2,69.99,0.1,125.98,False
ORD-11233,2024-01-03,CUST-3622,South,Electronics,Wireless Headphones,1,89.99,0.1,80.99,False
ORD-10066,2024-02-22,CUST-4424,North,Clothing,Denim Jeans,4,59.99,0.25,179.97,False
ORD-11433,2024-09-07,CUST-2771,West,Clothing,Wool Sweater,2,79.99,0.1,143.98,False
ORD-10384,2024-10-15,CUST-2080,South,Home & Garden,Throw Blanket,2,49.99,0.0,99.98,False
ORD-10893,2024-05-08,CUST-4983,South,Electronics,LED Monitor,2,299.99,0.0,599.98,False
ORD-10056,2024-02-19,CUST-4167,East,Home & Garden,Storage Organizer,2,29.99,0.1,53.98,False
ORD-10711,2024-08-03,CUST-1634,East,Clothing,Wool Sweater,1,79.99,0.15,67.99,False
ORD-12372,2024-10-24,CUST-1270,North,Home & Garden,Air Purifier,1,159.99,0.0,159.99,False
ORD-12126,2024-09-10,CUST-1249,West,Electronics,Webcam HD,1,79.99,0.0,79.99,False
ORD-12588,2024-04-13,CUST-1174,South,Electronics,Wireless Headphones,1,89.99,0.0,89.99,False
ORD-10355,2024-09-10,CUST-1287,North,Clothing,Denim Jeans,3,59.99,0.15,152.97,False
ORD-11842,2024-06-23,CUST-1417,West,Clothing,Wool Sweater,1,79.99,0.05,75.99,False
ORD-12407,2024-03-25,CUST-3616,West,Home & Garden,Storage Organizer,1,29.99,0.05,28.49,False
ORD-11018,2024-12-03,CUST-1564,South,Clothing,Wool Sweater,1,79.99,0.2,63.99,False
ORD-11314,2024-06-19,CUST-2849,West,Clothing,Wool Sweater,3,79.99,0.1,215.97,False
ORD-13296,2024-09-02,CUST-2089,South,Clothing,Denim Jeans,1,59.99,0.1,53.99,False
ORD-12963,2024-12-13,CUST-2103,East,Clothing,Cotton T-Shirt,1,24.99,0.15,21.24,False
ORD-10307,2024-05-12,CUST-1442,South,Home & Garden,Coffee Maker,1,69.99,0.0,69.99,False
ORD-13461,2024-03-14,CUST-3672,South,Electronics,Bluetooth Speaker,2,59.99,0.0,119.98,False
ORD-10813,2024-12-03,CUST-4444,East,Clothing,Rain Coat,2,119.99,0.05,227.98,False
ORD-10041,2024-06-23,CUST-1129,East,Electronics,Smart Watch,1,199.99,0.0,199.99,False
ORD-14411,2024-01-16,CUST-4679,East,Home & Garden,Plant Pot Set,1,34.99,0.05,33.24,True
ORD-11405,2024-06-20,CUST-2682,North,Electronics,Mechanical Keyboard,3,129.99,0.05,370.47,False
ORD-13580,2024-06-20,CUST-4444,East,Clothing,Wool Sweater,1,79.99,0.1,71.99,False
ORD-11681,2024-12-26,CUST-3370,South,Electronics,Bluetooth Speaker,2,59.99,0.0,119.98,False
ORD-10882,2024-01-05,CUST-2272,South,Home & Garden,Throw Blanket,3,49.99,0.1,134.97,False
ORD-13604,2024-03-17,CUST-1865,North,Home & Garden,Wall Clock,2,39.99,0.0,79.98,False
ORD-10698,2024-03-02,CUST-1567,North,Electronics,USB-C Hub,1,39.99,0.05,37.99,False
ORD-13837,2024-02-03,CUST-3199,South,Clothing,Casual Sneakers,3,89.99,0.15,229.47,False
ORD-13981,2024-11-22,CUST-1868,East,Clothing,Wool Sweater,3,79.99,0.1,215.97,False
ORD-12051,2024-06-23,CUST-2001,North,Electronics,Smart Watch,2,199.99,0.05,379.98,False
ORD-14130,2024-04-17,CUST-2820,North,Clothing,Winter Jacket,1,149.99,0.05,142.49,False
ORD-10215,2024-03-12,CUST-3196,South,Clothing,Denim Jeans,2,59.99,0.05,113.98,False
ORD-13024,2024-01-09,CUST-3537,South,Home & Garden,Air Purifier,2,159.99,0.0,319.98,False
ORD-12146,2024-06-05,CUST-4416,West,Electronics,LED Monitor,5,299.99,0.0,1499.95,True
ORD-12322,2024-08-22,CUST-4016,North,Electronics,Smart Watch,2,199.99,0.05,379.98,False
ORD-14840,2024-12-18,CUST-4241,East,Electronics,Laptop Stand,5,49.99,0.0,249.95,False
ORD-12482,2024-12-16,CUST-1452,East,Clothing,Winter Jacket,2,149.99,0.2,239.98,False
ORD-11370,2024-12-06,CUST-1243,East,Home & Garden,LED Desk Lamp,1,44.99,0.1,40.49,False
ORD-11566,2024-09-17,CUST-3423,North,Clothing,Winter Jacket,4,149.99,0.0,599.96,False
ORD-12192,2024-10-07,CUST-1668,East,Clothing,Cotton T-Shirt,3,24.99,0.1,67.47,False
ORD-13320,2024-07-09,CUST-4540,East,Clothing,Casual Sneakers,3,89.99,0.05,256.47,False
ORD-14986,2024-10-11,CUST-1180,South,Clothing,Rain Coat,2,119.99,0.15,203.98,False
ORD-14958,2024-03-21,CUST-1172,East,Electronics,LED Monitor,2,299.99,0.0,599.98,False
ORD-13831,2024-11-12,CUST-1821,South,Electronics,LED Monitor,1,299.99,0.05,284.99,False
ORD-11516,2024-09-27,CUST-4534,East,Home & Garden,LED Desk Lamp,1,44.99,0.0,44.99,False
ORD-12748,2024-11-14,CUST-3850,South,Electronics,Webcam HD,2,79.99,0.0,159.98,False
ORD-12503,2024-12-12,CUST-3179,South,Clothing,Running Shoes,1,109.99,0.25,82.49,False
ORD-13044,2024-10-19,CUST-1631,North,Clothing,Rain Coat,1,119.99,0.0,119.99,False
ORD-11766,2024-10-03,CUST-4295,West,Clothing,Yoga Pants,1,44.99,0.2,35.99,False
ORD-12186,2024-12-11,CUST-2765,South,Clothing,Cotton T-Shirt,2,24.99,0.1,44.98,True
ORD-14830,2024-11-09,CUST-2252,East,Home & Garden,Storage Organizer,2,29.99,0.05,56.98,False
ORD-13308,2024-05-27,CUST-4315,East,Electronics,Wireless Headphones,2,89.99,0.05,170.98,False
ORD-13977,2024-07-01,CUST-2536,North,Electronics,LED Monitor,2,299.99,0.1,539.98,False
ORD-11037,2024-10-28,CUST-1048,South,Electronics,LED Monitor,2,299.99,0.15,509.98,False
ORD-12437,2024-05-16,CUST-4984,East,Clothing,Casual Sneakers,2,89.99,0.15,152.98,False
ORD-12999,2024-12-26,CUST-1904,South,Electronics,Webcam HD,1,79.99,0.15,67.99,False
ORD-11510,2024-11-08,CUST-2122,West,Home & Garden,Coffee Maker,2,69.99,0.0,139.98,True
ORD-10411,2024-12-04,CUST-2360,East,Clothing,Denim Jeans,2,59.99,0.1,107.98,False
ORD-13802,2024-11-21,CUST-2925,North,Home & Garden,Throw Blanket,2,49.99,0.0,99.98,True
ORD-13649,2024-12-04,CUST-2752,South,Electronics,Webcam HD,2,79.99,0.0,159.98,False
ORD-11301,2024-12-02,CUST-3252,North,Clothing,Wool Sweater,2,79.99,0.05,151.98,False
ORD-13259,2024-12-14,CUST-2425,East,Clothing,Running Shoes,1,109.99,0.1,98.99,False
ORD-11296,2024-03-18,CUST-2540,South,Electronics,Laptop Stand,1,49.99,0.1,44.99,False
ORD-13723,2024-03-15,CUST-4371,East,Electronics,USB-C Hub,2,39.99,0.05,75.98,False
ORD-13316,2024-06-28,CUST-1230,North,Home & Garden,Coffee Maker,1,69.99,0.1,62.99,False
ORD-13475,2024-11-12,CUST-4238,South,Electronics,LED Monitor,3,299.99,0.05,854.97,False
ORD-14058,2024-12-18,CUST-4551,North,Electronics,Wireless Headphones,1,89.99,0.0,89.99,False
ORD-14077,2024-04-24,CUST-3699,South,Electronics,Bluetooth Speaker,2,59.99,0.0,119.98,False
ORD-14353,2024-12-10,CUST-4663,North,Electronics,Smart Watch,2,199.99,0.0,399.98,True
ORD-12549,2024-01-19,CUST-2801,North,Clothing,Running Shoes,1,109.99,0.1,98.99,False
ORD-14869,2024-11-03,CUST-3377,East,Home & Garden,LED Desk Lamp,4,44.99,0.05,170.96,False
ORD-10758,2024-12-19,CUST-2440,West,Clothing,Rain Coat,2,119.99,0.15,203.98,False
ORD-12367,2024-07-01,CUST-2487,South,Electronics,Webcam HD,1,79.99,0.0,79.99,False
ORD-12476,2024-02-17,CUST-1575,North,Electronics,LED Monitor,3,299.99,0.0,899.97,False
ORD-14445,2024-12-16,CUST-4887,South,Home & Garden,Throw Blanket,3,49.99,0.1,134.97,False
ORD-11317,2024-10-17,CUST-1161,North,Electronics,USB-C Hub,1,39.99,0.0,39.99,False
ORD-13184,2024-07-10,CUST-2269,West,Clothing,Rain Coat,1,119.99,0.1,107.99,False
ORD-10073,2024-11-12,CUST-1257,West,Clothing,Denim Jeans,4,59.99,0.25,179.97,False
ORD-10025,2024-11-03,CUST-2943,East,Clothing,Cotton T-Shirt,2,24.99,0.2,39.98,False
ORD-13392,2024-12-04,CUST-1356,South,Electronics,Smart Watch,1,199.99,0.1,179.99,False
ORD-13582,2024-05-13,CUST-2884,South,Electronics,Webcam HD,3,79.99,0.0,239.97,True
ORD-11126,2024-02-28,CUST-3838,East,Electronics,Laptop Stand,1,49.99,0.15,42.49,False
ORD-11139,2024-08-19,CUST-1209,North,Electronics,Smart Watch,2,199.99,0.05,379.98,False
ORD-10505,2024-03-10,CUST-3069,South,Electronics,Webcam HD,2,79.99,0.05,151.98,False
ORD-11560,2024-05-26,CUST-1017,East,Home & Garden,Coffee Maker,1,69.99,0.1,62.99,False
ORD-14694,2024-06-04,CUST-1627,North,Clothing,Running Shoes,1,109.99,0.15,93.49,False
ORD-14786,2024-12-11,CUST-3783,East,Electronics,Laptop Stand,4,49.99,0.15,169.97,False
ORD-14831,2024-10-04,CUST-4438,South,Clothing,Yoga Pants,3,44.99,0.0,134.97,False
ORD-14928,2024-10-28,CUST-4815,South,Home & Garden,Throw Blanket,2,49.99,0.0,99.98,True
ORD-13530,2024-04-24,CUST-4052,East,Clothing,Winter Jacket,2,149.99,0.15,254.98,True
ORD-13619,2024-03-02,CUST-1751,North,Electronics,Webcam HD,5,79.99,0.0,399.95,False
ORD-11120,2024-12-07,CUST-3505,East,Clothing,Cotton T-Shirt,1,24.99,0.15,21.24,False
ORD-11112,2024-03-22,CUST-4428,North,Electronics,Laptop Stand,2,49.99,0.0,99.98,False
ORD-10586,2024-01-20,CUST-2897,North,Home & Garden,Coffee Maker,1,69.99,0.05,66.49,False
ORD-10601,2024-04-09,CUST-3553,East,Home & Garden,Storage Organizer,3,29.99,0.0,89.97,False
ORD-10611,2024-11-27,CUST-1044,North,Clothing,Running Shoes,4,109.99,0.1,395.96,False
ORD-13186,2024-05-27,CUST-4774,North,Home & Garden,Scented Candles,5,19.99,0.05,94.95,False
ORD-12473,2024-10-23,CUST-1155,North,Electronics,Mechanical Keyboard,1,129.99,0.05,123.49,False
ORD-12696,2024-10-06,CUST-3128,West,Electronics,USB-C Hub,2,39.99,0.0,79.98,False
ORD-11089,2024-03-08,CUST-2656,South,Electronics,Laptop Stand,2,49.99,0.15,84.98,False
ORD-12737,2024-07-05,CUST-2927,East,Electronics,Webcam HD,3,79.99,0.1,215.97,False
ORD-11535,2024-02-05,CUST-2301,West,Home & Garden,Scented Candles,2,19.99,0.0,39.98,True
ORD-11408,2024-08-12,CUST-4286,North,Electronics,Wireless Headphones,1,89.99,0.0,89.99,False
ORD-12613,2024-10-19,CUST-2469,North,Home & Garden,Storage Organizer,1,29.99,0.0,29.99,False
ORD-10348,2024-05-15,CUST-3304,North,Electronics,Bluetooth Speaker,2,59.99,0.1,107.98,False
ORD-10885,2024-03-07,CUST-4930,South,Home & Garden,Throw Blanket,2,49.99,0.0,99.98,False
ORD-14930,2024-06-12,CUST-1238,West,Clothing,Yoga Pants,1,44.99,0.15,38.24,False
ORD-14530,2024-04-22,CUST-4855,East,Home & Garden,Wall Clock,1,39.99,0.1,35.99,False
ORD-10782,2024-04-22,CUST-3062,South,Clothing,Casual Sneakers,2,89.99,0.05,170.98,False
ORD-14659,2024-10-27,CUST-1458,South,Electronics,Mechanical Keyboard,4,129.99,0.0,519.96,False
ORD-14598,2024-05-08,CUST-4551,South,Clothing,Running Shoes,4,109.99,0.1,395.96,False
ORD-10629,2024-04-07,CUST-2866,North,Clothing,Casual Sneakers,4,89.99,0.1,323.96,False
ORD-14117,2024-05-13,CUST-1036,North,Home & Garden,Scented Candles,2,19.99,0.05,37.98,False
ORD-14619,2024-11-17,CUST-4201,East,Home & Garden,Scented Candles,1,19.99,0.0,19.99,False
ORD-12548,2024-05-20,CUST-2453,South,Clothing,Wool Sweater,2,79.99,0.2,127.98,False
ORD-13712,2024-10-23,CUST-3586,South,Clothing,Casual Sneakers,2,89.99,0.0,179.98,False
ORD-12457,2024-09-18,CUST-2465,West,Home & Garden,Scented Candles,1,19.99,0.0,19.99,False
ORD-10408,2024-12-06,CUST-3389,East,Electronics,Laptop Stand,2,49.99,0.0,99.98,False
ORD-13391,2024-12-28,CUST-2428,North,Electronics,LED Monitor,1,299.99,0.05,284.99,False
ORD-10164,2024-02-25,CUST-1024,East,Clothing,Denim Jeans,1,59.99,0.0,59.99,False
ORD-13265,2024-01-14,CUST-4178,West,Home & Garden,LED Desk Lamp,1,44.99,0.0,44.99,False
ORD-14650,2024-01-02,CUST-2340,North,Electronics,Bluetooth Speaker,1,59.99,0.0,59.99,True
ORD-12336,2024-06-19,CUST-2799,West,Clothing,Winter Jacket,1,149.99,0.05,142.49,False
ORD-12038,2024-03-25,CUST-3926,South,Home & Garden,Scented Candles,1,19.99,,19.99,True
ORD-11969,2024-01-28,CUST-2253,East,Electronics,Laptop Stand,2,49.99,0.0,99.98,False
ORD-13508,2024-11-22,CUST-4547,East,Home & Garden,Wall Clock,1,39.99,0.0,39.99,False
ORD-13570,2024-04-12,CUST-1421,North,Electronics,LED Monitor,1,299.99,0.05,284.99,True
ORD-11649,2024-10-13,CUST-1921,South,Home & Garden,Plant Pot Set,3,34.99,0.1,94.47,True
ORD-13860,2024-11-15,CUST-3305,North,Electronics,Laptop Stand,3,49.99,0.15,127.47,True
ORD-12426,2024-02-23,CUST-3689,West,Clothing,Yoga Pants,1,44.99,0.2,35.99,False
ORD-11087,2024-03-25,CUST-1979,South,Clothing,Yoga Pants,1,44.99,0.1,40.49,False
ORD-14872,2024-03-19,CUST-4486,West,Home & Garden,Coffee Maker,3,69.99,0.0,209.97,False
ORD-14170,2024-03-10,CUST-2776,East,Electronics,Mechanical Keyboard,1,129.99,0.05,123.49,False
ORD-13139,2024-01-18,CUST-4539,East,Clothing,Cotton T-Shirt,3,24.99,0.2,59.98,True
ORD-14309,2024-11-06,CUST-2936,South,Clothing,Casual Sneakers,2,89.99,0.0,179.98,False
ORD-14000,2024-08-18,CUST-4848,West,Electronics,LED Monitor,1,299.99,,269.99,False
ORD-11754,2024-12-21,CUST-1622,East,Home & Garden,Coffee Maker,1,69.99,0.0,69.99,True
ORD-10294,2024-02-07,CUST-3555,North,Clothing,Casual Sneakers,3,89.99,0.2,215.98,False
ORD-13980,2024-11-13,CUST-1512,East,Electronics,Smart Watch,1,199.99,0.0,199.99,False
ORD-10965,2024-05-21,CUST-1770,East,Electronics,Wireless Headphones,1,89.99,0.05,85.49,False
ORD-11822,2024-08-28,CUST-3573,North,Home & Garden,Coffee Maker,1,69.99,0.1,62.99,True
ORD-11909,2024-02-18,CUST-3424,West,Clothing,Cotton T-Shirt,3,24.99,0.1,145.35,False
ORD-12914,2024-03-18,CUST-3495,East,Electronics,Bluetooth Speaker,1,59.99,0.0,59.99,False
ORD-12860,2024-12-08,CUST-1789,South,Home & Garden,Scented Candles,1,19.99,0.0,19.99,False
ORD-13686,2024-12-05,CUST-3237,South,Clothing,Yoga Pants,1,44.99,0.0,44.99,False
ORD-12363,2024-06-14,CUST-1714,West,Clothing,Cotton T-Shirt,1,24.99,0.1,22.49,False
ORD-10528,2024-01-06,CUST-3790,South,Home & Garden,LED Desk Lamp,1,44.99,0.05,42.74,False
ORD-13202,2024-03-09,CUST-2843,East,Home & Garden,Coffee Maker,1,69.99,0.0,69.99,False
ORD-13225,2024-12-10,CUST-3752,South,Electronics,Laptop Stand,1,49.99,0.0,49.99,False
ORD-11968,2024-05-09,CUST-3273,South,Clothing,Running Shoes,1,109.99,0.15,93.49,False
ORD-12237,2024-03-16,CUST-3699,East,Clothing,Running Shoes,1,109.99,0.2,87.99,False
ORD-10027,2024-07-17,CUST-1363,East,Clothing,Denim Jeans,1,59.99,0.15,50.99,False
ORD-14013,2024-03-27,CUST-2227,East,Clothing,Casual Sneakers,2,89.99,0.0,179.98,False
ORD-11673,2024-11-24,CUST-3373,North,Clothing,Casual Sneakers,1,89.99,0.0,89.99,False
ORD-10274,2024-07-28,CUST-1014,North,Electronics,USB-C Hub,1,39.99,0.0,39.99,False
ORD-11072,2024-01-13,CUST-1855,West,Electronics,Webcam HD,2,79.99,0.05,151.98,False
ORD-11074,2024-12-16,CUST-2432,East,Electronics,Webcam HD,3,79.99,0.0,239.97,False
ORD-13827,2024-06-04,CUST-3420,South,Electronics,LED Monitor,3,299.99,0.05,854.97,True
ORD-14038,2024-09-19,CUST-4264,South,Electronics,LED Monitor,4,299.99,0.15,1019.97,False
ORD-13910,2024-01-22,CUST-1167,North,Home & Garden,LED Desk Lamp,1,44.99,0.0,44.99,True
ORD-14443,2024-05-02,CUST-4375,North,Clothing,Yoga Pants,2,44.99,0.2,71.98,False
ORD-12302,2024-07-07,CUST-4323,North,Electronics,Bluetooth Speaker,3,59.99,0.05,170.97,False
ORD-13382,2024-01-06,CUST-1609,East,Electronics,Bluetooth Speaker,3,59.99,0.0,179.97,False
ORD-14336,2024-08-23,CUST-3950,East,Home & Garden,Plant Pot Set,3,34.99,0.1,94.47,False
ORD-11290,2024-05-04,CUST-1953,North,Clothing,Winter Jacket,2,149.99,0.15,254.98,False
ORD-10585,2024-04-20,CUST-1190,South,Electronics,Webcam HD,1,79.99,0.0,79.99,True
ORD-10837,2024-05-03,CUST-4989,North,Electronics,Smart Watch,1,199.99,0.1,179.99,False
ORD-10710,2024-11-19,CUST-1461,West,Clothing,Running Shoes,2,109.99,0.15,186.98,False
ORD-14333,2024-09-06,CUST-3542,North,Electronics,Mechanical Keyboard,1,129.99,0.05,123.49,False
ORD-12615,2024-02-18,CUST-2695,South,Home & Garden,Storage Organizer,3,29.99,0.0,89.97,False
ORD-11250,2024-11-17,CUST-2215,East,Home & Garden,Scented Candles,3,19.99,0.0,59.97,True
ORD-14240,2024-10-19,CUST-3942,North,Clothing,Winter Jacket,2,149.99,0.2,239.98,False
ORD-12965,2024-10-22,CUST-2279,West,Clothing,Yoga Pants,2,44.99,0.15,76.48,False
ORD-11437,2024-10-23,CUST-1198,South,Home & Garden,Plant Pot Set,2,34.99,0.0,69.98,False
ORD-13799,2024-07-19,CUST-2973,South,Electronics,LED Monitor,2,299.99,0.1,539.98,False
ORD-11553,2024-12-18,CUST-1357,North,Clothing,Casual Sneakers,2,89.99,0.05,170.98,False
ORD-10816,2024-08-25,CUST-3542,North,Electronics,Webcam HD,1,79.99,0.0,79.99,False
ORD-11243,2024-11-23,CUST-4427,South,Clothing,Running Shoes,2,109.99,0.0,219.98,False
ORD-13941,2024-12-16,CUST-3957,West,Home & Garden,Throw Blanket,2,49.99,0.05,94.98,False
ORD-10957,2024-01-02,CUST-2099,North,Electronics,Wireless Headphones,4,89.99,0.0,359.96,False
ORD-10302,2024-07-16,CUST-2929,West,Clothing,Wool Sweater,1,79.99,0.2,63.99,False
ORD-12619,2024-04-15,CUST-2687,East,Electronics,Wireless Headphones,2,89.99,0.05,170.98,False
ORD-14687,2024-01-13,CUST-3597,North,Home & Garden,Wall Clock,2,39.99,0.0,79.98,True
ORD-14007,2024-05-15,CUST-4420,East,Home & Garden,Scented Candles,2,19.99,0.05,37.98,False
ORD-12678,2024-02-15,CUST-2217,North,Clothing,Wool Sweater,1,79.99,0.2,63.99,False
ORD-13559,2024-06-04,CUST-3614,North,Electronics,Mechanical Keyboard,5,129.99,0.0,649.95,False
ORD-12485,2024-12-24,CUST-3740,North,Electronics,Laptop Stand,1,49.99,0.0,49.99,False
ORD-14916,2024-05-01,CUST-1293,West,Home & Garden,LED Desk Lamp,1,44.99,0.0,44.99,False
ORD-13706,2024-10-10,CUST-2823,West,Clothing,Wool Sweater,1,79.99,0.0,79.99,False
ORD-11063,2024-06-15,CUST-1098,North,Clothing,Denim Jeans,1,59.99,0.1,53.99,False
ORD-10872,2024-09-10,CUST-3823,South,Electronics,LED Monitor,2,299.99,0.05,569.98,False
ORD-14904,2024-12-03,CUST-4000,West,Electronics,Laptop Stand,4,49.99,0.05,189.96,False
ORD-12819,2024-05-12,CUST-2397,West,Clothing,Casual Sneakers,3,89.99,0.05,256.47,False
ORD-14882,2024-11-08,CUST-1705,North,Clothing,Rain Coat,1,119.99,0.1,107.99,False
ORD-10952,2024-03-22,CUST-4361,West,Clothing,Cotton T-Shirt,3,24.99,0.05,71.22,False
ORD-10159,2024-10-26,CUST-4519,West,Clothing,Rain Coat,1,119.99,0.1,107.99,False
ORD-10906,2024-11-25,CUST-3774,South,Home & Garden,Storage Organizer,1,29.99,0.0,29.99,True
ORD-10923,2024-11-15,CUST-1386,West,Home & Garden,Air Purifier,2,159.99,0.0,319.98,False
ORD-12770,2024-01-26,CUST-4523,South,Home & Garden,Wall Clock,1,39.99,0.05,37.99,False
ORD-10059,2024-05-07,CUST-2482,West,Clothing,Yoga Pants,1,44.99,0.0,44.99,False
ORD-12922,2024-11-24,CUST-2233,North,Home & Garden,Plant Pot Set,3,34.99,0.0,104.97,False
ORD-14617,2024-12-04,CUST-1163,East,Home & Garden,Throw Blanket,1,49.99,0.0,49.99,False
ORD-14767,2024-02-27,CUST-2615,North,Home & Garden,Air Purifier,2,159.99,0.0,319.98,False
ORD-11975,2024-12-22,CUST-4430,South,Clothing,Winter Jacket,2,149.99,0.1,269.98,False
ORD-10023,2024-05-09,CUST-4350,South,Home & Garden,Plant Pot Set,1,34.99,0.0,34.99,False
ORD-14005,2024-04-01,CUST-3582,South,Clothing,Denim Jeans,2,59.99,0.05,113.98,False
ORD-12625,2024-12-20,CUST-2735,South,Home & Garden,Plant Pot Set,3,34.99,0.1,94.47,False
ORD-10683,2024-09-28,CUST-2867,South,Clothing,Running Shoes,1,109.99,0.1,98.99,False
ORD-13063,2024-09-05,CUST-1661,West,Home & Garden,Scented Candles,2,19.99,0.0,39.98,True
ORD-12394,2024-12-07,CUST-1469,West,Electronics,Mechanical Keyboard,1,129.99,0.0,129.99,False
ORD-14321,2024-12-14,CUST-3780,North,Electronics,Laptop Stand,2,49.99,0.0,99.98,False
ORD-13603,2024-04-01,CUST-2751,West,Electronics,Smart Watch,2,199.99,0.05,379.98,False
ORD-12140,2024-11-13,CUST-4399,South,Clothing,Cotton T-Shirt,1,24.99,0.2,19.99,False
ORD-12056,2024-06-14,CUST-4794,North,Clothing,Winter Jacket,2,149.99,0.05,284.98,False
ORD-12702,2024-02-11,CUST-4283,East,Electronics,USB-C Hub,2,39.99,0.05,75.98,False
ORD-10228,2024-12-19,CUST-1785,South,Home & Garden,Scented Candles,2,19.99,0.1,35.98,False
ORD-10489,2024-12-25,CUST-2502,West,Home & Garden,Coffee Maker,1,69.99,0.05,66.49,False
ORD-11237,2024-06-18,CUST-4392,North,Electronics,Wireless Headphones,2,89.99,0.15,152.98,False
ORD-10829,2024-06-14,CUST-2386,North,Home & Garden,Throw Blanket,1,49.99,0.05,47.49,False
ORD-14744,2024-03-23,CUST-2541,North,Clothing,Yoga Pants,1,44.99,0.2,35.99,False
ORD-10385,2024-11-28,CUST-2577,East,Electronics,Webcam HD,2,79.99,0.05,151.98,False
ORD-14305,2024-02-26,CUST-4711,North,Home & Garden,Plant Pot Set,5,34.99,0.1,157.46,False
ORD-12497,2024-12-17,CUST-4773,South,Electronics,USB-C Hub,1,39.99,0.05,37.99,False
ORD-12283,2024-01-18,CUST-1007,North,Home & Garden,Storage Organizer,1,29.99,0.0,29.99,True
ORD-10015,2024-03-11,CUST-1699,North,Electronics,Mechanical Keyboard,4,129.99,0.15,441.97,False
ORD-13900,2024-06-27,CUST-2701,West,Clothing,Running Shoes,4,109.99,0.2,351.97,False
ORD-13162,2024-04-10,CUST-1103,North,Home & Garden,Wall Clock,1,39.99,0.0,39.99,False
ORD-14851,2024-05-28,CUST-1090,East,Clothing,Denim Jeans,2,59.99,0.2,95.98,False
ORD-11388,2024-12-06,CUST-3026,East,Electronics,Wireless Headphones,1,89.99,0.05,85.49,False
ORD-14495,2024-08-24,CUST-3179,North,Clothing,Running Shoes,3,109.99,0.1,296.97,False
ORD-11588,2024-06-07,CUST-4877,East,Electronics,USB-C Hub,3,39.99,0.1,107.97,False
ORD-14982,2024-09-03,CUST-3039,South,Clothing,Yoga Pants,4,44.99,0.1,161.96,False
ORD-13348,2024-04-10,CUST-2559,West,Home & Garden,Throw Blanket,1,49.99,0.05,47.49,True
ORD-14789,2024-05-19,CUST-3000,South,Electronics,LED Monitor,1,299.99,0.1,269.99,True
ORD-11751,2024-03-05,CUST-4607,North,Electronics,Wireless Headphones,1,89.99,0.0,89.99,False
ORD-13274,2024-11-17,CUST-3736,East,Clothing,Cotton T-Shirt,2,24.99,0.0,49.98,False
ORD-11150,2024-10-04,CUST-3410,South,Electronics,Webcam HD,1,79.99,0.05,75.99,False
ORD-13426,2024-07-20,CUST-4905,East,Clothing,Running Shoes,1,109.99,0.05,104.49,False
ORD-11304,2024-10-12,CUST-4089,North,Home & Garden,Wall Clock,1,39.99,0.0,39.99,False
ORD-11231,2024-03-11,CUST-3789,South,Home & Garden,Coffee Maker,1,69.99,0.0,69.99,False
ORD-12744,2024-09-14,CUST-2617,East,Electronics,Laptop Stand,1,49.99,0.05,47.49,False
ORD-11792,2024-07-05,CUST-3276,North,Clothing,Wool Sweater,3,79.99,,215.97,False
ORD-14622,2024-02-14,CUST-3306,South,Clothing,Denim Jeans,1,59.99,0.25,44.99,False
ORD-13555,2024-09-19,CUST-1077,North,Electronics,Webcam HD,2,79.99,0.15,135.98,False
ORD-11269,2024-04-03,CUST-1790,West,Clothing,Wool Sweater,1,79.99,0.2,63.99,False
ORD-13160,2024-06-02,CUST-2479,East,Electronics,Webcam HD,1,79.99,0.0,79.99,False
ORD-13488,2024-01-25,CUST-1573,South,Clothing,Wool Sweater,1,79.99,0.0,79.99,False
ORD-10963,2024-05-23,CUST-4351,East,Clothing,Yoga Pants,2,44.99,0.2,71.98,False
ORD-13154,2024-06-09,CUST-3258,West,Electronics,Smart Watch,1,199.99,0.0,199.99,False
ORD-10497,2024-01-23,CUST-2595,South,Clothing,Wool Sweater,2,79.99,0.25,119.98,False
ORD-10352,2024-09-19,CUST-4958,South,Home & Garden,Air Purifier,4,159.99,0.0,639.96,False
ORD-11838,2024-12-04,CUST-3572,West,Clothing,Casual Sneakers,2,89.99,0.2,143.98,False
ORD-13931,2024-03-03,CUST-1877,East,Electronics,LED Monitor,2,299.99,0.1,539.98,False
ORD-12490,2024-04-09,CUST-3994,East,Clothing,Cotton T-Shirt,3,24.99,0.2,59.98,False
ORD-10001,2024-12-08,CUST-2367,East,Home & Garden,Air Purifier,1,159.99,0.05,151.99,False
ORD-10285,2024-01-26,CUST-4152,South,Home & Garden,Air Purifier,5,159.99,0.05,759.95,False
ORD-14809,2024-11-14,CUST-1774,North,Clothing,Wool Sweater,1,79.99,0.0,79.99,False
ORD-11646,2024-02-09,CUST-1948,South,Clothing,Running Shoes,2,109.99,0.2,175.98,False
ORD-10783,2024-05-10,CUST-3352,South,Clothing,Wool Sweater,2,79.99,0.0,159.98,False
ORD-12908,2024-04-20,CUST-2768,East,Electronics,USB-C Hub,2,39.99,0.0,79.98,False
ORD-13991,2024-03-26,CUST-4499,West,Home & Garden,Coffee Maker,3,69.99,0.0,209.97,False
ORD-14706,2024-11-04,CUST-4527,East,Electronics,Laptop Stand,1,49.99,0.0,49.99,False
ORD-12396,2024-03-16,CUST-1336,East,Electronics,Mechanical Keyboard,1,129.99,0.1,116.99,False
ORD-10068,2024-01-04,CUST-1950,South,Clothing,Rain Coat,1,119.99,0.2,95.99,False
ORD-10403,2024-11-10,CUST-3438,South,Electronics,Laptop Stand,2,49.99,0.1,89.98,False
ORD-13434,2024-10-16,CUST-2574,North,Clothing,Winter Jacket,5,149.99,0.05,712.45,False
ORD-12802,2024-12-27,CUST-2836,East,Electronics,Wireless Headphones,1,89.99,0.05,85.49,False
ORD-10797,2024-07-17,CUST-4475,East,Clothing,Denim Jeans,5,59.99,0.05,284.95,False
ORD-13098,2024-01-24,CUST-3977,West,Home & Garden,Wall Clock,1,39.99,0.05,37.99,False
ORD-14967,2024-10-16,CUST-2104,South,Home & Garden,Air Purifier,1,159.99,0.0,159.99,True
ORD-14482,2024-07-24,CUST-1809,West,Home & Garden,LED Desk Lamp,3,44.99,0.0,134.97,False
ORD-12023,2024-01-10,CUST-4016,East,Home & Garden,Air Purifier,3,159.99,0.0,479.97,False
ORD-10177,2024-05-02,CUST-2232,South,Electronics,Bluetooth Speaker,4,59.99,0.0,239.96,False
ORD-10953,2024-12-06,CUST-1598,East,Home & Garden,Air Purifier,1,159.99,0.0,159.99,False
ORD-13428,2024-12-01,CUST-2890,East,Clothing,Winter Jacket,2,149.99,0.2,239.98,False
ORD-12139,2024-11-22,CUST-4462,South,Home & Garden,Air Purifier,2,159.99,0.0,319.98,False
ORD-11200,2024-10-24,CUST-4228,South,Clothing,Cotton T-Shirt,1,24.99,0.1,22.49,False
ORD-14319,2024-07-22,CUST-1901,South,Clothing,Winter Jacket,1,149.99,0.15,127.49,False
ORD-12915,2024-09-18,CUST-1868,East,Clothing,Running Shoes,1,109.99,0.1,98.99,False
ORD-13894,2024-10-11,CUST-4909,North,Clothing,Denim Jeans,2,59.99,0.2,95.98,False
ORD-12300,2024-11-16,CUST-2104,North,Home & Garden,Air Purifier,2,159.99,0.0,319.98,False
ORD-11756,2024-12-06,CUST-2930,South,Clothing,Yoga Pants,2,44.99,0.15,76.48,False
ORD-13486,2024-05-01,CUST-2483,North,Electronics,LED Monitor,2,299.99,0.1,539.98,False
ORD-12606,2024-01-17,CUST-2203,South,Electronics,Bluetooth Speaker,1,59.99,0.0,59.99,False
ORD-11577,2024-09-28,CUST-1611,South,Clothing,Winter Jacket,2,149.99,0.05,284.98,False
ORD-12719,2024-01-17,CUST-1597,East,Home & Garden,Scented Candles,2,19.99,0.0,39.98,False
ORD-12241,2024-01-06,CUST-1629,South,Clothing,Cotton T-Shirt,2,24.99,0.05,47.48,False
ORD-11928,2024-09-07,CUST-4096,East,Home & Garden,Coffee Maker,1,69.99,0.0,69.99,False
ORD-12774,2024-07-01,CUST-1400,East,Electronics,Mechanical Keyboard,1,129.99,0.0,129.99,False
ORD-11507,2024-07-05,CUST-3038,West,Home & Garden,Throw Blanket,2,49.99,0.0,99.98,False
ORD-11497,2024-06-08,CUST-3638,East,Electronics,LED Monitor,1,299.99,0.0,299.99,True
ORD-14850,2024-12-11,CUST-4108,North,Electronics,Webcam HD,2,79.99,0.0,159.98,False
ORD-12292,2024-03-28,CUST-4678,South,Clothing,Cotton T-Shirt,1,24.99,0.05,23.74,False
ORD-12493,2024-05-12,CUST-1266,West,Clothing,Denim Jeans,3,59.99,0.0,179.97,False
ORD-14235,2024-04-23,CUST-3453,East,Home & Garden,LED Desk Lamp,1,44.99,0.0,44.99,False
ORD-10538,2024-06-11,CUST-4792,North,Electronics,Mechanical Keyboard,1,129.99,0.0,129.99,False
ORD-11330,2024-07-15,CUST-4237,South,Electronics,Mechanical Keyboard,3,129.99,0.05,370.47,False
ORD-12303,2024-04-11,CUST-3237,East,Clothing,Wool Sweater,2,79.99,0.0,159.98,True
ORD-12499,2024-05-09,CUST-2210,East,Electronics,Smart Watch,2,199.99,0.05,379.98,False
ORD-11612,2024-07-13,CUST-4643,South,Electronics,Webcam HD,2,79.99,0.0,159.98,False
ORD-11488,2024-05-20,CUST-1871,South,Clothing,Cotton T-Shirt,2,24.99,0.15,42.48,False
ORD-12018,2024-01-18,CUST-3414,North,Clothing,Cotton T-Shirt,2,24.99,0.15,42.48,False
ORD-11744,2024-06-27,CUST-3894,South,Home & Garden,Scented Candles,2,19.99,0.0,39.98,False
ORD-14941,2024-06-25,CUST-3304,East,Clothing,Rain Coat,3,119.99,0.0,359.97,False
ORD-13913,2024-12-09,CUST-2923,South,Home & Garden,Wall Clock,4,39.99,0.0,159.96,True
ORD-14712,2024-04-18,CUST-3223,West,Electronics,Bluetooth Speaker,1,59.99,0.0,59.99,False
ORD-10120,2024-11-22,CUST-3798,East,Home & Garden,Wall Clock,1,39.99,0.0,39.99,False
ORD-14166,2024-04-10,CUST-3837,West,Electronics,Smart Watch,4,199.99,0.0,799.96,False
ORD-14889,2024-10-07,CUST-3901,East,Clothing,Yoga Pants,2,44.99,0.25,67.48,False
ORD-10948,2024-12-18,CUST-2527,,Home & Garden,Plant Pot Set,1,34.99,0.0,34.99,False
ORD-10510,2024-08-19,CUST-3467,North,Clothing,Winter Jacket,1,149.99,0.0,149.99,False
ORD-11393,2024-07-20,CUST-3134,South,Home & Garden,Scented Candles,1,19.99,0.0,19.99,True
ORD-11508,2024-08-11,CUST-3227,East,Home & Garden,Storage Organizer,1,29.99,0.05,28.49,False
ORD-13895,2024-11-05,CUST-3895,North,Home & Garden,Storage Organizer,2,29.99,0.05,56.98,False
ORD-14325,2024-12-17,CUST-3992,North,Clothing,Wool Sweater,2,79.99,0.0,159.98,False
ORD-11331,2024-10-19,CUST-3344,North,Home & Garden,Storage Organizer,2,29.99,0.0,59.98,False
ORD-11309,2024-11-26,CUST-3868,West,Electronics,Wireless Headphones,1,89.99,0.15,76.49,False
ORD-13877,2024-12-07,CUST-1854,North,Home & Garden,Wall Clock,1,39.99,0.0,39.99,False
ORD-14675,2024-12-06,CUST-3843,North,Clothing,Wool Sweater,1,79.99,0.05,75.99,True
ORD-12973,2024-10-11,CUST-1678,East,Electronics,Smart Watch,1,199.99,0.15,169.99,False
ORD-13800,2024-04-09,CUST-1446,East,Electronics,Wireless Headphones,1,89.99,0.0,89.99,False
ORD-14863,2024-05-22,CUST-3111,North,Electronics,Smart Watch,1,199.99,0.05,189.99,False
ORD-13890,2024-10-06,CUST-4878,South,Home & Garden,Plant Pot Set,2,34.99,0.0,69.98,False
ORD-13930,2024-12-25,CUST-1645,East,Clothing,Denim Jeans,2,59.99,0.05,113.98,False
ORD-11931,2024-07-01,CUST-3017,East,Home & Garden,Scented Candles,3,19.99,0.05,56.97,False
ORD-12812,2024-09-03,CUST-4750,South,Clothing,Casual Sneakers,2,89.99,0.05,170.98,False
ORD-12539,2024-11-09,CUST-1414,West,Electronics,Laptop Stand,3,49.99,0.05,142.47,False
ORD-12669,2024-04-16,CUST-4799,South,Electronics,Bluetooth Speaker,2,59.99,0.0,119.98,False
ORD-14124,2024-11-11,CUST-1353,West,Clothing,Denim Jeans,1,59.99,0.2,47.99,False
ORD-13825,2024-02-18,CUST-1283,South,Clothing,Winter Jacket,2,149.99,0.0,299.98,False
ORD-13719,2024-04-05,CUST-3327,North,Electronics,USB-C Hub,4,39.99,0.1,143.96,False
ORD-13748,2024-05-08,CUST-1907,East,Home & Garden,LED Desk Lamp,1,44.99,0.0,44.99,False
ORD-11117,2024-12-22,CUST-2146,East,Home & Garden,Wall Clock,2,39.99,0.0,79.98,False
ORD-13248,2024-12-11,CUST-1341,West,Home & Garden,Storage Organizer,1,29.99,0.05,28.49,False
ORD-14481,2024-06-26,CUST-3825,West,Electronics,Smart Watch,3,199.99,0.0,599.97,False
ORD-10663,2024-03-28,CUST-1743,South,Electronics,LED Monitor,1,299.99,0.05,284.99,False
ORD-12822,2024-09-11,CUST-3809,North,Home & Garden,Wall Clock,3,39.99,0.1,107.97,True
ORD-10573,2024-09-03,CUST-3856,North,Home & Garden,Throw Blanket,4,49.99,0.05,189.96,False
ORD-13652,2024-11-10,CUST-4505,South,Clothing,Yoga Pants,4,44.99,0.0,179.96,False
ORD-10696,2024-04-08,CUST-2214,South,Clothing,Denim Jeans,3,59.99,0.1,161.97,False
ORD-13847,2024-07-27,CUST-2650,West,Clothing,Casual Sneakers,1,89.99,0.05,85.49,False
ORD-14670,2024-05-24,CUST-1735,West,Clothing,Running Shoes,1,109.99,0.1,98.99,False
ORD-14458,2024-06-05,CUST-4995,East,Electronics,Mechanical Keyboard,3,129.99,0.0,389.97,False
ORD-13169,2024-05-16,CUST-2508,East,Clothing,Running Shoes,2,109.99,0.15,186.98,False
ORD-14053,2024-07-20,CUST-4270,East,Clothing,Yoga Pants,3,44.99,0.1,121.47,False
ORD-11071,2024-03-15,CUST-3647,East,Electronics,USB-C Hub,2,39.99,0.0,79.98,False
ORD-14023,2024-11-15,CUST-1861,West,Clothing,Yoga Pants,4,44.99,0.1,161.96,True
ORD-12187,2024-11-08,CUST-1804,East,Home & Garden,Throw Blanket,4,49.99,0.0,199.96,False
ORD-14069,2024-11-23,CUST-1077,West,Clothing,Yoga Pants,4,44.99,0.15,152.97,False
ORD-12045,2024-10-22,CUST-4221,East,Clothing,Denim Jeans,3,59.99,0.0,179.97,False
ORD-10282,2024-05-04,CUST-1745,South,Clothing,Denim Jeans,2,59.99,0.1,107.98,False
ORD-10258,2024-08-05,CUST-2104,East,Electronics,Laptop Stand,2,49.99,0.1,89.98,False
ORD-12664,2024-08-19,CUST-1467,South,Electronics,Smart Watch,1,199.99,0.0,199.99,False
ORD-11811,2024-11-14,CUST-2783,North,Electronics,LED Monitor,2,299.99,0.0,599.98,False
ORD-11797,2024-01-08,CUST-1945,East,Home & Garden,Air Purifier,3,159.99,0.1,431.97,False
ORD-10599,2024-01-17,CUST-2334,East,Home & Garden,Throw Blanket,5,49.99,0.05,237.45,False
ORD-13233,2024-01-13,CUST-3214,East,Home & Garden,Plant Pot Set,2,34.99,0.0,69.98,False
ORD-10725,2024-11-22,CUST-1078,East,Electronics,Laptop Stand,1,49.99,0.05,47.49,False
ORD-11636,2024-05-11,CUST-2571,North,Home & Garden,Plant Pot Set,1,34.99,0.0,34.99,False
ORD-12918,2024-06-18,CUST-3814,East,Electronics,Webcam HD,3,79.99,0.1,215.97,True
ORD-10677,2024-05-01,CUST-4778,East,Clothing,Wool Sweater,1,79.99,0.1,71.99,False
ORD-14031,2024-04-01,CUST-1675,North,Home & Garden,Coffee Maker,2,69.99,0.1,125.98,False
ORD-11152,2024-10-27,CUST-2578,South,Clothing,Winter Jacket,1,149.99,0.1,134.99,True
ORD-11346,2024-05-12,CUST-1665,West,Home & Garden,Coffee Maker,3,69.99,0.0,209.97,False
ORD-10055,2024-12-03,CUST-4130,North,Clothing,Denim Jeans,4,59.99,0.05,227.96,False
ORD-14971,2024-12-22,CUST-3235,North,Clothing,Denim Jeans,1,59.99,0.15,50.99,False
ORD-10825,2024-12-08,CUST-3281,North,Clothing,Wool Sweater,1,79.99,0.15,67.99,False
ORD-11411,2024-02-05,CUST-3142,East,Clothing,Yoga Pants,2,44.99,0.2,71.98,False
ORD-11546,2024-11-28,CUST-4854,South,Electronics,Wireless Headphones,1,89.99,0.1,80.99,False
ORD-13336,2024-12-11,CUST-1375,East,Home & Garden,Storage Organizer,2,29.99,0.05,56.98,False
ORD-12214,2024-10-15,CUST-3137,East,Clothing,Winter Jacket,3,149.99,0.05,427.47,False
ORD-10085,2024-05-08,CUST-4013,South,Clothing,Winter Jacket,1,149.99,0.05,142.49,False
ORD-12920,2024-05-20,CUST-4152,East,Electronics,Webcam HD,1,79.99,0.0,79.99,True
ORD-11361,2024-03-04,CUST-1985,North,Electronics,Wireless Headphones,3,89.99,0.05,256.47,True
ORD-12935,2024-03-02,CUST-4031,North,Electronics,Laptop Stand,1,49.99,0.05,47.49,False
ORD-10888,2024-02-10,CUST-3234,East,Home & Garden,Scented Candles,1,19.99,0.1,17.99,False
ORD-12954,2024-12-04,CUST-4429,North,Electronics,Webcam HD,1,79.99,0.1,71.99,False
ORD-11687,2024-06-03,CUST-1448,North,Home & Garden,Wall Clock,1,39.99,0.0,39.99,False
ORD-11819,2024-05-23,CUST-1957,South,Clothing,Wool Sweater,1,79.99,0.1,71.99,False
ORD-13703,2024-11-07,CUST-2765,East,Home & Garden,Wall Clock,1,39.99,0.05,37.99,False
ORD-11972,2024-04-20,CUST-1494,North,Electronics,Mechanical Keyboard,2,129.99,0.0,259.98,False
ORD-12546,2024-01-08,CUST-3410,East,Home & Garden,Air Purifier,1,159.99,0.0,159.99,False
ORD-10714,2024-05-14,CUST-4863,South,Clothing,Cotton T-Shirt,2,24.99,0.15,42.48,False
ORD-14757,2024-11-13,CUST-1666,West,Clothing,Cotton T-Shirt,4,24.99,0.1,89.96,False
ORD-11056,2024-11-13,CUST-1265,East,Electronics,Webcam HD,2,79.99,0.05,151.98,False
ORD-12286,2024-12-21,CUST-1592,East,Electronics,Webcam HD,1,79.99,0.0,79.99,False
ORD-14691,2024-05-11,CUST-1555,West,Clothing,Rain Coat,2,119.99,0.1,215.98,False
ORD-14984,2024-07-13,CUST-3562,East,Electronics,LED Monitor,1,299.99,0.0,299.99,False
ORD-12207,2024-11-20,CUST-3945,South,Electronics,Smart Watch,1,199.99,0.0,199.99,False
ORD-14978,2024-01-22,CUST-2493,North,Clothing,Winter Jacket,1,149.99,0.05,142.49,False
ORD-14068,2024-10-11,CUST-4448,West,Home & Garden,Wall Clock,1,39.99,0.0,39.99,False
ORD-14768,2024-10-06,CUST-3123,East,Electronics,Smart Watch,1,199.99,0.0,199.99,True
ORD-12848,2024-07-13,CUST-3458,South,Clothing,Rain Coat,1,119.99,0.2,95.99,False
ORD-10617,2024-04-02,CUST-1574,South,Electronics,Mechanical Keyboard,2,129.99,0.0,259.98,False
ORD-13653,2024-03-01,CUST-4100,South,Electronics,Smart Watch,5,199.99,0.05,949.95,False
ORD-14409,2024-07-08,CUST-2919,West,Home & Garden,Air Purifier,1,159.99,0.1,143.99,False
ORD-10123,2024-02-23,CUST-4629,South,Home & Garden,LED Desk Lamp,1,44.99,0.0,44.99,False
ORD-14803,2024-03-21,CUST-4143,South,Electronics,USB-C Hub,2,39.99,0.1,71.98,False
ORD-12042,2024-07-15,CUST-3780,East,Home & Garden,Coffee Maker,1,69.99,0.1,62.99,False
ORD-10334,2024-01-10,CUST-3122,North,Home & Garden,Scented Candles,2,19.99,0.0,39.98,False
ORD-11362,2024-09-04,CUST-4849,South,Home & Garden,Wall Clock,1,39.99,0.0,39.99,False
ORD-10304,2024-10-10,CUST-4418,,Electronics,Wireless Headphones,3,89.99,0.1,242.97,False
ORD-12772,2024-11-07,CUST-4004,West,Home & Garden,LED Desk Lamp,1,44.99,0.0,44.99,False
ORD-10980,2024-05-06,CUST-3982,South,Electronics,Laptop Stand,1,49.99,0.0,49.99,False
ORD-13736,2024-09-26,CUST-2163,North,Electronics,Webcam HD,3,79.99,0.0,239.97,False
ORD-11407,2024-11-08,CUST-2966,East,Electronics,Wireless Headphones,1,89.99,0.1,80.99,False
ORD-13165,2024-06-01,CUST-1333,East,Home & Garden,Wall Clock,2,39.99,0.0,79.98,False
ORD-12966,2024-10-26,CUST-4731,East,Home & Garden,Wall Clock,2,39.99,0.0,79.98,True
ORD-14528,2024-03-21,CUST-4491,South,Clothing,Cotton T-Shirt,2,24.99,0.15,42.48,False
ORD-10175,2024-03-01,CUST-1558,West,Electronics,Mechanical Keyboard,5,129.99,0.0,649.95,False
ORD-10581,2024-12-13,CUST-1013,North,Electronics,Mechanical Keyboard,2,129.99,0.0,259.98,False
ORD-13929,2024-02-28,CUST-1546,South,Clothing,Casual Sneakers,1,89.99,0.05,85.49,False
ORD-11616,2024-12-02,CUST-2626,West,Home & Garden,Throw Blanket,3,49.99,0.1,134.97,False
ORD-14415,2024-06-24,CUST-1073,North,Electronics,Laptop Stand,1,49.99,0.05,47.49,True
ORD-14461,2024-07-25,CUST-3666,South,Home & Garden,Storage Organizer,1,29.99,0.1,26.99,False
ORD-11194,2024-01-09,CUST-1776,North,Electronics,Webcam HD,3,79.99,0.0,239.97,False
ORD-12876,2024-06-11,CUST-1473,South,Clothing,Yoga Pants,1,44.99,0.15,38.24,False
ORD-14864,2024-04-22,CUST-1004,North,Clothing,Denim Jeans,1,59.99,0.0,59.99,False
ORD-14213,2024-03-17,CUST-1241,West,Home & Garden,Storage Organizer,3,29.99,0.1,80.97,False
ORD-13243,2024-10-15,CUST-3877,South,Home & Garden,LED Desk Lamp,2,44.99,0.0,89.98,True
ORD-11824,2024-09-18,CUST-4360,East,Electronics,Mechanical Keyboard,2,129.99,0.05,246.98,False
ORD-11879,2024-07-19,CUST-4559,North,Home & Garden,LED Desk Lamp,1,44.99,0.0,44.99,False
ORD-11981,2024-11-11,CUST-4423,North,Home & Garden,Scented Candles,1,19.99,0.1,17.99,False
ORD-11861,2024-09-14,CUST-3264,North,Clothing,Running Shoes,1,109.99,0.1,98.99,False
ORD-11350,2024-12-26,CUST-1886,South,Home & Garden,Wall Clock,5,39.99,0.0,199.95,True
ORD-13575,2024-05-04,CUST-2482,North,Electronics,Bluetooth Speaker,1,59.99,0.0,59.99,False
ORD-13606,2024-11-27,CUST-1289,South,Home & Garden,LED Desk Lamp,1,44.99,0.0,44.99,False
ORD-14734,2024-06-16,CUST-2984,North,Electronics,Smart Watch,3,199.99,0.0,599.97,False
ORD-12974,2024-05-19,CUST-1615,South,Electronics,Wireless Headphones,1,89.99,0.05,85.49,False
ORD-10409,2024-02-23,CUST-1673,North,Home & Garden,Storage Organizer,1,29.99,0.05,28.49,False
ORD-10675,2024-12-17,CUST-4188,South,Home & Garden,LED Desk Lamp,1,44.99,0.0,44.99,True
ORD-10297,2024-03-23,CUST-4939,South,Clothing,Cotton T-Shirt,1,24.99,0.2,19.99,False
ORD-10925,2024-01-17,CUST-1651,West,Clothing,Cotton T-Shirt,2,24.99,0.15,42.48,False
ORD-10021,2024-04-05,CUST-1539,West,Electronics,Bluetooth Speaker,1,59.99,0.05,56.99,False
ORD-14099,2024-01-14,CUST-3712,West,Home & Garden,Coffee Maker,3,69.99,0.0,209.97,False
ORD-14015,2024-04-01,CUST-2353,North,Home & Garden,LED Desk Lamp,1,44.99,0.0,44.99,False
ORD-10728,2024-03-20,CUST-2905,North,Clothing,Wool Sweater,1,79.99,0.25,59.99,False
ORD-13669,2024-06-13,CUST-4191,East,Electronics,Mechanical Keyboard,1,129.99,0.1,116.99,False
ORD-14184,2024-02-22,CUST-1336,South,Home & Garden,LED Desk Lamp,1,44.99,0.05,42.74,False
ORD-11307,2024-11-07,CUST-4047,East,Home & Garden,Wall Clock,4,39.99,0.1,143.96,True
ORD-12941,2024-08-20,CUST-2598,East,Electronics,Mechanical Keyboard,2,129.99,0.05,246.98,False
ORD-10671,2024-12-12,CUST-2122,North,Electronics,Webcam HD,2,79.99,0.0,159.98,False
ORD-11672,2024-12-02,CUST-2486,East,Electronics,Webcam HD,3,79.99,0.0,239.97,False
ORD-11199,2024-02-11,CUST-4428,East,Clothing,Yoga Pants,2,44.99,0.15,76.48,False
ORD-12229,2024-04-10,CUST-2612,East,Clothing,Wool Sweater,2,79.99,0.2,127.98,False
ORD-13797,2024-02-28,CUST-4318,North,Electronics,Webcam HD,1,79.99,0.05,75.99,False
ORD-14927,2024-03-28,CUST-2395,East,Clothing,Casual Sneakers,1,89.99,0.05,85.49,False
ORD-10293,2024-05-27,CUST-2403,West,Electronics,Webcam HD,1,79.99,0.05,75.99,False
ORD-12249,2024-02-15,CUST-2487,West,Clothing,Yoga Pants,2,44.99,0.05,85.48,False
ORD-12690,2024-07-17,CUST-3546,East,Electronics,LED Monitor,1,299.99,0.05,284.99,True
ORD-10126,2024-11-17,CUST-4192,East,Electronics,Mechanical Keyboard,2,129.99,0.1,233.98,False
ORD-12579,2024-09-17,CUST-3823,North,Clothing,Running Shoes,2,109.99,0.1,197.98,False
ORD-13479,2024-05-22,CUST-2615,West,Electronics,Smart Watch,1,199.99,0.1,179.99,False
ORD-12247,2024-11-02,CUST-1264,North,Clothing,Rain Coat,2,119.99,0.25,179.98,False
ORD-13545,2024-03-02,CUST-1631,East,Clothing,Denim Jeans,2,59.99,0.05,113.98,False
ORD-14524,2024-11-27,CUST-3499,East,Home & Garden,Throw Blanket,1,49.99,0.1,44.99,False
ORD-14586,2024-05-06,CUST-3159,South,Clothing,Cotton T-Shirt,3,24.99,0.2,59.98,False
ORD-10692,2024-07-07,CUST-4412,East,Home & Garden,Storage Organizer,5,29.99,0.05,142.45,False
ORD-12982,2024-10-10,CUST-3784,North,Electronics,Laptop Stand,2,49.99,0.0,99.98,True
ORD-10686,2024-08-16,CUST-4772,West,Home & Garden,Throw Blanket,1,49.99,0.0,49.99,False
ORD-10817,2024-05-05,CUST-2642,North,Home & Garden,Air Purifier,3,159.99,0.0,479.97,False
ORD-10216,2024-05-24,CUST-3675,South,Clothing,Casual Sneakers,1,89.99,0.1,80.99,True
ORD-13838,2024-12-15,CUST-1190,East,Clothing,Rain Coat,2,119.99,0.0,239.98,False
ORD-13325,2024-10-10,CUST-1562,East,Clothing,Winter Jacket,1,149.99,0.1,134.99,False
ORD-10152,2024-02-27,CUST-3648,West,Clothing,Casual Sneakers,2,89.99,0.05,170.98,False
ORD-10706,2024-05-27,CUST-1308,East,Home & Garden,Coffee Maker,2,69.99,0.0,139.98,False
ORD-11992,2024-08-05,CUST-3556,East,Clothing,Cotton T-Shirt,2,24.99,0.25,37.48,False
ORD-13889,2024-05-06,CUST-4151,South,Clothing,Wool Sweater,2,79.99,0.1,143.98,False
ORD-14595,2024-09-27,CUST-3232,South,Electronics,Bluetooth Speaker,1,59.99,0.0,59.99,False
ORD-14779,2024-03-22,CUST-4134,South,Home & Garden,Throw Blanket,2,49.99,0.0,99.98,False
ORD-12008,2024-01-26,CUST-2718,North,Home & Garden,Plant Pot Set,1,34.99,0.05,33.24,False
ORD-10478,2024-12-13,CUST-2585,South,Home & Garden,Throw Blanket,5,49.99,0.0,249.95,False
ORD-11282,2024-07-22,CUST-3060,North,Clothing,Wool Sweater,1,79.99,0.15,67.99,False
ORD-11604,2024-01-21,CUST-1710,North,Clothing,Wool Sweater,1,79.99,0.2,63.99,False
ORD-14076,2024-06-01,CUST-2353,North,Electronics,LED Monitor,3,299.99,0.0,899.97,False
ORD-11666,2024-03-09,CUST-4615,East,Clothing,Wool Sweater,1,79.99,0.25,59.99,False
ORD-14446,2024-03-21,CUST-4627,East,Home & Garden,Storage Organizer,5,29.99,0.0,149.95,False
ORD-13198,2024-02-17,CUST-1850,North,Home & Garden,Coffee Maker,1,69.99,0.05,66.49,False
ORD-10812,2024-02-27,CUST-1730,South,Clothing,Cotton T-Shirt,1,24.99,0.1,22.49,False
ORD-13337,2024-10-09,CUST-3149,South,Clothing,Winter Jacket,1,149.99,0.1,134.99,False
ORD-13602,2024-03-14,CUST-3112,South,Home & Garden,Plant Pot Set,1,34.99,0.05,33.24,False
ORD-10250,2024-04-24,CUST-4006,West,Electronics,Laptop Stand,1,49.99,0.05,47.49,False
ORD-10843,2024-12-20,CUST-1587,South,Clothing,Yoga Pants,3,44.99,0.0,134.97,False
ORD-12125,2024-09-22,CUST-1685,South,Clothing,Yoga Pants,1,44.99,0.1,40.49,False
ORD-13312,2024-10-06,CUST-3364,East,Clothing,Rain Coat,5,119.99,0.15,509.96,False
ORD-13056,2024-08-18,CUST-1985,South,Electronics,Laptop Stand,3,49.99,0.0,149.97,False
ORD-12375,2024-04-20,CUST-2071,East,Electronics,Wireless Headphones,1,89.99,0.0,89.99,False
ORD-12032,2024-06-07,CUST-2003,West,Clothing,Rain Coat,4,119.99,0.05,455.96,False
ORD-10967,2024-04-13,CUST-1953,East,Clothing,Running Shoes,3,109.99,0.15,280.47,False
ORD-14513,2024-09-20,CUST-3152,East,Home & Garden,LED Desk Lamp,1,44.99,0.1,40.49,False
ORD-10080,2024-12-11,CUST-4916,East,Home & Garden,Plant Pot Set,1,34.99,0.0,34.99,False
ORD-10972,2024-10-13,CUST-4446,North,Clothing,Casual Sneakers,4,89.99,0.05,341.96,False
ORD-11896,2024-08-26,CUST-4488,South,Clothing,Rain Coat,3,119.99,0.0,359.97,False
ORD-12235,2024-08-18,CUST-2232,East,Home & Garden,LED Desk Lamp,1,44.99,0.05,42.74,False
ORD-10246,2024-06-05,CUST-1478,North,Electronics,Webcam HD,2,79.99,0.1,143.98,False
ORD-12704,2024-11-06,CUST-3173,South,Home & Garden,Wall Clock,1,39.99,0.0,39.99,False
ORD-12203,2024-01-16,CUST-3574,South,Clothing,Wool Sweater,3,79.99,0.15,203.97,True
ORD-14921,2024-10-10,CUST-3241,North,Electronics,LED Monitor,1,299.99,0.0,299.99,False
ORD-14144,2024-12-22,CUST-1748,North,Electronics,LED Monitor,3,299.99,0.0,899.97,False
ORD-14671,2024-12-05,CUST-3257,East,Clothing,Winter Jacket,2,149.99,0.1,269.98,False
ORD-13374,2024-11-14,CUST-4499,South,Home & Garden,Plant Pot Set,2,34.99,0.0,69.98,False
ORD-14103,2024-03-07,CUST-2120,West,Home & Garden,Wall Clock,2,39.99,0.05,75.98,True
ORD-12331,2024-01-21,CUST-4367,South,Home & Garden,Plant Pot Set,3,34.99,0.0,104.97,False
ORD-14376,2024-05-24,CUST-3207,North,Home & Garden,Scented Candles,3,19.99,0.0,59.97,False
ORD-14142,2024-02-13,CUST-3575,North,Electronics,Smart Watch,1,199.99,0.0,199.99,False
ORD-14359,2024-03-20,CUST-2420,East,Home & Garden,Scented Candles,1,19.99,0.05,18.99,False
ORD-11505,2024-05-25,CUST-1226,West,Home & Garden,Coffee Maker,1,69.99,0.05,66.49,False
ORD-12951,2024-10-01,CUST-2656,North,Clothing,Wool Sweater,1,79.99,0.05,75.99,False
ORD-11345,2024-06-23,CUST-3835,East,Electronics,Wireless Headphones,2,89.99,0.0,179.98,False
ORD-13317,2024-01-05,CUST-4597,South,Clothing,Winter Jacket,1,149.99,0.05,142.49,False
ORD-10591,2024-09-24,CUST-4509,East,Home & Garden,Throw Blanket,3,49.99,0.1,134.97,False
ORD-10975,2024-04-07,CUST-3886,East,Clothing,Winter Jacket,4,149.99,0.05,569.96,False
ORD-14228,2024-06-24,CUST-2557,East,Home & Garden,Plant Pot Set,1,34.99,0.0,34.99,False
ORD-11645,2024-10-13,CUST-1677,South,Home & Garden,Scented Candles,2,19.99,0.0,39.98,False
ORD-11679,2024-10-26,CUST-2209,North,Clothing,Denim Jeans,1,59.99,0.2,47.99,False
ORD-10509,2024-10-28,CUST-1144,East,Electronics,Webcam HD,1,79.99,0.0,79.99,False
ORD-10122,2024-04-10,CUST-3441,West,Electronics,Webcam HD,1,79.99,0.0,79.99,False
ORD-13120,2024-04-04,CUST-2422,West,Electronics,Webcam HD,2,79.99,0.05,151.98,False
ORD-11534,2024-06-08,CUST-2612,West,Home & Garden,Air Purifier,1,159.99,0.05,151.99,False
ORD-13352,2024-12-19,CUST-2899,East,Home & Garden,Wall Clock,1,39.99,0.0,39.99,False
ORD-14661,2024-08-17,CUST-3809,North,Electronics,Webcam HD,2,79.99,0.15,135.98,False
ORD-11710,2024-03-26,CUST-2316,North,Electronics,LED Monitor,1,299.99,,284.99,False
ORD-14451,2024-08-11,CUST-4551,South,Electronics,Mechanical Keyboard,3,129.99,0.0,389.97,False
ORD-12100,2024-12-24,CUST-3819,East,Electronics,Webcam HD,1,79.99,0.0,79.99,False
ORD-10869,2024-12-12,CUST-3380,South,Clothing,Cotton T-Shirt,1,24.99,0.15,21.24,False
ORD-14504,2024-06-24,CUST-1834,North,Clothing,Winter Jacket,1,149.99,0.0,149.99,False
ORD-11030,2024-01-18,CUST-2046,South,Clothing,Yoga Pants,3,44.99,0.15,114.72,False
ORD-13463,2024-08-13,CUST-3226,West,Electronics,Mechanical Keyboard,1,129.99,0.1,116.99,False
ORD-12694,2024-12-19,CUST-2835,South,Clothing,Yoga Pants,1,44.99,0.0,44.99,False
ORD-10756,2024-09-07,CUST-1225,North,Clothing,Wool Sweater,2,79.99,0.05,151.98,False
ORD-11998,2024-01-02,CUST-2161,South,Clothing,Rain Coat,3,119.99,0.1,323.97,False
ORD-13749,2024-12-06,CUST-1732,South,Clothing,Winter Jacket,2,149.99,0.15,254.98,False
ORD-13590,2024-12-20,CUST-2519,South,Electronics,Laptop Stand,5,49.99,0.0,249.95,False
ORD-11156,2024-03-25,CUST-2035,East,Clothing,Running Shoes,2,109.99,0.05,208.98,False
ORD-13156,2024-12-28,CUST-1736,West,Electronics,Smart Watch,2,199.99,0.0,399.98,False
ORD-12115,2024-03-25,CUST-2518,East,Clothing,Yoga Pants,3,44.99,0.0,134.97,False
ORD-10982,2024-02-23,CUST-4489,South,Home & Garden,Wall Clock,2,39.99,0.0,79.98,True
ORD-10332,2024-01-14,CUST-3792,West,Electronics,Wireless Headphones,2,89.99,0.0,179.98,False
ORD-11592,2024-02-22,CUST-2068,South,Home & Garden,Plant Pot Set,1,34.99,0.05,33.24,False
ORD-12384,2024-04-11,CUST-4809,East,Clothing,Rain Coat,1,119.99,0.15,101.99,False
ORD-12960,2024-03-13,CUST-1674,East,Electronics,Wireless Headphones,2,89.99,0.05,170.98,True
ORD-11575,2024-02-09,CUST-4591,South,Clothing,Casual Sneakers,1,89.99,0.1,80.99,False
ORD-14672,2024-10-05,CUST-3751,South,Home & Garden,Throw Blanket,1,49.99,0.05,47.49,False
ORD-10061,2024-04-10,CUST-4381,South,Home & Garden,Scented Candles,2,19.99,0.05,37.98,False
ORD-10472,2024-01-15,CUST-4866,South,Clothing,Cotton T-Shirt,2,24.99,0.0,49.98,False
ORD-10901,2024-01-20,CUST-3062,North,Electronics,USB-C Hub,1,39.99,0.15,33.99,False
ORD-13454,2024-12-01,CUST-3984,North,Clothing,Rain Coat,2,119.99,0.1,215.98,False
ORD-10865,2024-07-09,CUST-4407,South,Clothing,Winter Jacket,2,149.99,0.1,269.98,False
ORD-13583,2024-11-12,CUST-1314,East,Electronics,Smart Watch,1,199.99,0.05,189.99,False
ORD-14733,2024-12-26,CUST-4713,North,Electronics,Mechanical Keyboard,2,129.99,0.05,246.98,False
ORD-12525,2024-04-20,CUST-1223,North,Home & Garden,Wall Clock,1,39.99,0.1,35.99,False
ORD-11329,2024-06-26,CUST-2188,South,Electronics,Smart Watch,2,199.99,0.0,399.98,False
ORD-13614,2024-05-09,CUST-3708,North,Electronics,Webcam HD,2,79.99,0.05,151.98,False
ORD-11342,2024-12-12,CUST-4045,East,Home & Garden,LED Desk Lamp,1,44.99,0.0,44.99,False
ORD-10741,2024-04-12,CUST-3484,South,Home & Garden,Throw Blanket,1,49.99,0.0,49.99,False
ORD-14813,2024-07-05,CUST-1962,South,Clothing,Cotton T-Shirt,2,24.99,0.1,44.98,False
ORD-13388,2024-01-21,CUST-2161,North,Home & Garden,Storage Organizer,3,29.99,0.0,89.97,False
ORD-11605,2024-07-23,CUST-1336,South,Electronics,Bluetooth Speaker,4,59.99,0.05,227.96,False
ORD-12180,2024-04-10,CUST-1122,West,Home & Garden,Coffee Maker,2,69.99,0.05,132.98,True
ORD-14815,2024-12-26,CUST-2545,West,Clothing,Wool Sweater,2,79.99,0.2,127.98,False
ORD-14112,2024-01-04,CUST-1443,North,Clothing,Wool Sweater,2,79.99,0.0,159.98,False
ORD-13029,2024-09-11,CUST-1931,South,Electronics,Bluetooth Speaker,3,59.99,0.15,152.97,False
ORD-13281,2024-03-07,CUST-4794,South,Home & Garden,Air Purifier,2,159.99,0.0,319.98,False
ORD-14120,2024-04-09,CUST-3861,South,Home & Garden,Plant Pot Set,3,34.99,0.05,99.72,False
ORD-11628,2024-02-03,CUST-3878,North,Electronics,Laptop Stand,1,49.99,,44.99,False
ORD-14323,2024-06-22,CUST-2788,East,Electronics,Bluetooth Speaker,1,59.99,0.0,59.99,False
ORD-13804,2024-04-27,CUST-2998,East,Clothing,Rain Coat,1,119.99,0.1,107.99,False
ORD-12438,2024-07-26,CUST-1943,North,Home & Garden,Wall Clock,4,39.99,0.0,159.96,False
ORD-11149,2024-12-10,CUST-1872,West,Electronics,Bluetooth Speaker,1,59.99,0.0,59.99,False
ORD-11160,2024-11-01,CUST-4133,South,Home & Garden,Air Purifier,3,159.99,0.0,479.97,False
ORD-13904,2024-11-14,CUST-3018,South,Clothing,Denim Jeans,2,59.99,0.25,89.98,False
ORD-14651,2024-10-24,CUST-2586,North,Home & Garden,Air Purifier,2,159.99,0.1,287.98,False
ORD-10256,2024-12-09,CUST-4925,South,Home & Garden,Air Purifier,1,159.99,0.0,159.99,False
ORD-12598,2024-04-06,CUST-1618,West,Clothing,Yoga Pants,3,44.99,0.0,134.97,True
ORD-10633,2024-07-04,CUST-2846,East,Home & Garden,Storage Organizer,4,29.99,0.1,107.96,False
ORD-12946,2024-07-12,CUST-1092,South,Home & Garden,Air Purifier,1,159.99,0.0,159.99,True
ORD-12337,2024-05-25,CUST-2862,North,Electronics,Bluetooth Speaker,1,59.99,0.0,59.99,False
ORD-14476,2024-06-20,CUST-1725,North,Electronics,LED Monitor,1,299.99,0.0,299.99,False
ORD-10777,2024-10-05,CUST-3167,South,Home & Garden,Plant Pot Set,1,34.99,0.05,33.24,False
ORD-11105,2024-03-18,CUST-3384,East,Electronics,Bluetooth Speaker,1,59.99,0.0,59.99,False
ORD-12101,2024-07-24,CUST-1787,South,Home & Garden,Air Purifier,1,159.99,0.05,151.99,False
ORD-14150,2024-02-12,CUST-3977,North,Clothing,Cotton T-Shirt,3,24.99,0.0,74.97,False
ORD-13407,2024-12-26,CUST-4407,West,Electronics,Mechanical Keyboard,1,129.99,0.0,129.99,False
ORD-10557,2024-01-20,CUST-3841,South,Electronics,Smart Watch,1,199.99,0.0,199.99,False
ORD-11850,2024-04-15,CUST-4277,North,Electronics,Laptop Stand,1,49.99,0.0,49.99,False
ORD-11985,2024-02-04,CUST-1606,West,Clothing,Denim Jeans,3,59.99,0.15,152.97,False
ORD-12088,2024-11-14,CUST-4632,East,Home & Garden,LED Desk Lamp,3,44.99,0.1,121.47,False
ORD-12899,2024-01-15,CUST-4052,South,Clothing,Yoga Pants,4,44.99,0.0,179.96,False
ORD-13220,2024-07-22,CUST-1732,West,Clothing,Winter Jacket,2,149.99,0.15,254.98,True
ORD-10261,2024-12-11,CUST-3935,West,Electronics,Bluetooth Speaker,4,59.99,0.0,239.96,False
ORD-14195,2024-03-16,CUST-3053,South,Clothing,Wool Sweater,1,79.99,0.05,75.99,False
ORD-12666,2024-02-05,CUST-2924,South,Clothing,Wool Sweater,1,79.99,0.15,67.99,False
ORD-12131,2024-01-27,CUST-2107,South,Home & Garden,Air Purifier,3,159.99,0.0,479.97,True
ORD-11472,2024-12-28,CUST-4036,South,Clothing,Denim Jeans,1,59.99,0.0,59.99,False
ORD-10627,2024-10-07,CUST-1326,East,Clothing,Cotton T-Shirt,1,24.99,0.15,21.24,False
ORD-13131,2024-11-22,CUST-2840,West,Home & Garden,Scented Candles,2,19.99,0.0,39.98,True
ORD-11889,2024-12-10,CUST-4481,North,Home & Garden,Air Purifier,3,159.99,0.0,479.97,False
ORD-13042,2024-02-05,CUST-1996,South,Clothing,Cotton T-Shirt,3,24.99,0.05,71.22,False
ORD-14095,2024-06-27,CUST-1374,South,Home & Garden,Storage Organizer,1,29.99,0.1,26.99,False
ORD-12078,2024-12-04,CUST-3255,West,Clothing,Winter Jacket,1,149.99,0.0,149.99,False
ORD-13585,2024-05-12,CUST-4925,South,Clothing,Casual Sneakers,2,89.99,0.1,161.98,False
ORD-12830,2024-06-11,CUST-2916,West,Electronics,Mechanical Keyboard,1,129.99,0.1,116.99,False
ORD-14490,2024-04-27,CUST-3977,South,Clothing,Casual Sneakers,1,89.99,0.1,80.99,False
ORD-14783,2024-04-06,CUST-3087,East,Clothing,Casual Sneakers,1,89.99,0.2,71.99,False
ORD-10208,2024-01-19,CUST-3318,East,Electronics,Wireless Headphones,1,89.99,0.05,85.49,False
ORD-14723,2024-06-19,CUST-3006,East,Clothing,Denim Jeans,3,59.99,0.1,161.97,False
ORD-11913,2024-05-17,CUST-3743,West,Home & Garden,Scented Candles,2,19.99,0.0,39.98,True
ORD-11606,2024-01-27,CUST-4863,West,Electronics,LED Monitor,2,299.99,0.05,569.98,False
ORD-11020,2024-10-28,CUST-4368,North,Electronics,Webcam HD,3,79.99,0.0,239.97,False
ORD-10608,2024-07-22,CUST-4353,South,Electronics,Laptop Stand,1,49.99,0.05,47.49,False
ORD-11403,2024-10-01,CUST-1361,East,Home & Garden,Scented Candles,1,19.99,0.05,18.99,True
ORD-10221,2024-07-18,CUST-3420,East,Electronics,USB-C Hub,1,39.99,0.0,39.99,False
ORD-13254,2024-05-18,CUST-3505,North,Electronics,Laptop Stand,2,49.99,0.15,84.98,False
ORD-12726,2024-01-01,CUST-3381,West,Clothing,Denim Jeans,2,59.99,0.05,113.98,False
ORD-12096,2024-08-27,CUST-3728,North,Clothing,Casual Sneakers,2,89.99,0.05,170.98,False
ORD-10209,2024-03-26,CUST-3484,East,Home & Garden,Storage Organizer,1,29.99,0.05,28.49,False
ORD-13798,2024-03-23,CUST-4212,East,Electronics,USB-C Hub,1,39.99,0.05,37.99,False
ORD-13539,2024-01-03,CUST-4503,North,Electronics,Wireless Headphones,3,89.99,0.0,269.97,False
ORD-10153,2024-06-10,CUST-2638,East,Electronics,LED Monitor,1,299.99,0.05,284.99,False
ORD-11590,2024-10-03,CUST-1020,North,Clothing,Wool Sweater,3,79.99,0.05,227.97,False
ORD-12442,2024-11-13,CUST-4585,East,Clothing,Casual Sneakers,1,89.99,0.0,89.99,False
ORD-11147,2024-09-10,CUST-2497,North,Clothing,Rain Coat,1,119.99,0.2,95.99,False
ORD-13427,2024-09-15,CUST-3115,East,Electronics,Bluetooth Speaker,2,59.99,0.1,107.98,False
ORD-11967,2024-05-26,CUST-2986,South,Electronics,Mechanical Keyboard,2,129.99,0.0,259.98,False
ORD-13206,2024-11-04,CUST-1968,West,Home & Garden,Storage Organizer,1,29.99,0.0,29.99,False
ORD-12433,2024-04-23,CUST-2944,North,Clothing,Cotton T-Shirt,1,24.99,0.15,21.24,False
ORD-11633,2024-11-12,CUST-3550,West,Electronics,Mechanical Keyboard,1,129.99,0.0,129.99,False
ORD-13292,2024-05-15,CUST-2001,East,Home & Garden,Scented Candles,1,19.99,0.0,19.99,False
ORD-10597,2024-03-21,CUST-3532,North,Home & Garden,Scented Candles,1,19.99,0.0,19.99,False
ORD-13137,2024-10-10,CUST-1444,West,Home & Garden,Coffee Maker,2,69.99,0.0,139.98,False
ORD-11656,2024-07-11,CUST-4802,East,Clothing,Wool Sweater,4,79.99,0.15,271.97,False
ORD-14284,2024-07-04,CUST-2805,South,Home & Garden,Wall Clock,2,39.99,0.1,71.98,False
ORD-13297,2024-01-16,CUST-1885,West,Clothing,Casual Sneakers,2,89.99,0.15,152.98,False
ORD-11565,2024-06-02,CUST-3997,East,Home & Garden,Throw Blanket,2,49.99,0.0,99.98,True
ORD-11518,2024-04-18,CUST-1658,East,Home & Garden,Plant Pot Set,1,34.99,0.05,33.24,False
ORD-14199,2024-08-16,CUST-4878,North,Clothing,Casual Sneakers,1,89.99,0.05,85.49,True
ORD-10225,2024-04-26,CUST-2462,East,Home & Garden,Throw Blanket,3,49.99,0.0,149.97,True
ORD-12517,2024-06-22,CUST-4140,East,Electronics,USB-C Hub,3,39.99,0.0,119.97,True
ORD-14188,2024-10-23,CUST-1674,North,Clothing,Cotton T-Shirt,3,24.99,0.1,67.47,False
ORD-12393,2024-02-23,CUST-3021,North,Electronics,Webcam HD,2,79.99,0.0,159.98,False
ORD-11760,2024-06-02,CUST-1405,North,Home & Garden,LED Desk Lamp,4,44.99,0.1,161.96,False
ORD-11360,2024-12-01,CUST-1614,West,Home & Garden,Scented Candles,1,19.99,0.1,17.99,False
ORD-13304,2024-03-21,CUST-1443,South,Clothing,Casual Sneakers,3,89.99,0.15,229.47,False
ORD-12324,2024-11-09,CUST-2790,North,Clothing,Casual Sneakers,2,89.99,0.0,179.98,False
ORD-13558,2024-02-06,CUST-2061,South,Home & Garden,Wall Clock,2,39.99,0.0,79.98,False
ORD-14272,2024-03-03,CUST-3715,West,Home & Garden,Plant Pot Set,4,34.99,0.0,139.96,False
ORD-11833,2024-10-24,CUST-3050,East,Home & Garden,Coffee Maker,3,69.99,0.0,209.97,False
ORD-13661,2024-07-20,CUST-2363,West,Clothing,Running Shoes,1,109.99,0.0,109.99,False
ORD-12009,2024-06-19,CUST-2932,West,Electronics,Mechanical Keyboard,2,129.99,0.0,259.98,False
ORD-13657,2024-07-26,CUST-2119,South,Electronics,Mechanical Keyboard,1,129.99,0.0,129.99,False
ORD-13857,2024-07-09,CUST-2387,South,Clothing,Denim Jeans,1,59.99,0.0,59.99,False
ORD-10693,2024-04-17,CUST-2418,South,Electronics,Bluetooth Speaker,3,59.99,0.0,179.97,False
ORD-14526,2024-10-01,CUST-4083,East,Clothing,Yoga Pants,1,44.99,0.15,38.24,False
ORD-12612,2024-04-08,CUST-2924,West,Electronics,LED Monitor,3,299.99,0.0,899.97,False
ORD-11186,2024-10-01,CUST-1237,West,Clothing,Running Shoes,1,109.99,0.25,82.49,False
ORD-11369,2024-03-15,CUST-3438,North,Clothing,Yoga Pants,2,44.99,0.2,71.98,False
ORD-11907,2024-05-17,CUST-2827,North,Clothing,Casual Sneakers,1,89.99,0.1,80.99,False
ORD-14088,2024-11-22,CUST-3539,South,Clothing,Running Shoes,1,109.99,0.05,104.49,False
ORD-12477,2024-11-27,CUST-2333,South,Home & Garden,Coffee Maker,1,69.99,0.0,69.99,False
ORD-10016,2024-04-15,CUST-4469,South,Electronics,USB-C Hub,2,39.99,0.0,79.98,False
ORD-12514,2024-09-02,CUST-4333,South,Electronics,USB-C Hub,2,39.99,0.0,79.98,False
ORD-14607,2024-03-22,CUST-2986,South,Electronics,USB-C Hub,2,39.99,0.0,79.98,False
ORD-12205,2024-12-10,CUST-2578,South,Electronics,USB-C Hub,1,39.99,0.05,37.99,False
ORD-13595,2024-09-11,CUST-4681,West,Home & Garden,Air Purifier,2,159.99,0.0,319.98,False
ORD-11486,2024-05-04,CUST-3718,West,Home & Garden,Plant Pot Set,1,34.99,0.0,34.99,False
ORD-11676,2024-02-06,CUST-4268,North,Clothing,Casual Sneakers,2,89.99,0.0,179.98,False
ORD-12353,2024-12-25,CUST-3887,North,Clothing,Wool Sweater,3,79.99,0.15,203.97,False
ORD-10656,2024-04-23,CUST-2815,East,Home & Garden,Scented Candles,1,19.99,0.05,18.99,False
ORD-11571,2024-03-10,CUST-2352,East,Clothing,Cotton T-Shirt,2,24.99,0.05,47.48,False
ORD-11737,2024-03-28,CUST-3700,South,Clothing,Wool Sweater,2,79.99,0.05,151.98,False
ORD-13855,2024-01-23,CUST-4264,West,Home & Garden,Wall Clock,1,39.99,0.0,39.99,False
ORD-12846,2024-11-26,CUST-2741,South,Clothing,Yoga Pants,2,44.99,0.1,80.98,True
ORD-12980,2024-06-22,CUST-1726,North,Electronics,Webcam HD,2,79.99,0.1,143.98,False
ORD-10618,2024-11-04,CUST-2430,North,Clothing,Yoga Pants,2,44.99,0.25,67.48,False
ORD-12847,2024-04-25,CUST-4887,East,Clothing,Rain Coat,2,119.99,0.1,215.98,False
ORD-14399,2024-02-02,CUST-2515,East,Electronics,LED Monitor,2,299.99,0.15,509.98,False
ORD-10867,2024-03-21,CUST-4297,West,Electronics,Wireless Headphones,4,89.99,0.0,359.96,False
ORD-12507,2024-06-15,CUST-1006,North,Clothing,Yoga Pants,1,44.99,0.1,40.49,False
ORD-12110,2024-02-24,CUST-3680,East,Home & Garden,Wall Clock,3,39.99,0.0,119.97,True
ORD-10457,2024-06-21,CUST-2689,South,Home & Garden,Coffee Maker,2,69.99,0.0,139.98,False
ORD-14507,2024-01-06,CUST-4821,North,Home & Garden,LED Desk Lamp,2,44.99,0.05,85.48,False
ORD-10790,2024-03-13,CUST-4257,South,Clothing,Denim Jeans,1,59.99,0.05,56.99,False
ORD-14839,2024-04-25,CUST-2427,East,Electronics,LED Monitor,4,299.99,0.0,1199.96,False
ORD-13607,2024-04-08,CUST-2506,West,Electronics,Mechanical Keyboard,2,129.99,0.0,259.98,False
ORD-13822,2024-11-28,CUST-1758,West,Home & Garden,Storage Organizer,2,29.99,0.05,56.98,False
ORD-12260,2024-11-01,CUST-4730,North,Home & Garden,LED Desk Lamp,2,44.99,0.05,85.48,False
ORD-14570,2024-07-01,CUST-2185,South,Electronics,Laptop Stand,2,49.99,0.0,99.98,False
ORD-12808,2024-06-27,CUST-3109,East,Clothing,Casual Sneakers,1,89.99,0.0,89.99,False
ORD-13518,2024-01-07,CUST-4231,West,Electronics,Laptop Stand,1,49.99,0.15,42.49,False
ORD-10733,2024-07-24,CUST-4204,South,Electronics,LED Monitor,1,299.99,0.05,284.99,False
ORD-14844,2024-03-16,CUST-1453,East,Clothing,Winter Jacket,1,149.99,0.2,119.99,False
ORD-13958,2024-01-11,CUST-4499,North,Electronics,Mechanical Keyboard,1,129.99,0.0,129.99,False
ORD-12133,2024-07-14,CUST-3286,West,Home & Garden,Wall Clock,2,39.99,0.05,75.98,True
ORD-11944,2024-11-07,CUST-4006,East,Home & Garden,Plant Pot Set,1,34.99,0.05,33.24,False
ORD-12279,2024-01-09,CUST-1500,West,Electronics,Laptop Stand,3,49.99,0.0,149.97,False
ORD-10659,2024-08-15,CUST-2450,North,Clothing,Cotton T-Shirt,2,24.99,0.1,44.98,False
ORD-12430,2024-08-27,CUST-3789,South,Home & Garden,Plant Pot Set,1,34.99,0.0,34.99,False
ORD-13751,2024-12-23,CUST-4298,West,Clothing,Denim Jeans,1,59.99,0.2,47.99,False
ORD-12528,2024-01-10,CUST-3900,East,Electronics,Smart Watch,5,199.99,0.05,949.95,False
ORD-14357,2024-09-27,CUST-2549,South,Home & Garden,Throw Blanket,2,49.99,0.1,89.98,False
ORD-10642,2024-03-19,CUST-3479,West,Clothing,Cotton T-Shirt,1,24.99,0.2,19.99,False
ORD-10168,2024-01-07,CUST-3243,West,Home & Garden,Coffee Maker,2,69.99,0.05,132.98,True
ORD-11517,2024-12-19,CUST-4852,East,Home & Garden,Plant Pot Set,2,34.99,0.0,69.98,True
ORD-11800,2024-12-20,CUST-2523,North,Clothing,Running Shoes,2,109.99,0.0,219.98,False
ORD-13394,2024-12-13,CUST-3874,East,Clothing,Cotton T-Shirt,1,24.99,0.0,24.99,False
ORD-11917,2024-08-27,CUST-4973,West,Electronics,Smart Watch,1,199.99,0.0,199.99,False
ORD-10272,2024-12-07,CUST-4381,East,Clothing,Denim Jeans,2,59.99,0.1,107.98,False
ORD-12468,2024-06-16,CUST-4144,North,Clothing,Wool Sweater,4,79.99,0.15,271.97,False
ORD-14724,2024-03-03,CUST-4892,South,Home & Garden,Wall Clock,1,39.99,0.0,39.99,True
ORD-11066,2024-03-01,CUST-3392,West,Home & Garden,Storage Organizer,5,29.99,0.05,142.45,False
ORD-10494,2024-06-02,CUST-4779,East,Clothing,Running Shoes,4,109.99,0.15,373.97,False
ORD-11912,2024-12-16,CUST-4971,West,Clothing,Rain Coat,1,119.99,0.15,101.99,False
ORD-13646,2024-06-08,CUST-3267,South,Electronics,Mechanical Keyboard,1,129.99,0.1,116.99,False
ORD-10038,2024-10-03,CUST-1261,South,Home & Garden,Storage Organizer,1,29.99,0.1,26.99,False
ORD-10306,2024-07-12,CUST-3711,South,Electronics,LED Monitor,2,299.99,0.05,569.98,False
ORD-13740,2024-12-17,CUST-4575,West,Home & Garden,Storage Organizer,2,29.99,0.1,53.98,False
ORD-14102,2024-07-16,CUST-4512,East,Home & Garden,Air Purifier,1,159.99,0.0,159.99,True
ORD-13152,2024-10-10,CUST-4116,South,Electronics,Mechanical Keyboard,3,129.99,0.15,331.47,False
ORD-12829,2024-01-20,CUST-4367,South,Home & Garden,Coffee Maker,2,69.99,0.0,139.98,False
ORD-10781,2024-07-22,CUST-3400,North,Electronics,LED Monitor,1,299.99,0.1,269.99,False
ORD-10534,2024-11-13,CUST-2104,South,Electronics,Mechanical Keyboard,1,129.99,0.05,123.49,False
ORD-10583,2024-05-13,CUST-4674,West,Clothing,Wool Sweater,1,79.99,0.15,67.99,False
ORD-14143,2024-11-26,CUST-4046,West,Clothing,Denim Jeans,1,59.99,0.0,59.99,False
ORD-13796,2024-07-18,CUST-4458,South,Clothing,Running Shoes,1,109.99,0.25,82.49,False
ORD-14785,2024-05-23,CUST-3307,East,Electronics,Smart Watch,2,199.99,0.15,339.98,False
ORD-14891,2024-01-23,CUST-2826,South,Clothing,Denim Jeans,1,59.99,0.2,47.99,False
ORD-12861,2024-04-19,CUST-3362,West,Electronics,Bluetooth Speaker,2,59.99,0.0,119.98,False
ORD-10316,2024-05-22,CUST-2903,East,Electronics,Mechanical Keyboard,2,129.99,0.0,259.98,False
ORD-12197,2024-12-26,CUST-4559,East,Clothing,Winter Jacket,2,149.99,0.1,269.98,True
ORD-12564,2024-05-07,CUST-3427,West,Home & Garden,Storage Organizer,2,29.99,0.05,56.98,False
ORD-14508,2024-08-28,CUST-4671,South,Clothing,Winter Jacket,2,149.99,0.1,269.98,False
ORD-14782,2024-07-08,CUST-2832,South,Clothing,Yoga Pants,2,44.99,0.05,85.48,False
ORD-11794,2024-01-08,CUST-1243,East,Electronics,Mechanical Keyboard,1,129.99,0.05,123.49,False
ORD-14655,2024-03-22,CUST-1633,East,Clothing,Rain Coat,1,119.99,0.2,95.99,False
ORD-14640,2024-12-23,CUST-3092,North,Electronics,LED Monitor,1,299.99,0.1,269.99,False
ORD-10271,2024-11-24,CUST-2753,North,Electronics,Laptop Stand,2,49.99,0.0,99.98,False
ORD-10548,2024-07-26,CUST-1260,West,Electronics,USB-C Hub,2,39.99,0.0,79.98,False
ORD-11692,2024-05-06,CUST-2037,South,Electronics,USB-C Hub,1,39.99,0.05,37.99,False
ORD-13525,2024-02-17,CUST-3396,East,Electronics,Mechanical Keyboard,1,129.99,0.05,123.49,False
ORD-13012,2024-04-17,CUST-4704,South,Electronics,USB-C Hub,5,39.99,0.0,199.95,False
ORD-14793,2024-04-22,CUST-4296,South,Home & Garden,Wall Clock,1,39.99,0.05,37.99,False
ORD-12390,2024-05-12,CUST-2709,North,Clothing,Yoga Pants,1,44.99,0.1,40.49,False
ORD-13876,2024-03-23,CUST-4361,East,Electronics,LED Monitor,2,299.99,0.05,569.98,False
ORD-10894,2024-09-11,CUST-2817,South,Electronics,Bluetooth Speaker,4,59.99,0.0,239.96,False
ORD-11999,2024-04-20,CUST-2579,East,Home & Garden,Throw Blanket,1,49.99,0.0,49.99,False
ORD-12122,2024-12-21,CUST-2600,North,Electronics,Mechanical Keyboard,2,129.99,0.05,246.98,False
ORD-14157,2024-11-06,CUST-4649,South,Home & Garden,Storage Organizer,3,29.99,0.1,80.97,False
ORD-11247,2024-01-03,CUST-4591,West,Clothing,Casual Sneakers,5,89.99,0.2,359.96,False
ORD-11259,2024-08-04,CUST-2768,West,Home & Garden,Wall Clock,2,39.99,0.05,75.98,False
ORD-10809,2024-02-06,CUST-2602,South,Home & Garden,Scented Candles,1,19.99,0.0,19.99,False
ORD-11049,2024-01-17,CUST-2449,South,Electronics,USB-C Hub,2,39.99,0.0,79.98,False
ORD-11878,2024-04-17,CUST-4404,North,Home & Garden,Air Purifier,1,159.99,0.1,143.99,False
ORD-12879,2024-03-18,CUST-4340,South,Home & Garden,Coffee Maker,2,69.99,0.0,139.98,True
ORD-10107,2024-10-18,CUST-1485,North,Electronics,Webcam HD,1,79.99,0.0,79.99,False
ORD-10673,2024-07-01,CUST-4195,South,Clothing,Cotton T-Shirt,3,24.99,0.0,74.97,False
ORD-14470,2024-12-06,CUST-4108,West,Electronics,Mechanical Keyboard,1,129.99,0.05,123.49,False
ORD-14297,2024-03-21,CUST-3749,North,Clothing,Cotton T-Shirt,2,24.99,0.1,44.98,False
ORD-11532,2024-10-26,CUST-1016,South,Electronics,Bluetooth Speaker,2,59.99,0.0,119.98,False
ORD-11855,2024-04-17,CUST-4250,North,Clothing,Cotton T-Shirt,1,24.99,0.2,19.99,False
ORD-10211,2024-10-27,CUST-4501,West,Electronics,USB-C Hub,2,39.99,0.0,79.98,False
ORD-13147,2024-09-01,CUST-2458,North,Home & Garden,Throw Blanket,3,49.99,0.0,149.97,False
ORD-12256,2024-07-08,CUST-2954,South,Clothing,Winter Jacket,5,149.99,0.15,637.46,False
ORD-12105,2024-04-15,CUST-3291,East,Home & Garden,Coffee Maker,1,69.99,0.0,69.99,False
ORD-13268,2024-09-15,CUST-3587,South,Electronics,Smart Watch,3,199.99,0.1,539.97,False
ORD-14766,2024-11-23,CUST-2858,North,Clothing,Denim Jeans,1,59.99,0.1,53.99,False
ORD-11973,2024-07-22,CUST-4555,South,Clothing,Rain Coat,2,119.99,0.15,203.98,False
ORD-11501,2024-06-09,CUST-2615,West,Electronics,Smart Watch,2,199.99,0.0,399.98,False
ORD-14182,2024-10-19,CUST-1893,South,Home & Garden,Plant Pot Set,2,34.99,0.05,66.48,False
ORD-10646,2024-08-18,CUST-2665,East,Electronics,Mechanical Keyboard,1,129.99,0.05,123.49,False
ORD-13633,2024-05-24,CUST-4220,North,Clothing,Yoga Pants,1,44.99,0.15,38.24,False
ORD-10771,2024-11-02,CUST-1418,South,Home & Garden,LED Desk Lamp,2,44.99,0.0,89.98,False
ORD-10703,2024-02-06,CUST-3345,South,Home & Garden,Scented Candles,2,19.99,0.0,39.98,True
ORD-13587,2024-11-12,CUST-3586,West,Clothing,Yoga Pants,1,44.99,0.1,40.49,False
ORD-11249,2024-08-07,CUST-1023,East,Clothing,Running Shoes,4,109.99,0.25,329.97,False
ORD-12472,2024-12-08,CUST-2494,North,Home & Garden,Air Purifier,2,159.99,0.1,287.98,False
ORD-11860,2024-11-26,CUST-2095,West,Electronics,Bluetooth Speaker,1,59.99,0.0,59.99,False
ORD-10709,2024-10-08,CUST-4101,North,Electronics,Webcam HD,1,79.99,0.0,79.99,False
ORD-12672,2024-10-02,CUST-2351,South,Home & Garden,Wall Clock,1,39.99,0.0,39.99,False
ORD-11461,2024-09-22,CUST-2025,East,Clothing,Running Shoes,1,109.99,0.15,93.49,False
ORD-11484,2024-05-18,CUST-4001,North,Home & Garden,Wall Clock,5,39.99,0.0,199.95,False
ORD-12545,2024-06-22,CUST-4795,South,Clothing,Winter Jacket,2,149.99,0.1,269.98,False
ORD-10230,2024-11-26,CUST-2998,North,Electronics,Wireless Headphones,1,89.99,0.1,80.99,False
ORD-11356,2024-12-13,CUST-4510,East,Home & Garden,Scented Candles,1,19.99,0.0,19.99,False
ORD-13011,2024-04-14,CUST-3751,North,Clothing,Running Shoes,1,109.99,0.25,82.49,False
ORD-10851,2024-10-15,CUST-2567,South,Home & Garden,Plant Pot Set,3,34.99,0.05,99.72,False
ORD-11004,2024-11-27,CUST-3366,North,Home & Garden,Storage Organizer,1,29.99,0.0,29.99,False
ORD-11996,2024-12-26,CUST-2316,South,Home & Garden,LED Desk Lamp,1,44.99,0.0,44.99,True
ORD-11834,2024-11-18,CUST-1695,South,Electronics,LED Monitor,1,299.99,0.05,284.99,False
ORD-13973,2024-10-09,CUST-3517,East,Clothing,Denim Jeans,3,59.99,0.15,152.97,False
ORD-11316,2024-07-14,CUST-3362,North,Home & Garden,Storage Organizer,2,29.99,0.05,56.98,False
ORD-13327,2024-07-11,CUST-3855,East,Clothing,Running Shoes,3,109.99,0.25,247.48,True
ORD-11623,2024-12-06,CUST-4259,West,Clothing,Winter Jacket,2,149.99,0.15,254.98,False
ORD-11480,2024-11-11,CUST-1420,East,Electronics,USB-C Hub,1,39.99,0.15,33.99,False
ORD-13833,2024-05-27,CUST-4639,West,Electronics,Smart Watch,1,199.99,0.0,199.99,False
ORD-11278,2024-02-19,CUST-2475,West,Electronics,Webcam HD,4,79.99,0.0,319.96,False
ORD-13080,2024-10-07,CUST-4835,South,Electronics,Wireless Headphones,2,89.99,0.0,179.98,False
ORD-11823,2024-11-27,CUST-1389,South,Electronics,Smart Watch,3,199.99,0.1,539.97,False
ORD-11053,2024-11-14,CUST-1351,East,Clothing,Running Shoes,1,109.99,0.1,98.99,False
ORD-14145,2024-09-23,CUST-2699,West,Clothing,Winter Jacket,1,149.99,0.05,142.49,False
ORD-10475,2024-12-05,CUST-3685,North,Clothing,Wool Sweater,4,79.99,0.05,303.96,False
ORD-12282,2024-06-03,CUST-1148,South,Electronics,LED Monitor,4,299.99,0.0,1199.96,False
ORD-13711,2024-10-05,CUST-1740,West,Home & Garden,Throw Blanket,2,49.99,0.0,99.98,False
ORD-13146,2024-12-21,CUST-2286,East,Clothing,Yoga Pants,2,44.99,0.1,80.98,False
ORD-10335,2024-01-06,CUST-3812,North,Electronics,Bluetooth Speaker,2,59.99,0.05,113.98,False
ORD-12617,2024-04-19,CUST-2306,East,Home & Garden,Throw Blanket,1,49.99,0.05,47.49,False
ORD-13662,2024-01-15,CUST-2711,South,Clothing,Casual Sneakers,2,89.99,0.1,161.98,True
ORD-10088,2024-12-28,CUST-1968,South,Electronics,Smart Watch,1,199.99,0.05,462.77,False
ORD-10874,2024-01-25,CUST-2583,East,Home & Garden,Scented Candles,4,19.99,0.0,79.96,True
ORD-10543,2024-10-10,CUST-1885,East,Electronics,USB-C Hub,1,39.99,0.0,39.99,False
ORD-13000,2024-10-10,CUST-2958,South,Clothing,Cotton T-Shirt,2,24.99,0.15,42.48,False
ORD-12760,2024-02-04,CUST-4527,East,Home & Garden,Air Purifier,1,159.99,0.0,159.99,True
ORD-14979,2024-01-17,CUST-4611,South,Electronics,Laptop Stand,1,49.99,0.0,49.99,False
ORD-11880,2024-10-27,CUST-2483,East,Electronics,Bluetooth Speaker,1,59.99,0.0,59.99,False
ORD-14894,2024-05-22,CUST-4478,North,Electronics,USB-C Hub,1,39.99,0.1,35.99,False
ORD-10926,2024-04-08,CUST-3240,North,Clothing,Cotton T-Shirt,2,24.99,0.25,37.48,False
ORD-10319,2024-04-28,CUST-4842,East,Clothing,Denim Jeans,1,59.99,0.1,53.99,False
ORD-10878,2024-01-13,CUST-2914,South,Electronics,Wireless Headphones,2,89.99,0.0,179.98,False
ORD-13994,2024-06-04,CUST-4841,North,Clothing,Denim Jeans,2,59.99,0.0,119.98,False
ORD-13246,2024-07-11,CUST-2067,West,Clothing,Running Shoes,1,109.99,0.15,93.49,False
ORD-13078,2024-03-03,CUST-2551,West,Clothing,Rain Coat,1,119.99,0.15,101.99,False
ORD-13761,2024-10-26,CUST-2531,North,Electronics,Wireless Headphones,2,89.99,0.0,179.98,False
ORD-14610,2024-05-12,CUST-4463,East,Electronics,Bluetooth Speaker,2,59.99,0.0,119.98,False
ORD-14234,2024-01-04,CUST-4084,South,Home & Garden,Storage Organizer,2,29.99,0.1,53.98,True
ORD-14259,2024-05-21,CUST-2209,North,Home & Garden,Coffee Maker,2,69.99,0.0,139.98,False
ORD-11618,2024-07-06,CUST-4185,South,Electronics,Laptop Stand,2,49.99,0.0,99.98,False
ORD-13726,2024-01-10,CUST-1665,West,Home & Garden,LED Desk Lamp,1,44.99,0.0,44.99,True
ORD-14849,2024-02-23,CUST-3249,South,Home & Garden,Wall Clock,2,39.99,0.1,71.98,False
ORD-11045,2024-08-17,CUST-2128,South,Clothing,Cotton T-Shirt,2,24.99,0.05,47.48,False
ORD-11750,2024-07-26,CUST-2930,East,Electronics,Webcam HD,3,79.99,0.0,239.97,False
ORD-13878,2024-07-19,CUST-4504,,Clothing,Cotton T-Shirt,1,24.99,0.15,21.24,False
ORD-13917,2024-05-14,CUST-2662,North,Home & Garden,Wall Clock,1,39.99,0.0,39.99,False
ORD-11043,2024-09-22,CUST-1391,North,Clothing,Casual Sneakers,3,89.99,0.15,229.47,False
ORD-13010,2024-07-02,CUST-3711,South,Home & Garden,Scented Candles,1,19.99,0.05,18.99,False
ORD-13290,2024-01-04,CUST-4392,West,Electronics,Smart Watch,2,199.99,0.1,359.98,False
ORD-12064,2024-01-26,CUST-4078,West,Electronics,Smart Watch,1,199.99,0.0,199.99,False
ORD-12964,2024-11-24,CUST-2626,East,Clothing,Yoga Pants,4,44.99,0.1,161.96,False
ORD-10641,2024-05-04,CUST-3761,South,Electronics,LED Monitor,3,299.99,0.0,899.97,False
ORD-10137,2024-10-06,CUST-2445,East,Clothing,Rain Coat,3,119.99,0.1,323.97,True
ORD-10880,2024-03-03,CUST-2543,East,Electronics,Webcam HD,1,79.99,0.05,75.99,False
ORD-11976,2024-04-19,CUST-4763,South,Clothing,Casual Sneakers,2,89.99,0.2,143.98,False
ORD-11581,2024-05-26,CUST-3409,East,Electronics,Mechanical Keyboard,1,129.99,0.05,123.49,False
ORD-11097,2024-03-19,CUST-2586,North,Clothing,Rain Coat,3,119.99,0.0,359.97,False
ORD-14673,2024-02-17,CUST-2323,North,Electronics,Webcam HD,1,79.99,0.1,71.99,False
ORD-11392,2024-03-26,CUST-1675,East,Clothing,Yoga Pants,2,44.99,0.15,76.48,False
ORD-12083,2024-12-15,CUST-3473,South,Electronics,Smart Watch,1,199.99,0.0,199.99,False
ORD-11266,2024-05-01,CUST-3588,West,Electronics,Bluetooth Speaker,1,59.99,0.0,59.99,False
ORD-14231,2024-07-17,CUST-3118,North,Electronics,LED Monitor,1,299.99,0.05,284.99,False
ORD-12574,2024-03-03,CUST-4183,West,Clothing,Running Shoes,1,109.99,0.05,104.49,False
ORD-12135,2024-12-28,CUST-3587,South,Home & Garden,Scented Candles,4,19.99,0.0,79.96,False
ORD-11503,2024-05-20,CUST-2908,North,Electronics,Mechanical Keyboard,2,129.99,0.0,259.98,False
ORD-13367,2024-04-12,CUST-4039,South,Home & Garden,Throw Blanket,1,49.99,0.0,49.99,True
ORD-13729,2024-08-13,CUST-2345,North,Clothing,Cotton T-Shirt,3,24.99,0.1,67.47,False
ORD-10148,2024-01-20,CUST-2955,North,Electronics,LED Monitor,1,299.99,0.05,284.99,False
ORD-10303,2024-09-21,CUST-1484,East,Electronics,Bluetooth Speaker,2,59.99,0.05,113.98,False
ORD-11924,2024-11-06,CUST-3304,South,Home & Garden,LED Desk Lamp,2,44.99,0.0,89.98,True
ORD-14770,2024-01-02,CUST-1609,West,Clothing,Denim Jeans,3,59.99,0.05,170.97,False
ORD-12637,2024-11-01,CUST-1304,East,Electronics,Wireless Headphones,1,89.99,0.0,89.99,False
ORD-11904,2024-10-08,CUST-1889,North,Home & Garden,Wall Clock,1,39.99,0.1,35.99,False
ORD-14664,2024-11-21,CUST-1754,South,Home & Garden,LED Desk Lamp,2,44.99,0.05,85.48,False
ORD-14294,2024-05-16,CUST-3701,East,Clothing,Cotton T-Shirt,3,24.99,0.05,71.22,False
ORD-13842,2024-06-17,CUST-2266,West,Electronics,LED Monitor,1,299.99,0.1,269.99,False
ORD-14437,2024-11-02,CUST-4365,North,Clothing,Denim Jeans,1,59.99,0.15,50.99,False
ORD-11768,2024-05-01,CUST-1876,North,Clothing,Cotton T-Shirt,3,24.99,0.2,59.98,False
ORD-12875,2024-06-06,CUST-3924,South,Clothing,Yoga Pants,1,44.99,0.1,40.49,False
ORD-12240,2024-11-22,CUST-3042,North,Clothing,Casual Sneakers,5,89.99,0.0,449.95,False
ORD-14981,2024-04-09,CUST-4532,South,Electronics,USB-C Hub,1,39.99,0.0,39.99,False
ORD-10483,2024-09-20,CUST-1390,East,Clothing,Cotton T-Shirt,1,24.99,0.1,22.49,False
ORD-11280,2024-08-05,CUST-2108,East,Clothing,Rain Coat,2,119.99,0.0,239.98,False
ORD-13680,2024-10-20,CUST-2918,North,Clothing,Cotton T-Shirt,1,24.99,0.05,23.74,False
ORD-10791,2024-08-24,CUST-1386,North,Clothing,Rain Coat,1,119.99,0.15,101.99,False
ORD-11201,2024-01-22,CUST-2224,North,Clothing,Cotton T-Shirt,2,24.99,0.0,49.98,False
ORD-13912,2024-01-24,CUST-1702,North,Clothing,Yoga Pants,2,44.99,0.0,89.98,False
ORD-12362,2024-04-26,CUST-1413,East,Electronics,Bluetooth Speaker,4,59.99,0.0,239.96,False
ORD-13069,2024-10-27,CUST-1239,East,Home & Garden,Scented Candles,1,19.99,0.05,18.99,False
ORD-13429,2024-08-17,CUST-3742,North,Electronics,LED Monitor,2,299.99,0.1,539.98,False
ORD-14947,2024-10-01,CUST-4825,East,Electronics,Webcam HD,1,79.99,0.0,79.99,False
ORD-14837,2024-06-14,CUST-4612,East,Clothing,Casual Sneakers,1,89.99,0.15,76.49,False
ORD-12591,2024-11-27,CUST-1389,West,Clothing,Casual Sneakers,1,89.99,0.15,76.49,False
ORD-12710,2024-11-06,CUST-2558,West,Electronics,Webcam HD,2,79.99,0.0,159.98,False
ORD-11529,2024-07-16,CUST-1895,North,Home & Garden,Storage Organizer,2,29.99,0.0,59.98,True
ORD-12809,2024-10-25,CUST-1595,South,Electronics,LED Monitor,4,299.99,0.0,1199.96,False
ORD-10685,2024-07-18,CUST-3237,North,Clothing,Casual Sneakers,2,89.99,0.0,179.98,False
ORD-11551,2024-08-11,CUST-4772,East,Electronics,Laptop Stand,3,49.99,0.0,149.97,False
ORD-14255,2024-09-28,CUST-2878,East,Clothing,Cotton T-Shirt,2,24.99,0.1,44.98,False
ORD-13871,2024-03-14,CUST-3794,South,Clothing,Rain Coat,1,119.99,0.05,113.99,False
ORD-10560,2024-10-25,CUST-4083,West,Electronics,LED Monitor,5,299.99,0.0,1499.95,False
ORD-12250,2024-02-02,CUST-3884,East,Electronics,Laptop Stand,5,49.99,0.0,249.95,False
ORD-14681,2024-04-10,CUST-3009,North,Clothing,Cotton T-Shirt,2,24.99,0.25,37.48,False
ORD-13500,2024-04-16,CUST-2707,North,Home & Garden,Wall Clock,1,39.99,0.0,39.99,False
ORD-12689,2024-05-05,CUST-3667,North,Clothing,Winter Jacket,4,149.99,0.0,599.96,False
ORD-14208,2024-02-17,CUST-3663,East,Electronics,Wireless Headphones,2,89.99,0.0,179.98,False
ORD-14870,2024-05-23,CUST-4619,North,Electronics,Bluetooth Speaker,4,59.99,0.05,227.96,False
ORD-13379,2024-10-27,CUST-3324,East,Electronics,USB-C Hub,3,39.99,0.1,107.97,False
ORD-13193,2024-05-13,CUST-3340,South,Clothing,Denim Jeans,3,59.99,0.0,179.97,False
ORD-11446,2024-10-18,CUST-3766,East,Electronics,Mechanical Keyboard,4,129.99,0.0,519.96,False
ORD-11952,2024-08-08,CUST-1356,East,Electronics,Smart Watch,2,199.99,0.0,399.98,False
ORD-10922,2024-12-25,CUST-1592,South,Home & Garden,Storage Organizer,2,29.99,0.0,59.98,False
ORD-11624,2024-03-23,CUST-4610,East,Clothing,Winter Jacket,3,149.99,0.15,382.47,False
ORD-10310,2024-06-16,CUST-2013,North,Clothing,Wool Sweater,2,79.99,0.0,159.98,False
ORD-11319,2024-01-02,CUST-2973,North,Home & Garden,Storage Organizer,2,29.99,0.0,59.98,True
ORD-13531,2024-11-15,CUST-1279,East,Clothing,Winter Jacket,1,149.99,0.2,119.99,False
ORD-11663,2024-06-15,CUST-1354,East,Clothing,Casual Sneakers,1,89.99,0.25,67.49,False
ORD-10815,2024-07-04,CUST-4973,East,Clothing,Denim Jeans,2,59.99,0.25,89.98,True
ORD-14538,2024-02-13,CUST-2594,North,Electronics,USB-C Hub,2,39.99,0.0,79.98,False
ORD-12266,2024-08-19,CUST-2323,East,Home & Garden,LED Desk Lamp,1,44.99,0.0,44.99,True
ORD-11473,2024-05-26,CUST-4305,North,Home & Garden,LED Desk Lamp,1,44.99,0.05,42.74,False
ORD-11773,2024-12-12,CUST-4589,South,Clothing,Yoga Pants,3,44.99,0.05,128.22,False
ORD-14623,2024-10-03,CUST-2127,East,Electronics,Webcam HD,3,79.99,0.0,239.97,False
ORD-11093,2024-07-07,CUST-3783,South,Electronics,USB-C Hub,2,39.99,0.15,67.98,False
ORD-14176,2024-08-03,CUST-1209,East,Home & Garden,Air Purifier,1,159.99,0.0,159.99,False
ORD-11950,2024-02-17,CUST-1781,North,Home & Garden,Coffee Maker,3,69.99,0.05,199.47,True
ORD-13884,2024-12-25,CUST-3687,East,Home & Garden,Throw Blanket,4,49.99,0.0,199.96,False
ORD-14522,2024-12-11,CUST-3141,South,Clothing,Denim Jeans,1,59.99,0.15,50.99,False
ORD-14680,2024-04-02,CUST-3097,East,Clothing,Running Shoes,2,109.99,0.0,219.98,False
ORD-12800,2024-11-14,CUST-1142,West,Electronics,LED Monitor,1,299.99,0.0,299.99,False
ORD-11239,2024-03-07,CUST-1489,South,Home & Garden,Throw Blanket,2,49.99,0.1,89.98,False
ORD-10329,2024-04-13,CUST-4134,North,Electronics,Webcam HD,1,79.99,0.0,79.99,False
ORD-13102,2024-12-27,CUST-1650,North,Electronics,Webcam HD,5,79.99,0.0,399.95,False
ORD-10242,2024-12-05,CUST-2562,West,Electronics,Mechanical Keyboard,2,129.99,0.05,246.98,False
ORD-14689,2024-12-14,CUST-3119,North,Clothing,Winter Jacket,4,149.99,0.1,539.96,False
ORD-12257,2024-06-05,CUST-3416,South,Clothing,Cotton T-Shirt,2,24.99,0.05,47.48,False
ORD-12818,2024-01-14,CUST-4016,North,Electronics,USB-C Hub,2,39.99,0.0,79.98,True
ORD-13824,2024-03-24,CUST-2892,North,Clothing,Denim Jeans,4,59.99,0.1,215.96,False
ORD-10753,2024-05-26,CUST-2905,South,Electronics,Wireless Headphones,1,89.99,0.05,85.49,False
ORD-11563,2024-04-17,CUST-3532,South,Clothing,Yoga Pants,2,44.99,0.1,80.98,False
ORD-11934,2024-10-13,CUST-2487,East,Home & Garden,LED Desk Lamp,3,44.99,0.1,121.47,False
ORD-14798,2024-02-26,CUST-2020,West,Home & Garden,Coffee Maker,1,69.99,0.0,69.99,False
ORD-13493,2024-12-23,CUST-2212,South,Electronics,Webcam HD,1,79.99,0.05,75.99,False
ORD-13022,2024-10-04,CUST-2595,South,Clothing,Wool Sweater,2,79.99,0.05,151.98,False
ORD-12648,2024-06-17,CUST-4567,North,Home & Garden,Throw Blanket,1,49.99,0.0,49.99,False
ORD-11856,2024-10-23,CUST-3914,South,Clothing,Casual Sneakers,1,89.99,0.0,89.99,False
ORD-13563,2024-06-09,CUST-1170,South,Clothing,Denim Jeans,1,59.99,0.1,53.99,False
ORD-11964,2024-08-14,CUST-1304,East,Clothing,Running Shoes,1,109.99,0.0,109.99,False
ORD-11013,2024-01-11,CUST-1105,North,Clothing,Wool Sweater,2,79.99,0.05,151.98,False
ORD-11427,2024-12-03,CUST-1786,North,Home & Garden,Throw Blanket,1,49.99,0.0,49.99,False
ORD-13322,2024-11-23,CUST-4149,East,Home & Garden,LED Desk Lamp,5,44.99,0.0,224.95,True
ORD-11295,2024-03-18,CUST-4449,South,Clothing,Cotton T-Shirt,3,24.99,0.2,59.98,False
ORD-10466,2024-04-15,CUST-1854,East,Clothing,Cotton T-Shirt,1,24.99,0.0,24.99,False
ORD-14028,2024-10-24,CUST-3867,West,Electronics,Smart Watch,2,199.99,0.1,359.98,False
ORD-10174,2024-09-15,CUST-2936,South,Electronics,Laptop Stand,1,49.99,0.0,49.99,False
ORD-10277,2024-09-16,CUST-2209,West,Clothing,Denim Jeans,4,59.99,0.15,203.97,False
ORD-11069,2024-04-03,CUST-1523,South,Electronics,Mechanical Keyboard,3,129.99,0.0,389.97,True
ORD-11548,2024-01-11,CUST-3255,North,Electronics,Bluetooth Speaker,1,59.99,0.0,59.99,False
ORD-11024,2024-12-11,CUST-3590,North,Electronics,Wireless Headphones,2,89.99,0.0,179.98,False
ORD-12834,2024-05-10,CUST-3434,South,Home & Garden,LED Desk Lamp,2,44.99,0.0,89.98,False
ORD-11466,2024-12-26,CUST-4509,South,Electronics,Mechanical Keyboard,2,129.99,0.0,259.98,False
ORD-11713,2024-06-12,CUST-2107,South,Clothing,Wool Sweater,2,79.99,0.05,151.98,False
ORD-13424,2024-11-14,CUST-4149,South,Electronics,Webcam HD,1,79.99,0.1,71.99,True
ORD-12611,2024-01-21,CUST-1605,West,Clothing,Denim Jeans,2,59.99,0.0,119.98,False
ORD-10388,2024-10-12,CUST-1746,North,Home & Garden,Throw Blanket,1,49.99,0.1,44.99,False
ORD-12070,2024-10-17,CUST-4745,West,Home & Garden,Air Purifier,4,159.99,0.0,639.96,False
ORD-13970,2024-12-16,CUST-1504,East,Clothing,Denim Jeans,1,59.99,0.15,50.99,True
ORD-13495,2024-03-23,CUST-1103,West,Clothing,Casual Sneakers,1,89.99,0.2,71.99,False
ORD-12821,2024-03-12,CUST-1659,North,Electronics,Webcam HD,2,79.99,0.15,135.98,False
ORD-11424,2024-12-09,CUST-4487,South,Electronics,Webcam HD,2,79.99,0.05,151.98,False
ORD-13542,2024-02-09,CUST-4871,East,Electronics,Laptop Stand,1,49.99,0.0,49.99,False
ORD-14908,2024-10-03,CUST-4360,South,Electronics,Webcam HD,2,79.99,0.15,135.98,False
ORD-13574,2024-12-24,CUST-1879,South,Clothing,Running Shoes,1,109.99,0.15,93.49,False
ORD-10050,2024-12-09,CUST-1629,North,Electronics,Smart Watch,1,199.99,0.05,189.99,False
ORD-11887,2024-04-25,CUST-4676,South,Home & Garden,LED Desk Lamp,3,44.99,0.0,134.97,False
ORD-13695,2024-01-21,CUST-4358,South,Home & Garden,Wall Clock,1,39.99,0.0,39.99,False
ORD-14229,2024-03-23,CUST-4677,East,Clothing,Denim Jeans,2,59.99,0.25,89.98,False
ORD-10482,2024-06-04,CUST-3193,South,Home & Garden,Throw Blanket,2,49.99,0.0,99.98,True
ORD-13393,2024-05-11,CUST-1540,North,Clothing,Winter Jacket,1,149.99,0.0,149.99,False
ORD-12251,2024-12-01,CUST-3898,West,Electronics,Laptop Stand,1,49.99,0.0,49.99,False
ORD-14162,2024-07-16,CUST-1493,West,Electronics,Wireless Headphones,1,89.99,0.15,76.49,False
ORD-12313,2024-10-08,CUST-1229,West,Electronics,Webcam HD,3,79.99,0.0,239.97,False
ORD-12849,2024-05-05,CUST-3892,North,Electronics,Mechanical Keyboard,2,129.99,0.0,259.98,False
ORD-13103,2024-06-09,CUST-3844,West,Electronics,Webcam HD,2,79.99,0.0,159.98,False
ORD-14127,2024-12-27,CUST-2075,South,Electronics,Laptop Stand,2,49.99,0.0,99.98,False
ORD-13867,2024-10-26,CUST-2007,North,Electronics,Mechanical Keyboard,3,129.99,0.0,389.97,False
ORD-12465,2024-03-17,CUST-2394,South,Electronics,Mechanical Keyboard,2,129.99,0.0,259.98,False
ORD-12929,2024-05-07,CUST-3416,West,Electronics,Webcam HD,1,79.99,0.0,79.99,False
ORD-14106,2024-12-20,CUST-4174,West,Electronics,LED Monitor,1,299.99,0.1,269.99,False
ORD-10064,2024-04-10,CUST-3581,North,Clothing,Running Shoes,1,109.99,0.05,104.49,False
ORD-14897,2024-04-01,CUST-3142,North,Electronics,Bluetooth Speaker,1,59.99,0.0,59.99,False
ORD-10776,2024-03-18,CUST-4097,West,Electronics,USB-C Hub,3,39.99,0.0,119.97,True
ORD-14173,2024-07-17,CUST-4113,South,Home & Garden,Scented Candles,4,19.99,0.0,79.96,False
ORD-12734,2024-12-01,CUST-4507,South,Electronics,Laptop Stand,1,49.99,0.1,44.99,False
ORD-12580,2024-02-12,CUST-2980,North,Home & Garden,LED Desk Lamp,1,44.99,0.0,44.99,False
ORD-13483,2024-12-02,CUST-3370,North,Clothing,Wool Sweater,1,79.99,0.15,67.99,False
ORD-14885,2024-12-12,CUST-1900,North,Clothing,Rain Coat,2,119.99,0.15,203.98,False
ORD-12344,2024-12-08,CUST-1927,West,Clothing,Cotton T-Shirt,3,24.99,0.0,74.97,False
ORD-12815,2024-11-17,CUST-1363,North,Clothing,Denim Jeans,2,59.99,0.15,101.98,False
ORD-14708,2024-11-15,CUST-2552,East,Home & Garden,Plant Pot Set,1,34.99,0.05,33.24,False
ORD-14026,2024-05-12,CUST-2495,South,Clothing,Wool Sweater,1,79.99,0.15,67.99,True
ORD-10724,2024-08-14,CUST-4819,North,Home & Garden,Scented Candles,1,19.99,0.0,19.99,False
ORD-14907,2024-03-09,CUST-4799,North,Electronics,Bluetooth Speaker,1,59.99,0.0,59.99,False
ORD-14573,2024-10-25,CUST-1874,East,Clothing,Wool Sweater,1,79.99,0.15,67.99,False
ORD-14960,2024-07-12,CUST-3807,East,Electronics,LED Monitor,1,299.99,0.1,269.99,True
ORD-14878,2024-05-13,CUST-3463,South,Clothing,Cotton T-Shirt,2,24.99,0.0,49.98,False
ORD-11735,2024-12-19,CUST-2359,North,Home & Garden,Storage Organizer,1,29.99,0.05,28.49,False
ORD-13124,2024-10-26,CUST-3149,South,Home & Garden,Storage Organizer,3,29.99,0.0,89.97,False
ORD-10273,2024-12-08,CUST-2510,,Electronics,Webcam HD,1,79.99,0.0,79.99,False
ORD-12944,2024-10-24,CUST-3461,South,Electronics,LED Monitor,2,299.99,0.0,599.98,False
ORD-14776,2024-01-19,CUST-1592,West,Clothing,Casual Sneakers,1,89.99,0.05,85.49,False
ORD-14567,2024-03-18,CUST-4614,East,Clothing,Running Shoes,2,109.99,0.1,197.98,False
ORD-11452,2024-12-12,CUST-2937,South,Electronics,Wireless Headphones,3,89.99,0.0,269.97,False
ORD-12715,2024-04-19,CUST-4533,West,Clothing,Cotton T-Shirt,2,24.99,0.0,49.98,False
ORD-14245,2024-12-20,CUST-4133,North,Home & Garden,Storage Organizer,2,29.99,0.0,59.98,False
ORD-12692,2024-01-12,CUST-4468,East,Home & Garden,Plant Pot Set,3,34.99,0.05,99.72,False
ORD-12767,2024-04-05,CUST-3443,North,Home & Garden,Wall Clock,2,39.99,0.05,75.98,True
ORD-10218,2024-09-21,CUST-1186,East,Clothing,Wool Sweater,1,79.99,0.15,67.99,False
ORD-10239,2024-03-28,CUST-1175,West,Electronics,Bluetooth Speaker,2,59.99,0.15,101.98,False
ORD-11131,2024-06-01,CUST-4573,East,Electronics,Webcam HD,1,79.99,0.0,79.99,False
ORD-14748,2024-05-07,CUST-1623,East,Home & Garden,LED Desk Lamp,3,44.99,0.05,128.22,True
ORD-13264,2024-11-06,CUST-2051,West,Home & Garden,Throw Blanket,4,49.99,0.0,199.96,False
ORD-12239,2024-03-12,CUST-1566,North,Electronics,Laptop Stand,2,49.99,0.15,84.98,False
ORD-11383,2024-04-14,CUST-1861,East,Home & Garden,Throw Blanket,2,49.99,0.05,94.98,False
ORD-13074,2024-08-26,CUST-3265,North,Home & Garden,Air Purifier,3,159.99,0.05,455.97,False
ORD-11357,2024-06-10,CUST-4506,East,Home & Garden,Wall Clock,2,39.99,0.0,79.98,False
ORD-12630,2024-09-17,CUST-3231,East,Electronics,USB-C Hub,3,39.99,0.0,119.97,True
ORD-12832,2024-02-25,CUST-3539,East,Home & Garden,Air Purifier,1,159.99,0.0,159.99,False
ORD-10624,2024-08-21,CUST-4054,East,Electronics,Webcam HD,1,79.99,0.15,67.99,False
ORD-10839,2024-09-09,CUST-2261,South,Clothing,Casual Sneakers,1,89.99,0.15,76.49,False
ORD-10323,2024-04-02,CUST-3060,East,Electronics,Webcam HD,3,79.99,0.1,215.97,False
ORD-14976,2024-02-03,CUST-4519,North,Electronics,Wireless Headphones,1,89.99,0.15,76.49,False
ORD-11867,2024-03-13,CUST-4572,North,Electronics,Mechanical Keyboard,2,129.99,0.05,246.98,False
ORD-12826,2024-10-21,CUST-1795,East,Clothing,Cotton T-Shirt,1,24.99,0.05,23.74,True
ORD-14564,2024-03-23,CUST-2274,North,Home & Garden,Air Purifier,2,159.99,0.0,319.98,False
ORD-10437,2024-11-15,CUST-1194,North,Electronics,Wireless Headphones,1,89.99,0.1,80.99,False
ORD-10119,2024-07-12,CUST-2815,West,Clothing,Yoga Pants,1,44.99,0.0,44.99,False
ORD-14534,2024-07-27,CUST-3301,North,Home & Garden,Throw Blanket,1,49.99,0.0,49.99,False
ORD-14805,2024-07-27,CUST-1793,East,Electronics,Wireless Headphones,2,89.99,0.0,179.98,False
ORD-11839,2024-03-26,CUST-4769,West,Home & Garden,Scented Candles,1,19.99,0.0,19.99,False
ORD-11026,2024-12-20,CUST-1257,South,Electronics,Laptop Stand,2,49.99,0.1,89.98,True
ORD-13301,2024-12-03,CUST-1070,South,Clothing,Denim Jeans,2,59.99,0.15,101.98,False
ORD-14172,2024-06-25,CUST-3734,West,Electronics,Wireless Headphones,4,89.99,0.05,341.96,False
ORD-13101,2024-10-25,CUST-2860,North,Electronics,Smart Watch,1,199.99,0.05,189.99,False
ORD-10900,2024-03-09,CUST-4498,North,Electronics,Mechanical Keyboard,1,129.99,0.05,123.49,False
ORD-14467,2024-03-10,CUST-3366,North,Home & Garden,Wall Clock,2,39.99,0.0,79.98,False
ORD-11204,2024-06-26,CUST-3510,West,Home & Garden,Scented Candles,1,19.99,0.0,19.99,False
ORD-14612,2024-06-09,CUST-1164,East,Electronics,Webcam HD,3,79.99,0.05,227.97,False
ORD-14973,2024-10-21,CUST-1884,West,Electronics,USB-C Hub,2,39.99,0.0,79.98,False
ORD-14050,2024-12-17,CUST-1884,West,Electronics,Smart Watch,1,199.99,0.05,189.99,True
ORD-10552,2024-07-16,CUST-3973,South,Clothing,Winter Jacket,2,149.99,0.0,299.98,False
ORD-10406,2024-05-26,CUST-2694,West,Electronics,LED Monitor,4,299.99,0.05,1139.96,False
ORD-14548,2024-09-23,CUST-4182,North,Home & Garden,Storage Organizer,1,29.99,0.1,26.99,False
ORD-11613,2024-05-02,CUST-3866,East,Home & Garden,Storage Organizer,3,29.99,0.0,89.97,False
ORD-12934,2024-10-01,CUST-2620,North,Clothing,Denim Jeans,2,59.99,0.25,89.98,False
ORD-13298,2024-05-09,CUST-2136,West,Home & Garden,LED Desk Lamp,1,44.99,0.0,44.99,False
ORD-12833,2024-04-02,CUST-1257,South,Home & Garden,Plant Pot Set,1,34.99,0.0,34.99,False
ORD-12349,2024-01-03,CUST-1605,South,Clothing,Denim Jeans,1,59.99,0.1,53.99,False
ORD-13109,2024-08-17,CUST-2636,South,Clothing,Casual Sneakers,3,89.99,0.1,242.97,False
ORD-11738,2024-05-11,CUST-2190,East,Electronics,LED Monitor,2,299.99,0.15,509.98,False
ORD-10236,2024-04-02,CUST-2418,East,Home & Garden,Storage Organizer,1,29.99,0.0,29.99,False
ORD-13163,2024-07-22,CUST-1986,West,Electronics,LED Monitor,1,299.99,0.0,299.99,False
ORD-10499,2024-12-10,CUST-4655,West,Home & Garden,Throw Blanket,1,49.99,0.0,49.99,False
ORD-13625,2024-04-25,CUST-1405,East,Electronics,Laptop Stand,1,49.99,0.0,49.99,False
ORD-13127,2024-02-21,CUST-4133,South,Electronics,USB-C Hub,1,39.99,0.05,37.99,False
ORD-10794,2024-01-10,CUST-1013,South,Clothing,Denim Jeans,2,59.99,0.0,119.98,True
ORD-13358,2024-11-12,CUST-3071,South,Electronics,LED Monitor,1,299.99,0.1,269.99,False
ORD-13291,2024-12-23,CUST-1383,North,Home & Garden,Wall Clock,1,39.99,0.05,37.99,False
ORD-13972,2024-04-13,CUST-4721,East,Electronics,Bluetooth Speaker,1,59.99,0.15,50.99,False
ORD-10990,2024-11-09,CUST-3363,West,Clothing,Yoga Pants,2,44.99,0.25,67.48,False
ORD-12435,2024-05-13,CUST-2886,South,Clothing,Cotton T-Shirt,2,24.99,0.0,49.98,False
ORD-13376,2024-11-20,CUST-2611,West,Home & Garden,Plant Pot Set,1,34.99,0.0,34.99,False
ORD-10390,2024-12-05,CUST-4087,East,Electronics,Mechanical Keyboard,2,129.99,0.1,233.98,False
ORD-12400,2024-05-09,CUST-3601,North,Clothing,Casual Sneakers,4,89.99,0.0,359.96,False
ORD-11217,2024-10-17,CUST-3299,North,Home & Garden,Air Purifier,2,159.99,0.0,319.98,False
ORD-10235,2024-10-12,CUST-4847,West,Electronics,USB-C Hub,1,39.99,0.0,39.99,False
ORD-10331,2024-10-26,CUST-1554,North,Electronics,LED Monitor,2,299.99,0.0,599.98,False
ORD-13188,2024-11-15,CUST-2822,East,Clothing,Rain Coat,2,119.99,0.1,215.98,False
ORD-10044,2024-04-12,CUST-4362,West,Electronics,Mechanical Keyboard,1,129.99,0.0,129.99,False
ORD-14722,2024-03-25,CUST-1633,North,Electronics,LED Monitor,1,299.99,0.1,269.99,False
ORD-14216,2024-01-17,CUST-3050,West,Home & Garden,Storage Organizer,5,29.99,0.0,149.95,False
ORD-13436,2024-03-02,CUST-3067,South,Clothing,Rain Coat,2,119.99,0.2,191.98,False
ORD-13072,2024-04-16,CUST-4545,North,Clothing,Wool Sweater,3,79.99,0.1,215.97,False
ORD-13134,2024-03-19,CUST-3562,North,Electronics,USB-C Hub,1,39.99,0.0,39.99,False
ORD-14045,2024-06-17,CUST-2618,North,Electronics,Bluetooth Speaker,1,59.99,0.0,59.99,False
ORD-11594,2024-10-23,CUST-2430,North,Clothing,Casual Sneakers,1,89.99,0.0,89.99,False
ORD-10223,2024-05-16,CUST-4827,West,Home & Garden,Coffee Maker,4,69.99,0.0,279.96,False
ORD-12891,2024-10-24,CUST-1595,North,Home & Garden,Coffee Maker,2,69.99,0.0,139.98,False
ORD-11245,2024-09-27,CUST-1607,South,Clothing,Cotton T-Shirt,3,24.99,0.1,67.47,False
ORD-11540,2024-10-17,CUST-3004,West,Home & Garden,Storage Organizer,1,29.99,0.1,26.99,False
ORD-13537,2024-05-20,CUST-4139,West,Electronics,USB-C Hub,2,39.99,0.1,71.98,False
ORD-14148,2024-10-28,CUST-4667,South,Electronics,Laptop Stand,2,49.99,0.0,99.98,False
ORD-12533,2024-01-28,CUST-4802,West,Home & Garden,Storage Organizer,5,29.99,0.0,149.95,False
ORD-14944,2024-11-27,CUST-2908,West,Electronics,Mechanical Keyboard,1,129.99,0.15,110.49,False
ORD-10818,2024-01-08,CUST-2489,East,Home & Garden,Wall Clock,2,39.99,0.0,79.98,False
ORD-13458,2024-10-18,CUST-3401,North,Clothing,Rain Coat,1,119.99,0.25,89.99,False
ORD-10155,2024-04-25,CUST-3114,East,Home & Garden,Coffee Maker,2,69.99,0.05,132.98,True
ORD-14895,2024-02-13,CUST-3386,North,Home & Garden,Scented Candles,1,19.99,0.1,17.99,True
ORD-10248,2024-12-26,CUST-3579,East,Clothing,Casual Sneakers,5,89.99,0.0,449.95,False
ORD-13927,2024-09-27,CUST-3084,West,Clothing,Rain Coat,1,119.99,0.15,101.99,False
ORD-14014,2024-09-28,CUST-1157,North,Clothing,Rain Coat,1,119.99,0.0,119.99,False
ORD-12636,2024-12-23,CUST-3671,West,Electronics,Smart Watch,1,199.99,0.1,179.99,False
ORD-10793,2024-08-04,CUST-4571,South,Clothing,Cotton T-Shirt,2,24.99,0.05,47.48,False
ORD-11725,2024-01-05,CUST-3261,East,Home & Garden,Storage Organizer,1,29.99,0.05,28.49,False
ORD-13189,2024-11-09,CUST-1015,East,Electronics,LED Monitor,3,299.99,0.0,899.97,False
ORD-12649,2024-06-07,CUST-2564,North,Home & Garden,Storage Organizer,2,29.99,0.05,56.98,False
ORD-10628,2024-01-17,CUST-4838,West,Home & Garden,Coffee Maker,1,69.99,0.05,66.49,False
ORD-14756,2024-01-21,CUST-4341,West,Clothing,Cotton T-Shirt,2,24.99,0.1,44.98,False
ORD-12339,2024-06-01,CUST-4627,East,Home & Garden,Throw Blanket,3,49.99,0.05,142.47,False
ORD-14876,2024-08-03,CUST-1364,West,Electronics,Webcam HD,3,79.99,0.05,227.97,False
ORD-11620,2024-06-10,CUST-4333,East,Home & Garden,Scented Candles,2,19.99,0.0,39.98,True
ORD-11451,2024-08-10,CUST-1916,West,Electronics,Bluetooth Speaker,2,59.99,0.15,101.98,False
ORD-12902,2024-01-06,CUST-4579,East,Clothing,Casual Sneakers,1,89.99,0.0,261.69,False
ORD-11828,2024-11-05,CUST-1252,South,Home & Garden,Storage Organizer,1,29.99,0.05,28.49,False
ORD-10826,2024-05-13,CUST-4233,East,Home & Garden,Scented Candles,2,19.99,0.0,39.98,False
ORD-11639,2024-12-05,CUST-2591,South,Home & Garden,Coffee Maker,2,69.99,0.05,132.98,False
ORD-13864,2024-02-19,CUST-1013,South,Home & Garden,Scented Candles,2,19.99,0.0,39.98,False
ORD-12913,2024-12-25,CUST-4256,East,Electronics,Webcam HD,2,79.99,0.1,143.98,False
ORD-13791,2024-01-05,CUST-2108,South,Home & Garden,Air Purifier,2,159.99,0.05,303.98,False
ORD-12939,2024-01-02,CUST-4029,East,Home & Garden,Scented Candles,3,19.99,0.0,59.97,False
ORD-13420,2024-11-13,CUST-3407,North,Home & Garden,Air Purifier,1,159.99,0.0,159.99,False
ORD-13996,2024-05-07,CUST-2419,East,Clothing,Yoga Pants,1,44.99,0.15,38.24,False
ORD-13767,2024-06-02,CUST-3328,West,Electronics,Laptop Stand,4,49.99,0.0,199.96,False
ORD-10535,2024-12-14,CUST-2278,West,Clothing,Casual Sneakers,4,89.99,0.05,341.96,False
ORD-12663,2024-10-23,CUST-2501,East,Clothing,Yoga Pants,1,44.99,0.2,35.99,False
ORD-10154,2024-12-14,CUST-1636,South,Clothing,Casual Sneakers,2,89.99,0.05,170.98,False
ORD-13241,2024-06-18,CUST-4209,North,Clothing,Casual Sneakers,1,89.99,0.05,85.49,False
ORD-13149,2024-06-04,CUST-2630,South,Electronics,Bluetooth Speaker,3,59.99,0.05,170.97,False
ORD-12952,2024-10-24,CUST-4110,West,Clothing,Casual Sneakers,4,89.99,0.05,341.96,False
ORD-11311,2024-12-17,CUST-2135,East,Clothing,Cotton T-Shirt,1,24.99,0.15,21.24,False
ORD-10322,2024-09-05,CUST-1815,South,Home & Garden,Plant Pot Set,1,34.99,0.0,34.99,False
ORD-14110,2024-07-16,CUST-2030,West,Home & Garden,Wall Clock,2,39.99,0.0,79.98,False
ORD-13330,2024-09-12,CUST-2241,West,Home & Garden,LED Desk Lamp,5,44.99,0.0,224.95,True
ORD-13985,2024-12-15,CUST-3816,East,Clothing,Cotton T-Shirt,1,24.99,0.0,24.99,False
ORD-11798,2024-01-24,CUST-2983,,Clothing,Rain Coat,2,119.99,0.1,215.98,False
ORD-10082,2024-05-12,CUST-4517,South,Electronics,Laptop Stand,3,49.99,0.0,149.97,True
ORD-12560,2024-11-22,CUST-4424,East,Clothing,Rain Coat,1,119.99,0.1,107.99,False
ORD-11943,2024-10-22,CUST-2313,South,Electronics,USB-C Hub,1,39.99,0.0,39.99,False
ORD-11988,2024-06-12,CUST-3654,East,Electronics,Smart Watch,3,199.99,0.1,539.97,False
ORD-13536,2024-04-12,CUST-1397,East,Clothing,Running Shoes,1,109.99,0.05,104.49,False
ORD-11574,2024-03-27,CUST-4163,East,Home & Garden,Scented Candles,1,19.99,0.0,19.99,False
ORD-12977,2024-01-05,CUST-3007,West,Electronics,Mechanical Keyboard,2,129.99,0.0,259.98,False
ORD-12723,2024-06-07,CUST-4933,West,Electronics,LED Monitor,2,299.99,0.1,539.98,False
ORD-13405,2024-11-07,CUST-1622,North,Home & Garden,Throw Blanket,1,49.99,0.0,49.99,False
ORD-12058,2024-09-09,CUST-2916,North,Electronics,Laptop Stand,2,49.99,0.0,99.98,False
ORD-11762,2024-02-26,CUST-2528,North,Clothing,Winter Jacket,3,149.99,0.15,382.47,False
ORD-11494,2024-08-18,CUST-4482,West,Electronics,Bluetooth Speaker,3,59.99,0.0,179.97,False
ORD-12080,2024-01-13,CUST-4374,North,Clothing,Casual Sneakers,2,89.99,0.15,152.98,False
ORD-11174,2024-09-26,CUST-4883,South,Electronics,USB-C Hub,1,39.99,0.05,37.99,False
ORD-14509,2024-12-22,CUST-1895,East,Clothing,Winter Jacket,1,149.99,0.05,142.49,False
ORD-12628,2024-06-07,CUST-4359,South,Electronics,Bluetooth Speaker,3,59.99,0.15,152.97,False
ORD-14261,2024-12-15,CUST-1752,North,Clothing,Winter Jacket,2,149.99,0.15,254.98,False
ORD-14648,2024-12-09,CUST-2944,West,Home & Garden,Wall Clock,4,39.99,0.0,159.96,False
ORD-10614,2024-12-17,CUST-3723,North,Clothing,Winter Jacket,1,149.99,0.25,112.49,False
ORD-13093,2024-11-26,CUST-2642,South,Electronics,Wireless Headphones,3,89.99,0.15,229.47,False
ORD-13450,2024-06-11,CUST-1418,North,Clothing,Winter Jacket,1,149.99,0.1,134.99,False
ORD-11014,2024-10-15,CUST-4895,East,Clothing,Yoga Pants,1,44.99,0.2,35.99,False
ORD-13057,2024-01-11,CUST-3989,West,Electronics,Mechanical Keyboard,1,129.99,0.0,129.99,False
ORD-14794,2024-04-04,CUST-2406,South,Home & Garden,Scented Candles,1,19.99,0.0,19.99,False
ORD-13905,2024-06-13,CUST-1246,East,Clothing,Yoga Pants,2,44.99,0.0,89.98,False
ORD-12181,2024-03-26,CUST-2633,West,Electronics,USB-C Hub,4,39.99,0.15,135.97,False
ORD-13418,2024-03-10,CUST-2897,North,Electronics,LED Monitor,1,299.99,0.0,299.99,False
ORD-13100,2024-02-12,CUST-4532,East,Electronics,Smart Watch,4,199.99,0.0,799.96,False
ORD-11211,2024-06-28,CUST-3478,East,Clothing,Rain Coat,1,119.99,0.15,101.99,False
ORD-10634,2024-02-06,CUST-4639,East,Home & Garden,LED Desk Lamp,1,44.99,0.05,42.74,True
ORD-11055,2024-05-21,CUST-1233,East,Home & Garden,Plant Pot Set,3,34.99,0.05,99.72,True
ORD-12340,2024-10-20,CUST-3853,South,Electronics,Webcam HD,5,79.99,0.1,359.96,False
ORD-10796,2024-12-24,CUST-1090,North,Clothing,Yoga Pants,3,44.99,0.0,134.97,False
ORD-14270,2024-09-18,CUST-2733,South,Clothing,Cotton T-Shirt,3,24.99,0.2,59.98,False
ORD-12814,2024-07-19,CUST-2152,North,Home & Garden,Coffee Maker,4,69.99,0.0,279.96,False
ORD-14341,2024-01-01,CUST-3902,West,Clothing,Winter Jacket,1,149.99,0.15,127.49,False
ORD-11080,2024-11-27,CUST-2977,North,Home & Garden,Storage Organizer,3,29.99,0.0,89.97,False
ORD-11654,2024-02-22,CUST-1804,South,Clothing,Rain Coat,2,119.99,0.0,239.98,False
ORD-11607,2024-11-09,CUST-4219,East,Home & Garden,Storage Organizer,2,29.99,0.0,59.98,False
ORD-10144,2024-04-18,CUST-3562,North,Home & Garden,Coffee Maker,4,69.99,0.0,279.96,False
ORD-14241,2024-05-21,CUST-2332,North,Home & Garden,Plant Pot Set,4,34.99,0.0,139.96,False
ORD-10090,2024-02-04,CUST-2000,East,Clothing,Yoga Pants,1,44.99,0.05,42.74,False
ORD-10682,2024-03-07,CUST-1235,East,Electronics,Wireless Headphones,1,89.99,0.0,89.99,False
ORD-14406,2024-12-26,CUST-2290,East,Home & Garden,LED Desk Lamp,1,44.99,0.0,44.99,False
ORD-13431,2024-12-13,CUST-3132,West,Home & Garden,Air Purifier,3,159.99,0.05,455.97,False
ORD-10093,2024-07-20,CUST-4185,South,Electronics,Smart Watch,1,199.99,0.15,169.99,False
ORD-10834,2024-06-04,CUST-4234,East,Electronics,LED Monitor,1,299.99,0.0,299.99,False
ORD-14791,2024-12-28,CUST-4847,East,Electronics,Webcam HD,2,79.99,0.0,159.98,True
ORD-11400,2024-03-04,CUST-2650,East,Home & Garden,Coffee Maker,2,69.99,0.0,139.98,False
ORD-13979,2024-06-06,CUST-4792,South,Clothing,Denim Jeans,1,59.99,0.15,50.99,False
ORD-12290,2024-04-03,CUST-1450,West,Clothing,Casual Sneakers,1,89.99,0.15,76.49,False
ORD-11500,2024-07-15,CUST-3484,South,Clothing,Casual Sneakers,1,89.99,0.05,85.49,False
ORD-12262,2024-12-06,CUST-3993,South,Electronics,LED Monitor,1,299.99,0.05,284.99,False
ORD-11468,2024-12-24,CUST-1021,East,Electronics,Smart Watch,4,199.99,0.05,759.96,False
ORD-13928,2024-10-28,CUST-3935,East,Electronics,Bluetooth Speaker,1,59.99,0.05,56.99,False
ORD-13245,2024-03-27,CUST-3473,East,Clothing,Casual Sneakers,1,89.99,0.0,89.99,False
ORD-10998,2024-12-20,CUST-1903,North,Electronics,Bluetooth Speaker,2,59.99,0.0,119.98,False
ORD-10853,2024-12-23,CUST-3224,North,Clothing,Denim Jeans,1,59.99,0.15,50.99,False
ORD-13875,2024-06-05,CUST-2903,North,Electronics,Bluetooth Speaker,2,59.99,0.05,113.98,False
ORD-11142,2024-10-28,CUST-3913,South,Clothing,Rain Coat,4,119.99,0.1,431.96,True
ORD-12274,2024-12-17,CUST-2334,West,Electronics,Webcam HD,2,79.99,0.0,159.98,True
ORD-14497,2024-02-03,CUST-4396,North,Clothing,Rain Coat,1,119.99,0.0,119.99,False
ORD-11103,2024-12-26,CUST-4635,South,Home & Garden,Coffee Maker,2,69.99,0.05,132.98,False
ORD-10084,2024-04-02,CUST-3702,North,Clothing,Casual Sneakers,2,89.99,0.05,170.98,False
ORD-12210,2024-10-25,CUST-1623,North,Electronics,LED Monitor,2,299.99,0.0,599.98,False
ORD-14210,2024-02-26,CUST-2088,East,Clothing,Cotton T-Shirt,3,24.99,0.05,71.22,False
ORD-14677,2024-12-19,CUST-1420,East,Home & Garden,Storage Organizer,1,29.99,0.0,29.99,False
ORD-13440,2024-05-20,CUST-1879,South,Electronics,Webcam HD,1,79.99,0.05,75.99,False
ORD-11567,2024-02-06,CUST-1913,South,Home & Garden,Plant Pot Set,3,34.99,0.05,99.72,True
ORD-11660,2024-08-03,CUST-2328,South,Home & Garden,Scented Candles,2,19.99,0.0,39.98,False
ORD-11556,2024-08-16,CUST-2274,South,Clothing,Casual Sneakers,1,89.99,0.1,80.99,False
ORD-13764,2024-06-01,CUST-2814,East,Electronics,Mechanical Keyboard,1,129.99,0.0,129.99,False
ORD-13584,2024-05-11,CUST-1608,South,Clothing,Casual Sneakers,1,89.99,0.1,80.99,False
ORD-11885,2024-06-02,CUST-4206,East,Electronics,Mechanical Keyboard,3,129.99,0.15,331.47,False
ORD-13144,2024-04-01,CUST-4175,South,Electronics,Webcam HD,1,79.99,0.05,75.99,False
ORD-11866,2024-01-24,CUST-4707,North,Home & Garden,Air Purifier,2,159.99,0.0,319.98,False
ORD-12874,2024-11-12,CUST-4446,South,Electronics,Bluetooth Speaker,4,59.99,0.05,227.96,False
ORD-14330,2024-04-16,CUST-2653,West,Clothing,Rain Coat,5,119.99,0.05,569.95,False
ORD-13588,2024-02-16,CUST-3119,East,Clothing,Running Shoes,1,109.99,0.0,109.99,False
ORD-13267,2024-07-26,CUST-2988,East,Electronics,Laptop Stand,2,49.99,0.0,99.98,False
ORD-12884,2024-01-20,CUST-2703,North,Clothing,Casual Sneakers,1,89.99,0.0,89.99,False
ORD-12890,2024-05-24,CUST-2098,East,Clothing,Casual Sneakers,1,89.99,0.0,89.99,False
ORD-13007,2024-01-27,CUST-1362,East,Electronics,Smart Watch,3,199.99,0.0,599.97,False
ORD-11826,2024-01-04,CUST-2675,North,Home & Garden,Coffee Maker,1,69.99,0.0,69.99,False
ORD-13923,2024-04-07,CUST-4365,West,Clothing,Wool Sweater,1,79.99,0.0,79.99,False
ORD-12640,2024-04-21,CUST-4410,North,Electronics,Smart Watch,2,199.99,0.05,379.98,False
ORD-11525,2024-04-05,CUST-2829,East,Home & Garden,Storage Organizer,2,29.99,0.05,56.98,False
ORD-11562,2024-11-01,CUST-3763,North,Electronics,LED Monitor,1,299.99,0.05,284.99,True
ORD-10343,2024-06-05,CUST-3723,South,Clothing,Winter Jacket,2,149.99,0.05,284.98,False
ORD-12542,2024-11-16,CUST-4560,South,Home & Garden,Air Purifier,1,159.99,0.0,159.99,False
ORD-13385,2024-12-16,CUST-2467,South,Electronics,Bluetooth Speaker,4,59.99,0.05,227.96,False
ORD-12412,2024-06-13,CUST-3993,West,Clothing,Running Shoes,3,109.99,0.05,313.47,False
ORD-12707,2024-04-25,CUST-1129,South,Home & Garden,LED Desk Lamp,1,44.99,0.0,44.99,False
ORD-11110,2024-11-26,CUST-1489,South,Clothing,Denim Jeans,2,59.99,0.0,119.98,False
ORD-13442,2024-03-12,CUST-2473,East,Home & Garden,Coffee Maker,2,69.99,0.05,132.98,False
ORD-12213,2024-12-23,CUST-1913,North,Electronics,Smart Watch,2,199.99,0.0,399.98,False
ORD-11359,2024-08-17,CUST-2641,West,Electronics,Smart Watch,3,199.99,0.05,569.97,False
ORD-12107,2024-12-11,CUST-4892,East,Clothing,Winter Jacket,2,149.99,0.1,269.98,False
ORD-11378,2024-05-17,CUST-3886,East,Electronics,Laptop Stand,1,49.99,0.15,42.49,False
ORD-12828,2024-06-23,CUST-1034,South,Electronics,USB-C Hub,2,39.99,0.0,154.11,True
ORD-10424,2024-01-15,CUST-3685,East,Electronics,Laptop Stand,5,49.99,0.0,729.61,False
ORD-10292,2024-11-17,CUST-3396,South,Electronics,Laptop Stand,1,49.99,0.05,47.49,False
ORD-11065,2024-10-16,CUST-2411,South,Home & Garden,Air Purifier,1,159.99,0.0,159.99,False
ORD-12377,2024-11-11,CUST-3022,North,Home & Garden,Throw Blanket,1,49.99,0.0,49.99,True
ORD-12127,2024-03-03,CUST-1409,West,Clothing,Denim Jeans,2,59.99,0.15,101.98,False
ORD-11717,2024-10-24,CUST-1908,South,Home & Garden,Plant Pot Set,4,34.99,0.05,132.96,False
ORD-10937,2024-12-06,CUST-2666,North,Home & Garden,Storage Organizer,1,29.99,0.0,29.99,False
ORD-13779,2024-12-28,CUST-3557,West,Electronics,Webcam HD,1,79.99,0.1,71.99,False
ORD-13964,2024-01-27,CUST-1940,South,Electronics,Laptop Stand,1,49.99,0.0,49.99,False
ORD-13990,2024-02-15,CUST-1554,East,Home & Garden,Air Purifier,1,159.99,0.1,143.99,False
ORD-10254,2024-03-08,CUST-4231,East,Clothing,Running Shoes,2,109.99,0.15,186.98,False
ORD-14823,2024-05-12,CUST-2419,South,Clothing,Denim Jeans,2,59.99,0.1,107.98,False
ORD-11482,2024-07-02,CUST-4544,East,Electronics,Laptop Stand,5,49.99,0.05,237.45,False
ORD-10944,2024-03-10,CUST-1845,South,Home & Garden,Storage Organizer,1,29.99,0.05,28.49,True
ORD-13183,2024-04-28,CUST-2760,East,Home & Garden,Air Purifier,1,159.99,0.0,159.99,False
ORD-13266,2024-06-04,CUST-2815,South,Electronics,Bluetooth Speaker,2,59.99,0.1,107.98,False
ORD-12907,2024-03-13,CUST-1228,South,Electronics,Mechanical Keyboard,1,129.99,0.0,129.99,False
ORD-10969,2024-06-24,CUST-2559,North,Electronics,Bluetooth Speaker,1,59.99,0.0,59.99,False
ORD-10496,2024-08-05,CUST-3563,North,Electronics,Wireless Headphones,1,89.99,0.0,89.99,False
ORD-11829,2024-04-22,CUST-4810,South,Clothing,Wool Sweater,4,79.99,0.25,239.97,False
ORD-12177,2024-09-03,CUST-3861,East,Clothing,Denim Jeans,2,59.99,0.1,107.98,True
ORD-10337,2024-10-21,CUST-2172,South,Home & Garden,Coffee Maker,3,69.99,0.0,209.97,True
ORD-14704,2024-06-03,CUST-2808,South,Electronics,Bluetooth Speaker,1,59.99,0.05,56.99,False
ORD-11148,2024-11-07,CUST-2250,West,Home & Garden,Wall Clock,4,39.99,0.1,143.96,False
ORD-12243,2024-12-27,CUST-3735,West,Clothing,Casual Sneakers,2,89.99,0.15,152.98,False
ORD-14975,2024-06-01,CUST-3897,East,Electronics,Wireless Headphones,1,89.99,0.05,85.49,False
ORD-13968,2024-08-15,CUST-4600,South,Home & Garden,Plant Pot Set,2,34.99,0.0,69.98,False
ORD-12151,2024-03-07,CUST-4186,North,Clothing,Running Shoes,1,109.99,0.2,87.99,False
ORD-12010,2024-01-11,CUST-1403,South,Clothing,Wool Sweater,3,79.99,0.0,239.97,False
ORD-12491,2024-03-04,CUST-4941,North,Electronics,Laptop Stand,2,49.99,0.0,99.98,False
ORD-14910,2024-12-06,CUST-3139,East,Home & Garden,Throw Blanket,1,49.99,0.0,49.99,False
ORD-11810,2024-09-25,CUST-1142,North,Home & Garden,Air Purifier,1,159.99,0.05,151.99,False
ORD-11994,2024-10-18,CUST-4319,South,Home & Garden,Storage Organizer,1,29.99,0.05,28.49,False
ORD-12932,2024-01-05,CUST-3019,East,Clothing,Cotton T-Shirt,1,24.99,0.1,22.49,False
ORD-12824,2024-05-08,CUST-4166,East,Home & Garden,Throw Blanket,1,49.99,0.05,47.49,False
ORD-12897,2024-04-02,CUST-2417,South,Electronics,Mechanical Keyboard,4,129.99,0.05,493.96,False
ORD-12275,2024-08-08,CUST-1153,South,Clothing,Casual Sneakers,2,89.99,0.1,161.98,False
ORD-10434,2024-02-26,CUST-2814,West,Home & Garden,Plant Pot Set,1,34.99,0.05,33.24,False
ORD-14501,2024-07-23,CUST-1817,North,Clothing,Casual Sneakers,2,89.99,0.0,179.98,False
ORD-12823,2024-03-17,CUST-2160,North,Home & Garden,Throw Blanket,3,49.99,0.0,149.97,False
ORD-13755,2024-03-25,CUST-2587,South,Clothing,Rain Coat,3,119.99,0.15,305.97,False
ORD-12504,2024-03-25,CUST-1154,North,Home & Garden,LED Desk Lamp,3,44.99,0.1,121.47,False
ORD-13211,2024-10-03,CUST-3739,West,Electronics,Wireless Headphones,1,89.99,0.0,89.99,False
ORD-14641,2024-04-05,CUST-3671,South,Home & Garden,Storage Organizer,4,29.99,0.0,119.96,False
ORD-14308,2024-11-03,CUST-4832,North,Electronics,Bluetooth Speaker,1,59.99,0.05,170.65,False
ORD-13540,2024-03-09,CUST-4945,North,Electronics,Laptop Stand,1,49.99,0.05,47.49,False
ORD-13270,2024-04-07,CUST-3242,North,Clothing,Cotton T-Shirt,3,24.99,0.1,67.47,False
ORD-11941,2024-05-14,CUST-4452,North,Clothing,Running Shoes,2,109.99,0.25,164.98,False
ORD-11891,2024-05-24,CUST-3327,West,Home & Garden,Air Purifier,4,159.99,0.0,639.96,True
ORD-13599,2024-09-03,CUST-1414,North,Home & Garden,Throw Blanket,3,49.99,0.0,149.97,False
ORD-11265,2024-01-13,CUST-2051,East,Clothing,Cotton T-Shirt,1,24.99,0.15,21.24,False
ORD-14438,2024-12-01,CUST-4695,North,Clothing,Yoga Pants,1,44.99,0.1,40.49,True
ORD-12597,2024-06-11,CUST-4017,South,Clothing,Wool Sweater,1,79.99,0.1,71.99,False
ORD-11410,2024-03-12,CUST-1076,South,Home & Garden,LED Desk Lamp,1,44.99,0.0,44.99,False
ORD-11214,2024-10-08,CUST-2430,South,Home & Garden,Plant Pot Set,2,34.99,0.05,66.48,True
ORD-10966,2024-10-07,CUST-2466,South,Clothing,Denim Jeans,1,59.99,0.05,56.99,False
ORD-11230,2024-12-04,CUST-3309,South,Home & Garden,Air Purifier,2,159.99,0.0,319.98,False
ORD-10605,2024-06-19,CUST-4709,East,Electronics,Mechanical Keyboard,2,129.99,0.0,259.98,False
ORD-10104,2024-12-22,CUST-2702,South,Clothing,Denim Jeans,2,59.99,0.0,119.98,False
ORD-10645,2024-12-05,CUST-2280,West,Home & Garden,Scented Candles,3,19.99,0.1,53.97,False
ORD-14590,2024-08-20,CUST-1332,East,Clothing,Winter Jacket,1,149.99,0.1,134.99,False
ORD-13088,2024-08-15,CUST-1408,North,Home & Garden,LED Desk Lamp,2,44.99,0.05,85.48,False
ORD-11019,2024-01-03,CUST-4453,West,Home & Garden,Throw Blanket,2,49.99,0.0,99.98,False
ORD-10091,2024-10-10,CUST-1887,West,Electronics,Webcam HD,1,79.99,0.0,79.99,True
ORD-12870,2024-12-28,CUST-3109,North,Electronics,USB-C Hub,1,39.99,0.0,39.99,False
ORD-10908,2024-04-07,CUST-1491,South,Clothing,Running Shoes,5,109.99,0.1,494.95,False
ORD-12150,2024-05-08,CUST-3616,South,Home & Garden,Air Purifier,1,159.99,0.0,159.99,True
ORD-10238,2024-09-12,CUST-2547,West,Clothing,Denim Jeans,2,59.99,0.1,107.98,False
ORD-13140,2024-05-10,CUST-3708,East,Clothing,Winter Jacket,3,149.99,0.05,427.47,False
ORD-10942,2024-09-10,CUST-4420,East,Home & Garden,LED Desk Lamp,1,44.99,0.05,42.74,False
ORD-11270,2024-10-16,CUST-1171,South,Clothing,Winter Jacket,1,149.99,0.05,142.49,False
ORD-10938,2024-02-22,CUST-3755,East,Clothing,Yoga Pants,1,44.99,0.15,38.24,False
ORD-13229,2024-03-21,CUST-1841,West,Clothing,Running Shoes,1,109.99,0.0,109.99,False
ORD-13551,2024-02-09,CUST-2987,West,Clothing,Wool Sweater,1,79.99,0.1,71.99,False
ORD-11862,2024-03-20,CUST-4792,North,Electronics,Wireless Headphones,2,89.99,0.1,161.98,False
ORD-11669,2024-11-10,CUST-3183,South,Home & Garden,Storage Organizer,2,29.99,0.0,59.98,True
ORD-10005,2024-03-06,CUST-2460,South,Home & Garden,Storage Organizer,2,29.99,0.0,59.98,False
ORD-14343,2024-11-06,CUST-4511,South,Electronics,Wireless Headphones,2,89.99,0.0,179.98,False
ORD-13943,2024-05-04,CUST-3263,South,Electronics,Wireless Headphones,1,89.99,0.0,89.99,False
ORD-13013,2024-05-01,CUST-3538,North,Clothing,Wool Sweater,3,79.99,0.0,239.97,False
ORD-10018,2024-06-26,CUST-3859,North,Clothing,Casual Sneakers,1,89.99,0.2,71.99,False
ORD-11970,2024-01-03,CUST-1850,East,Electronics,Wireless Headphones,5,89.99,0.0,449.95,False
ORD-12709,2024-04-19,CUST-2791,North,Clothing,Denim Jeans,2,59.99,0.05,113.98,False
ORD-12232,2024-12-03,CUST-2661,South,Electronics,Bluetooth Speaker,3,59.99,0.15,152.97,False
ORD-10811,2024-11-24,CUST-1703,North,Clothing,Winter Jacket,2,149.99,0.15,254.98,False
ORD-11300,2024-01-22,CUST-1498,South,Home & Garden,Plant Pot Set,2,34.99,0.0,69.98,True
ORD-14911,2024-07-06,CUST-2047,South,Electronics,LED Monitor,1,299.99,0.05,284.99,False
ORD-10260,2024-08-05,CUST-3522,South,Clothing,Rain Coat,2,119.99,0.05,227.98,False
ORD-11804,2024-05-20,CUST-4321,East,Home & Garden,LED Desk Lamp,1,44.99,0.05,42.74,False
ORD-11570,2024-08-06,CUST-3912,South,Clothing,Denim Jeans,3,59.99,0.0,179.97,False
ORD-14280,2024-03-05,CUST-3092,North,Electronics,USB-C Hub,4,39.99,0.05,151.96,False
ORD-12454,2024-08-07,CUST-2633,East,Electronics,Webcam HD,2,79.99,0.0,159.98,False
ORD-11743,2024-01-09,CUST-4065,North,Clothing,Wool Sweater,3,79.99,0.0,239.97,False
ORD-11630,2024-10-07,CUST-2626,South,Clothing,Rain Coat,1,119.99,0.05,113.99,False
ORD-11716,2024-01-02,CUST-4095,West,Home & Garden,Scented Candles,3,19.99,0.0,59.97,True
ORD-10520,2024-08-17,CUST-2287,South,Electronics,LED Monitor,2,299.99,0.0,599.98,False
ORD-13937,2024-03-15,CUST-4426,South,Home & Garden,Storage Organizer,1,29.99,0.05,28.49,False
ORD-13482,2024-04-19,CUST-2943,East,Home & Garden,Scented Candles,1,19.99,0.0,19.99,False
ORD-11658,2024-05-26,CUST-2602,North,Clothing,Wool Sweater,3,79.99,0.15,203.97,False
ORD-13472,2024-08-24,CUST-1925,North,Home & Garden,LED Desk Lamp,3,44.99,0.0,134.97,False
ORD-12475,2024-12-10,CUST-1933,South,Clothing,Cotton T-Shirt,2,24.99,0.15,42.48,False
ORD-13948,2024-03-06,CUST-3647,South,Home & Garden,LED Desk Lamp,3,44.99,0.0,134.97,False
ORD-13934,2024-04-14,CUST-1735,West,Clothing,Yoga Pants,1,44.99,0.15,38.24,False
ORD-13645,2024-03-17,CUST-3013,North,Electronics,LED Monitor,1,299.99,0.0,299.99,False
ORD-10763,2024-10-23,CUST-4074,North,Clothing,Cotton T-Shirt,1,24.99,0.0,24.99,False
ORD-14703,2024-08-03,CUST-1160,East,Home & Garden,LED Desk Lamp,4,44.99,0.0,179.96,True
ORD-14326,2024-01-25,CUST-3312,East,Electronics,Laptop Stand,2,49.99,0.05,94.98,False
ORD-14427,2024-02-19,CUST-4923,East,Electronics,Mechanical Keyboard,2,129.99,0.05,246.98,False
ORD-11091,2024-09-01,CUST-2451,West,Electronics,LED Monitor,2,299.99,0.0,599.98,False
ORD-13608,2024-12-05,CUST-4491,West,Clothing,Yoga Pants,2,44.99,0.0,89.98,False
ORD-11101,2024-12-20,CUST-4911,North,Home & Garden,Wall Clock,1,39.99,0.1,35.99,False
ORD-14557,2024-10-22,CUST-2773,West,Electronics,Wireless Headphones,2,89.99,0.0,179.98,False
ORD-10958,2024-03-13,CUST-2869,North,Electronics,Webcam HD,3,79.99,0.05,227.97,False
ORD-10559,2024-09-22,CUST-2671,South,Electronics,Wireless Headphones,2,89.99,0.05,170.98,False
ORD-11519,2024-12-10,CUST-3332,East,Home & Garden,Plant Pot Set,2,34.99,0.0,69.98,False
ORD-14909,2024-07-28,CUST-4533,North,Clothing,Casual Sneakers,2,89.99,0.0,179.98,False
ORD-12484,2024-06-24,CUST-4420,East,Home & Garden,Air Purifier,2,159.99,0.05,303.98,False
ORD-10366,2024-12-02,CUST-4652,South,Clothing,Cotton T-Shirt,1,24.99,0.1,22.49,False
ORD-13901,2024-05-15,CUST-1317,East,Electronics,Wireless Headphones,1,89.99,0.0,89.99,False
ORD-11948,2024-05-27,CUST-3354,West,Home & Garden,Storage Organizer,3,29.99,0.0,89.97,False
ORD-14165,2024-05-02,CUST-2604,North,Electronics,Bluetooth Speaker,2,59.99,0.05,113.98,False
ORD-11572,2024-10-24,CUST-4726,South,Electronics,Smart Watch,1,199.99,0.0,199.99,False
ORD-10808,2024-06-24,CUST-4834,West,Electronics,Smart Watch,1,199.99,0.05,189.99,False
ORD-13232,2024-04-18,CUST-3038,East,Home & Garden,Storage Organizer,1,29.99,0.05,28.49,True
ORD-13946,2024-09-27,CUST-2350,South,Electronics,USB-C Hub,2,39.99,0.0,79.98,False
ORD-10011,2024-12-16,CUST-4665,North,Clothing,Yoga Pants,1,44.99,0.1,40.49,True
ORD-12025,2024-04-09,CUST-2969,North,Electronics,Wireless Headphones,1,89.99,0.0,89.99,False
ORD-10176,2024-10-05,CUST-4957,North,Electronics,Webcam HD,5,79.99,0.1,359.96,False
ORD-12488,2024-08-06,CUST-4459,West,Electronics,USB-C Hub,1,39.99,0.0,39.99,False
ORD-13886,2024-12-16,CUST-3455,East,Clothing,Denim Jeans,1,59.99,0.1,53.99,False
ORD-12569,2024-12-14,CUST-2869,North,Electronics,USB-C Hub,3,39.99,0.0,119.97,False
ORD-13520,2024-03-01,CUST-3943,North,Home & Garden,Storage Organizer,3,29.99,0.05,85.47,False
ORD-13760,2024-02-13,CUST-3670,North,Clothing,Running Shoes,1,109.99,0.15,93.49,False
ORD-13282,2024-11-26,CUST-4420,East,Electronics,Laptop Stand,2,49.99,0.0,99.98,False
ORD-11664,2024-12-28,CUST-2862,North,Electronics,LED Monitor,2,299.99,0.0,599.98,False
ORD-12191,2024-12-23,CUST-2895,North,Electronics,LED Monitor,2,299.99,0.0,599.98,False
ORD-14993,2024-09-16,CUST-3151,South,Home & Garden,Scented Candles,1,19.99,0.0,19.99,False
ORD-13370,2024-03-20,CUST-4450,South,Clothing,Denim Jeans,1,59.99,0.1,53.99,False
ORD-12660,2024-06-28,CUST-2877,East,Home & Garden,Air Purifier,2,159.99,0.05,303.98,False
ORD-14252,2024-05-05,CUST-2640,East,Clothing,Wool Sweater,3,79.99,0.0,239.97,False
ORD-13578,2024-10-10,CUST-3974,South,Clothing,Winter Jacket,3,149.99,0.0,449.97,False
ORD-12046,2024-01-21,CUST-1674,East,Electronics,USB-C Hub,1,39.99,0.15,33.99,False
ORD-12624,2024-05-18,CUST-2048,South,Electronics,Mechanical Keyboard,5,129.99,0.1,584.96,False
ORD-13410,2024-06-19,CUST-2898,South,Home & Garden,Plant Pot Set,1,34.99,0.0,34.99,False
ORD-11185,2024-12-20,CUST-3010,North,Electronics,Laptop Stand,2,49.99,0.0,99.98,False
ORD-11006,2024-10-21,CUST-1593,North,Home & Garden,Scented Candles,1,19.99,0.0,19.99,False
ORD-13569,2024-12-11,CUST-1580,East,Clothing,Wool Sweater,2,79.99,0.1,143.98,False
ORD-13737,2024-10-01,CUST-3925,East,Electronics,Smart Watch,1,199.99,0.0,199.99,False
ORD-14656,2024-11-11,CUST-3513,West,Clothing,Denim Jeans,1,59.99,0.1,53.99,False
ORD-12049,2024-02-12,CUST-3305,North,Electronics,Wireless Headphones,1,89.99,0.15,76.49,False
ORD-14011,2024-05-26,CUST-1892,East,Electronics,Webcam HD,3,79.99,0.0,239.97,True
ORD-10269,2024-04-15,CUST-1814,South,Clothing,Running Shoes,2,109.99,0.2,175.98,False
ORD-11993,2024-02-15,CUST-3704,North,Home & Garden,Storage Organizer,1,29.99,0.05,28.49,False
ORD-10265,2024-10-09,CUST-1907,East,Electronics,USB-C Hub,1,39.99,0.0,39.99,False
ORD-10914,2024-07-23,CUST-3791,East,Clothing,Yoga Pants,2,44.99,0.05,85.48,False
ORD-12278,2024-09-02,CUST-3019,East,Electronics,Wireless Headphones,1,89.99,0.0,89.99,False
ORD-12231,2024-01-22,CUST-1435,East,Clothing,Yoga Pants,1,44.99,0.0,44.99,False
ORD-10290,2024-01-13,CUST-3561,East,Electronics,Wireless Headphones,1,89.99,0.0,89.99,True
ORD-12912,2024-10-15,CUST-1816,North,Electronics,Smart Watch,1,199.99,0.0,199.99,False
ORD-12093,2024-07-19,CUST-3976,South,Electronics,USB-C Hub,4,39.99,0.05,151.96,False
ORD-14571,2024-10-15,CUST-4679,North,Electronics,USB-C Hub,1,39.99,0.1,35.99,False
ORD-11652,2024-04-24,CUST-2115,West,Clothing,Yoga Pants,3,44.99,0.05,128.22,False
ORD-14141,2024-02-17,CUST-1606,West,Clothing,Running Shoes,1,109.99,0.1,98.99,False
ORD-14257,2024-06-20,CUST-3205,South,Home & Garden,Coffee Maker,2,69.99,0.05,132.98,False
ORD-13039,2024-07-16,CUST-1771,West,Electronics,Bluetooth Speaker,3,59.99,0.0,179.97,False
ORD-12677,2024-01-07,CUST-3028,West,Clothing,Denim Jeans,1,59.99,0.1,53.99,False
ORD-10288,2024-04-21,CUST-1746,South,Electronics,LED Monitor,1,299.99,0.0,299.99,False
ORD-13107,2024-01-09,CUST-2028,East,Clothing,Denim Jeans,1,59.99,0.15,50.99,False
ORD-14963,2024-10-12,CUST-1451,North,Clothing,Winter Jacket,2,149.99,0.0,299.98,False
ORD-10575,2024-12-21,CUST-3809,North,Electronics,Mechanical Keyboard,1,129.99,0.0,129.99,False
ORD-10850,2024-01-22,CUST-4394,West,Clothing,Running Shoes,2,109.99,0.1,197.98,False
ORD-13883,2024-03-02,CUST-2341,South,Home & Garden,Scented Candles,1,19.99,0.0,19.99,False
ORD-11722,2024-04-09,CUST-2967,North,Home & Garden,Plant Pot Set,1,34.99,0.05,33.24,False
ORD-13949,2024-03-27,CUST-2270,North,Clothing,Yoga Pants,5,44.99,0.1,202.46,False
ORD-11100,2024-01-24,CUST-1849,West,Home & Garden,Plant Pot Set,2,34.99,0.0,69.98,False
ORD-11207,2024-06-24,CUST-4993,North,Clothing,Wool Sweater,3,79.99,0.0,239.97,False
ORD-11843,2024-08-16,CUST-2001,South,Electronics,Laptop Stand,1,49.99,0.05,47.49,False
ORD-11848,2024-12-21,CUST-1558,East,Clothing,Wool Sweater,1,79.99,0.15,67.99,False
ORD-12524,2024-11-26,CUST-2254,South,Clothing,Denim Jeans,2,59.99,0.1,107.98,False
ORD-13947,2024-08-05,CUST-1699,North,Electronics,Mechanical Keyboard,2,129.99,0.05,246.98,False
ORD-11694,2024-05-21,CUST-1413,North,Clothing,Rain Coat,1,119.99,0.15,101.99,False
ORD-14181,2024-10-09,CUST-3729,East,Electronics,Mechanical Keyboard,2,129.99,0.0,259.98,False
ORD-14565,2024-12-08,CUST-4810,North,Clothing,Yoga Pants,2,44.99,0.15,76.48,False
ORD-13960,2024-08-14,CUST-4049,West,Clothing,Running Shoes,2,109.99,0.15,186.98,False
ORD-10233,2024-06-26,CUST-3132,East,Electronics,USB-C Hub,2,39.99,0.05,75.98,False
ORD-13332,2024-03-17,CUST-3196,East,Electronics,Bluetooth Speaker,1,59.99,0.05,56.99,False
ORD-12647,2024-07-10,CUST-2444,South,Electronics,Bluetooth Speaker,3,59.99,0.0,179.97,False
ORD-14041,2024-04-18,CUST-1615,North,Electronics,Webcam HD,2,79.99,0.0,159.98,False
ORD-11711,2024-01-20,CUST-3424,East,Clothing,Cotton T-Shirt,1,24.99,0.1,22.49,False
ORD-10182,2024-12-22,CUST-1907,North,Electronics,Webcam HD,1,79.99,0.0,79.99,False
ORD-11462,2024-02-23,CUST-3232,South,Clothing,Casual Sneakers,1,89.99,0.0,89.99,False
ORD-10049,2024-03-02,CUST-2355,East,Home & Garden,Scented Candles,2,19.99,0.0,39.98,False
ORD-14918,2024-10-24,CUST-3392,South,Home & Garden,Air Purifier,2,159.99,0.0,319.98,False
ORD-14582,2024-11-11,CUST-1274,East,Electronics,Mechanical Keyboard,1,129.99,0.05,123.49,False
ORD-10106,2024-06-12,CUST-1118,West,Home & Garden,Air Purifier,2,159.99,0.1,287.98,False
ORD-10443,2024-05-12,CUST-3357,East,Electronics,Bluetooth Speaker,2,59.99,0.0,119.98,False
ORD-11954,2024-12-26,CUST-4975,East,Clothing,Casual Sneakers,1,89.99,0.25,67.49,False
ORD-14742,2024-01-14,CUST-1932,South,Electronics,Smart Watch,1,199.99,0.05,189.99,False
ORD-10726,2024-02-23,CUST-2570,North,Clothing,Running Shoes,2,109.99,0.0,219.98,False
ORD-12238,2024-01-02,CUST-4320,North,Electronics,Bluetooth Speaker,5,59.99,0.1,269.96,False
ORD-12330,2024-04-26,CUST-4664,South,Electronics,Smart Watch,1,199.99,0.0,199.99,False
ORD-14125,2024-10-16,CUST-1071,South,Electronics,Bluetooth Speaker,2,59.99,0.1,107.98,False
ORD-10169,2024-08-08,CUST-3751,South,Clothing,Rain Coat,1,119.99,0.1,107.99,False
ORD-11001,2024-07-06,CUST-4936,North,Home & Garden,Plant Pot Set,4,34.99,0.0,139.96,False
ORD-13252,2024-08-18,CUST-3425,South,Electronics,LED Monitor,3,299.99,0.0,899.97,False
ORD-12148,2024-06-17,CUST-2491,North,Electronics,LED Monitor,1,299.99,0.15,254.99,False
ORD-10197,2024-12-04,CUST-2704,West,Home & Garden,Air Purifier,4,159.99,0.05,607.96,True
ORD-14591,2024-03-16,CUST-2026,West,Home & Garden,Wall Clock,2,39.99,0.05,75.98,False
ORD-13793,2024-10-02,CUST-3774,North,Clothing,Rain Coat,1,119.99,0.15,101.99,False
ORD-10647,2024-10-10,CUST-3908,North,Clothing,Cotton T-Shirt,2,24.99,0.15,42.48,False
ORD-13035,2024-04-15,CUST-2760,North,Clothing,Yoga Pants,1,44.99,0.15,38.24,False
ORD-14140,2024-05-26,CUST-4107,North,Clothing,Running Shoes,1,109.99,0.15,93.49,False
ORD-13733,2024-07-24,CUST-1411,East,Clothing,Casual Sneakers,5,89.99,0.0,449.95,False
ORD-12758,2024-10-22,CUST-1725,West,Clothing,Winter Jacket,1,149.99,0.0,149.99,False
ORD-10373,2024-10-11,CUST-4258,South,Clothing,Rain Coat,1,119.99,0.1,107.99,False
ORD-14774,2024-05-18,CUST-1587,North,Clothing,Wool Sweater,3,79.99,0.2,191.98,False
ORD-10566,2024-05-15,CUST-3492,East,Home & Garden,Storage Organizer,2,29.99,0.0,59.98,False
ORD-13720,2024-05-24,CUST-4571,South,Electronics,Bluetooth Speaker,1,59.99,0.05,56.99,False
ORD-12895,2024-12-10,CUST-3642,West,Clothing,Running Shoes,1,109.99,0.0,109.99,False
ORD-14556,2024-09-19,CUST-3012,North,Clothing,Cotton T-Shirt,1,24.99,0.1,22.49,False
ORD-13485,2024-08-20,CUST-1041,South,Electronics,Bluetooth Speaker,1,59.99,0.0,59.99,True
ORD-11155,2024-10-02,CUST-3980,South,Clothing,Running Shoes,3,109.99,0.1,296.97,False
ORD-14135,2024-01-21,CUST-2306,North,Electronics,Smart Watch,1,199.99,0.1,179.99,False
ORD-10973,2024-03-27,CUST-4367,West,Clothing,Winter Jacket,2,149.99,0.2,239.98,False
ORD-13287,2024-11-26,CUST-4950,East,Home & Garden,Air Purifier,1,159.99,0.05,151.99,True
ORD-13627,2024-12-15,CUST-1138,South,Clothing,Yoga Pants,2,44.99,0.15,76.48,False
ORD-13638,2024-04-08,CUST-1702,South,Electronics,Bluetooth Speaker,1,59.99,0.0,59.99,False
ORD-11835,2024-09-17,CUST-3093,South,Electronics,Wireless Headphones,1,89.99,0.0,89.99,False
ORD-12308,2024-02-08,CUST-1455,West,Electronics,USB-C Hub,2,39.99,0.05,75.98,False
ORD-11840,2024-05-05,CUST-2505,South,Electronics,Mechanical Keyboard,1,129.99,0.0,129.99,False
ORD-14923,2024-12-15,CUST-3483,South,Home & Garden,LED Desk Lamp,2,44.99,0.0,89.98,True
ORD-12044,2024-12-16,CUST-2860,North,Electronics,USB-C Hub,1,39.99,0.0,39.99,False
ORD-14405,2024-10-22,CUST-1955,South,Electronics,Wireless Headphones,1,89.99,0.15,76.49,False
ORD-14372,2024-01-24,CUST-2038,South,Clothing,Denim Jeans,1,59.99,0.0,59.99,False
ORD-14732,2024-10-13,CUST-3158,West,Home & Garden,Wall Clock,3,39.99,0.0,119.97,False
ORD-14750,2024-05-19,CUST-3766,South,Clothing,Cotton T-Shirt,4,24.99,,99.96,False
ORD-14718,2024-06-08,CUST-4580,North,Home & Garden,Plant Pot Set,2,34.99,0.1,62.98,False
ORD-10844,2024-02-02,CUST-2540,East,Electronics,Mechanical Keyboard,1,129.99,0.1,116.99,False
ORD-14489,2024-07-01,CUST-2296,East,Home & Garden,Plant Pot Set,1,34.99,0.05,33.24,False
ORD-12155,2024-03-05,CUST-1000,North,Electronics,Bluetooth Speaker,2,59.99,0.05,113.98,False
ORD-10349,2024-09-06,CUST-4163,North,Electronics,USB-C Hub,3,39.99,0.05,113.97,False
ORD-10784,2024-03-19,CUST-2277,East,Home & Garden,Scented Candles,1,19.99,0.0,19.99,False
ORD-10047,2024-07-23,CUST-3136,North,Home & Garden,Plant Pot Set,3,34.99,0.1,94.47,False
ORD-13651,2024-05-21,CUST-3009,East,Clothing,Yoga Pants,1,44.99,0.05,42.74,False
ORD-14498,2024-04-05,CUST-1350,North,Electronics,Smart Watch,1,199.99,0.0,199.99,False
ORD-14018,2024-04-25,CUST-2454,East,Clothing,Cotton T-Shirt,2,24.99,0.15,42.48,False
ORD-11439,2024-10-02,CUST-3482,South,Home & Garden,Throw Blanket,2,49.99,0.05,94.98,False
ORD-11865,2024-12-07,CUST-4504,North,Home & Garden,Plant Pot Set,1,34.99,0.05,33.24,True
ORD-13195,2024-07-18,CUST-4280,North,Home & Garden,LED Desk Lamp,2,44.99,0.1,80.98,False
ORD-10033,2024-12-11,CUST-2478,North,Electronics,Webcam HD,2,79.99,0.05,151.98,False
ORD-10787,2024-05-16,CUST-2974,East,Clothing,Winter Jacket,1,149.99,0.15,127.49,False
ORD-14577,2024-03-15,CUST-1406,North,Home & Garden,Storage Organizer,2,29.99,0.0,59.98,False
ORD-12627,2024-10-11,CUST-2539,South,Home & Garden,Throw Blanket,2,49.99,0.0,99.98,False
ORD-10931,2024-11-22,CUST-3491,South,Clothing,Yoga Pants,2,44.99,0.1,80.98,False
ORD-12404,2024-10-23,CUST-4222,North,Home & Garden,Air Purifier,2,159.99,0.0,319.98,True
ORD-11685,2024-12-01,CUST-2350,East,Clothing,Yoga Pants,2,44.99,0.1,80.98,False
ORD-11248,2024-12-12,CUST-2549,South,Home & Garden,Wall Clock,3,39.99,0.0,119.97,False
ORD-14855,2024-03-18,CUST-3856,North,Home & Garden,Plant Pot Set,2,34.99,0.05,66.48,False
ORD-10092,2024-11-21,CUST-4454,North,Home & Garden,Air Purifier,2,159.99,0.0,319.98,False
ORD-12851,2024-04-01,CUST-3172,North,Clothing,Casual Sneakers,4,89.99,0.0,359.96,False
ORD-12793,2024-04-02,CUST-3065,North,Electronics,Webcam HD,3,79.99,0.1,215.97,False
ORD-10764,2024-01-02,CUST-1544,West,Home & Garden,Wall Clock,1,39.99,0.0,39.99,False
ORD-12988,2024-10-27,CUST-3237,South,Home & Garden,Wall Clock,2,39.99,0.0,79.98,True
ORD-12448,2024-01-15,CUST-4823,West,Clothing,Winter Jacket,1,149.99,0.15,127.49,False
ORD-11728,2024-11-17,CUST-2514,North,Electronics,Bluetooth Speaker,1,59.99,0.05,56.99,False
ORD-10257,2024-10-15,CUST-2561,East,Home & Garden,Throw Blanket,3,49.99,0.05,142.47,False
ORD-11219,2024-04-22,CUST-2122,West,Clothing,Cotton T-Shirt,1,24.99,0.0,24.99,False
ORD-11161,2024-02-23,CUST-1528,North,Electronics,Bluetooth Speaker,1,59.99,0.0,59.99,False
ORD-10772,2024-02-12,CUST-4608,West,Clothing,Running Shoes,3,109.99,0.1,296.97,False
ORD-10312,2024-01-28,CUST-1572,South,Electronics,Mechanical Keyboard,1,129.99,0.0,129.99,False
ORD-14386,2024-12-05,CUST-3223,West,Clothing,Running Shoes,2,109.99,0.1,197.98,False
ORD-14032,2024-02-25,CUST-4664,North,Clothing,Wool Sweater,2,79.99,0.25,119.98,False
ORD-14859,2024-12-25,CUST-3771,North,Electronics,Webcam HD,1,79.99,0.1,71.99,False
ORD-12997,2024-04-01,CUST-3075,West,Electronics,Webcam HD,1,79.99,0.0,79.99,False
ORD-14279,2024-05-03,CUST-3984,East,Home & Garden,Storage Organizer,1,29.99,0.1,26.99,True
ORD-11176,2024-11-23,CUST-3619,North,Electronics,Bluetooth Speaker,3,59.99,0.15,152.97,False
ORD-13896,2024-02-25,CUST-2800,North,Electronics,Mechanical Keyboard,3,129.99,0.0,389.97,False
ORD-11349,2024-01-17,CUST-1075,West,Clothing,Denim Jeans,1,59.99,0.05,56.99,False
ORD-13775,2024-12-01,CUST-3737,East,Clothing,Running Shoes,1,109.99,0.05,104.49,False
ORD-13116,2024-10-09,CUST-2235,East,Clothing,Yoga Pants,1,44.99,0.25,33.74,False
ORD-13516,2024-02-10,CUST-4322,West,Electronics,Bluetooth Speaker,1,59.99,0.15,50.99,False
ORD-12298,2024-02-22,CUST-1086,South,Electronics,Laptop Stand,1,49.99,0.05,47.49,False
ORD-12871,2024-12-14,CUST-3926,South,Home & Garden,LED Desk Lamp,1,44.99,0.0,44.99,False
ORD-10391,2024-06-02,CUST-1644,North,Electronics,USB-C Hub,3,39.99,0.0,119.97,False
ORD-11456,2024-10-25,CUST-4858,East,Electronics,Wireless Headphones,1,89.99,0.0,89.99,False
ORD-11092,2024-08-21,CUST-4011,West,Electronics,USB-C Hub,2,39.99,0.05,75.98,False
ORD-13239,2024-07-14,CUST-1339,West,Electronics,Wireless Headphones,2,89.99,0.1,161.98,False
ORD-12778,2024-06-17,CUST-3865,South,Electronics,Bluetooth Speaker,3,59.99,0.05,170.97,False
ORD-14462,2024-12-01,CUST-1150,South,Clothing,Wool Sweater,1,79.99,0.15,67.99,False
ORD-14441,2024-11-09,CUST-1784,West,Electronics,Mechanical Keyboard,2,129.99,0.1,233.98,False
ORD-13656,2024-05-17,CUST-3984,North,Clothing,Running Shoes,2,109.99,0.15,186.98,False
ORD-12583,2024-06-27,CUST-1774,West,Clothing,Casual Sneakers,2,89.99,0.05,170.98,False
ORD-13257,2024-03-26,CUST-3948,South,Electronics,Bluetooth Speaker,2,59.99,0.05,113.98,False
ORD-11372,2024-11-10,CUST-4217,North,Clothing,Rain Coat,3,119.99,0.05,341.97,False
ORD-10919,2024-02-02,CUST-1682,North,Clothing,Winter Jacket,2,149.99,0.0,299.98,False
ORD-14307,2024-09-26,CUST-3352,South,Clothing,Running Shoes,1,109.99,0.1,98.99,False
ORD-12550,2024-05-14,CUST-1420,North,Electronics,Wireless Headphones,2,89.99,0.05,170.98,False
ORD-10537,2024-04-01,CUST-3410,East,Clothing,Rain Coat,3,119.99,0.0,359.97,False
ORD-11220,2024-12-15,CUST-1177,East,Electronics,USB-C Hub,1,39.99,0.1,35.99,False
ORD-14271,2024-12-01,CUST-4681,East,Electronics,USB-C Hub,1,39.99,0.0,39.99,False
